{"loss":{"0":2.0123054981,"1":1.5436855555,"2":1.4275017977,"3":1.3367352486,"4":1.3255161047,"5":1.2478305101,"6":1.1617721319,"7":1.1115002632,"8":1.1503347158,"9":1.0297054052,"10":1.0712404251,"11":0.9642142653,"12":0.9310561419,"13":0.8696988225,"14":0.9007969499,"15":0.8360062838,"16":0.807325542,"17":0.8054091334,"18":0.7917993665,"19":0.6928275228,"20":0.6493242979,"21":0.6901650429,"22":0.6904767156,"23":0.6291986704,"24":0.6238207221,"25":0.6128571033,"26":0.6173028946,"27":0.5663830042,"28":0.5835101008,"29":0.5132114887,"30":0.5220614672,"31":0.5000759363,"32":0.5086809993,"33":0.5026515722,"34":0.4691700637,"35":0.438829124,"36":0.4180486798,"37":0.3885340095,"38":0.3635385633,"39":0.3526549339},"recall":{"0":0.1428571492,"1":0.2132936567,"2":0.2341269851,"3":0.2926587164,"4":0.284722209,"5":0.3293650746,"6":0.3621031642,"7":0.4236111045,"8":0.4077380896,"9":0.4880952239,"10":0.4226190448,"11":0.5109127164,"12":0.5029761791,"13":0.5466269851,"14":0.5446428657,"15":0.571428597,"16":0.5942460299,"17":0.597222209,"18":0.597222209,"19":0.6279761791,"20":0.6865079403,"21":0.6835317612,"22":0.6646825671,"23":0.696428597,"24":0.7103174329,"25":0.6994047761,"26":0.7162698507,"27":0.722222209,"28":0.7123016119,"29":0.7549602985,"30":0.7440476418,"31":0.7668650746,"32":0.7728174329,"33":0.7490079403,"34":0.793650806,"35":0.7986111045,"36":0.8065476418,"37":0.840277791,"38":0.8323412538,"39":0.8432539701},"val_loss":{"0":1.4806258678,"1":1.3494685888,"2":1.288933754,"3":1.3299201727,"4":1.2508083582,"5":1.2583470345,"6":1.2365311384,"7":1.3785905838,"8":1.252401948,"9":1.2328698635,"10":1.2141692638,"11":1.1095453501,"12":1.1020659208,"13":1.113168478,"14":1.1676956415,"15":1.1674004793,"16":1.1903457642,"17":1.1909897327,"18":1.1326651573,"19":1.1817984581,"20":1.0971037149,"21":1.1962949038,"22":1.1517959833,"23":1.1383264065,"24":1.2368516922,"25":1.2264745235,"26":1.1848567724,"27":1.308781743,"28":1.3429145813,"29":1.2804377079,"30":1.3661825657,"31":1.2759979963,"32":1.2653872967,"33":1.2408828735,"34":1.3416891098,"35":1.2974311113,"36":1.3431199789,"37":1.3216477633,"38":1.4365524054,"39":1.5419152975},"val_recall":{"0":0.3241106868,"1":0.3794466257,"2":0.3636363745,"3":0.2292490155,"4":0.3122529685,"5":0.3359683752,"6":0.4545454681,"7":0.3873517811,"8":0.3438735306,"9":0.3280632496,"10":0.4031620622,"11":0.4031620622,"12":0.4703557193,"13":0.4426877499,"14":0.4743083119,"15":0.4624505937,"16":0.5098814368,"17":0.5138339996,"18":0.4189723432,"19":0.5217391253,"20":0.5256916881,"21":0.4980237186,"22":0.4940711558,"23":0.5652173758,"24":0.4703557193,"25":0.5019763112,"26":0.5019763112,"27":0.5217391253,"28":0.5335968137,"29":0.5138339996,"30":0.5889328122,"31":0.5494071245,"32":0.5573122501,"33":0.5177865624,"34":0.505928874,"35":0.5296442509,"36":0.5335968137,"37":0.5494071245,"38":0.5731225014,"39":0.5770751238}}