{"loss":{"0":2.2243280411,"1":1.6423994303,"2":1.3940457106,"3":1.2245527506,"4":1.0035569668,"5":0.8540531993,"6":0.7558910847,"7":0.6481181383,"8":0.5681499839,"9":0.5027590394,"10":0.4381132424,"11":0.3795748651,"12":0.3328168094,"13":0.2893348634,"14":0.2529001534,"15":0.2212743163,"16":0.1884040236,"17":0.1787354648,"18":0.1270376593,"19":0.114579998,"20":0.1329195648,"21":0.1347359866,"22":0.1521491706,"23":0.1282598674,"24":0.1064860821,"25":0.0938367844,"26":0.0833256468,"27":0.1018782556,"28":0.0897105411,"29":0.0968968719,"30":0.0695904717,"31":0.0775883123,"32":0.0863024816,"33":0.0967068896,"34":0.1032271162,"35":0.1281744391,"36":0.096490331,"37":0.1081087291,"38":0.080538176,"39":0.0630664825,"40":0.0697668865,"41":0.0580794737,"42":0.0834673122,"43":0.0736643597,"44":0.0754729509,"45":0.0689118505,"46":0.0613480657,"47":0.0528160669,"48":0.0602991916,"49":0.0460710116},"recall":{"0":0.0581973046,"1":0.173172459,"2":0.2980837524,"3":0.3584102094,"4":0.454222858,"5":0.5251951814,"6":0.5777146816,"7":0.6394606233,"8":0.6905606985,"9":0.7295954823,"10":0.7721788287,"11":0.8083747625,"12":0.8566359282,"13":0.8658623099,"14":0.8885734677,"15":0.9063165188,"16":0.9205110073,"17":0.9332860112,"18":0.9474804997,"19":0.9488999248,"20":0.9460610151,"21":0.9460610151,"22":0.9432221651,"23":0.9481902122,"24":0.9538679719,"25":0.957416594,"26":0.9659332633,"27":0.9588360786,"28":0.9595457911,"29":0.9581263065,"30":0.9645138383,"31":0.9645138383,"32":0.9645138383,"33":0.9588360786,"34":0.9531582594,"35":0.9524485469,"36":0.9581263065,"37":0.9496096373,"38":0.9666430354,"39":0.9680624604,"40":0.9645138383,"41":0.9730305076,"42":0.9638041258,"43":0.9638041258,"44":0.9652235508,"45":0.9673527479,"46":0.9680624604,"47":0.9701915979,"48":0.9701915979,"49":0.97090137},"val_loss":{"0":1.6836643219,"1":1.4551155567,"2":1.282063365,"3":1.1136306524,"4":1.171353817,"5":1.2210764885,"6":1.5749406815,"7":1.452537775,"8":1.3545082808,"9":1.5921447277,"10":1.4770771265,"11":1.6306087971,"12":1.641764164,"13":1.6293959618,"14":1.6078461409,"15":1.723929286,"16":1.8465378284,"17":1.8409460783,"18":1.7707204819,"19":1.7630112171,"20":1.9191013575,"21":1.9704922438,"22":1.8642315865,"23":1.938562274,"24":2.0384178162,"25":1.9862532616,"26":1.9956442118,"27":2.2846727371,"28":2.3892056942,"29":2.3400559425,"30":2.1663713455,"31":2.1544246674,"32":2.3074374199,"33":2.5255200863,"34":2.146235466,"35":2.0641140938,"36":2.1488878727,"37":2.2926232815,"38":2.3799109459,"39":2.4882428646,"40":2.4723258018,"41":2.5750262737,"42":2.4148395061,"43":2.3927481174,"44":2.4116559029,"45":2.315536499,"46":2.4311692715,"47":2.4569661617,"48":2.4477660656,"49":2.5616014004},"val_recall":{"0":0.169960469,"1":0.3596837819,"2":0.3517786562,"3":0.4940711558,"4":0.505928874,"5":0.5335968137,"6":0.5573122501,"7":0.6047430634,"8":0.5731225014,"9":0.6007905006,"10":0.5889328122,"11":0.6403161883,"12":0.592885375,"13":0.5691699386,"14":0.5691699386,"15":0.5810276866,"16":0.592885375,"17":0.5889328122,"18":0.6007905006,"19":0.6245059371,"20":0.6166008115,"21":0.6284584999,"22":0.6086956263,"23":0.6245059371,"24":0.6324110627,"25":0.6166008115,"26":0.592885375,"27":0.6166008115,"28":0.6047430634,"29":0.5968379378,"30":0.6284584999,"31":0.6047430634,"32":0.592885375,"33":0.5968379378,"34":0.6482213736,"35":0.6007905006,"36":0.6679841876,"37":0.6007905006,"38":0.6482213736,"39":0.6363636255,"40":0.6521739364,"41":0.6363636255,"42":0.6561264992,"43":0.6442687511,"44":0.6047430634,"45":0.6442687511,"46":0.6442687511,"47":0.6403161883,"48":0.6363636255,"49":0.6245059371}}