{"loss":{"0":2.4397222996,"1":1.9059618711,"2":1.7051159143,"3":1.5355490446,"4":1.4376038313,"5":1.3451156616,"6":1.2142957449,"7":1.1301848888,"8":1.0735943317,"9":0.9668956995,"10":0.9549915791,"11":0.8720756173,"12":0.8192228079,"13":0.7138714194,"14":0.7152932882,"15":0.7054296732,"16":0.6344527006,"17":0.5607394576,"18":0.4884891212,"19":0.4259413481,"20":0.4129387736,"21":0.404764533,"22":0.3863835037,"23":0.3458500803,"24":0.2880835235,"25":0.2272037417,"26":0.2113608718,"27":0.2320281118,"28":0.2686544657,"29":0.2448559552,"30":0.2341296524,"31":0.2349038273,"32":0.2067970335,"33":0.1989862174,"34":0.1572633684,"35":0.153278634,"36":0.1187260821,"37":0.2029288113,"38":0.1497027725,"39":0.1271260232,"40":0.1062876582,"41":0.1162947044,"42":0.170882538,"43":0.1351047903,"44":0.1122287512,"45":0.1295974255,"46":0.2004476041,"47":0.169012785,"48":0.0974711701,"49":0.1081780568},"recall":{"0":0.0369056053,"1":0.0915542915,"2":0.1490418762,"3":0.2143364102,"4":0.2625975907,"5":0.2959545851,"6":0.3534421623,"7":0.3938963711,"8":0.4158977866,"9":0.4748048186,"10":0.48687011,"11":0.5173882246,"12":0.5542938113,"13":0.6039744616,"14":0.616039753,"15":0.6167494655,"16":0.6692689657,"17":0.7139815688,"18":0.7430801988,"19":0.7856636047,"20":0.794180274,"21":0.8012775183,"22":0.8112136126,"23":0.8225691915,"24":0.8679915071,"25":0.8885734677,"26":0.9127040505,"27":0.9041873813,"28":0.8892831802,"29":0.8935415149,"30":0.9098651409,"31":0.8999290466,"32":0.9141234756,"33":0.9148331881,"34":0.9368346334,"35":0.9453513026,"36":0.9538679719,"37":0.9169623852,"38":0.941092968,"39":0.9467707872,"40":0.9595457911,"41":0.9552874565,"42":0.9325762987,"43":0.9446415901,"44":0.957416594,"45":0.9481902122,"46":0.9169623852,"47":0.9403832555,"48":0.955997169,"49":0.9552874565},"val_loss":{"0":1.7019472122,"1":1.5504523516,"2":1.4560923576,"3":1.3827844858,"4":1.330774188,"5":1.3003615141,"6":1.2461178303,"7":1.2179069519,"8":1.224686265,"9":1.1991058588,"10":1.241554141,"11":1.1984651089,"12":1.2301596403,"13":1.3709173203,"14":1.2746436596,"15":1.3891868591,"16":1.4505615234,"17":1.4219162464,"18":1.5287724733,"19":1.5993207693,"20":1.7399369478,"21":1.7399183512,"22":1.8557887077,"23":1.6528073549,"24":1.7941697836,"25":1.7747396231,"26":1.9398159981,"27":1.7985492945,"28":2.058768034,"29":2.0778341293,"30":2.4285917282,"31":2.1052291393,"32":1.9317545891,"33":2.0067975521,"34":2.1094346046,"35":2.2212028503,"36":2.3992195129,"37":2.2994408607,"38":2.1623692513,"39":2.1807582378,"40":2.1554887295,"41":2.2963962555,"42":2.2072515488,"43":2.3054907322,"44":2.3856799603,"45":2.5299215317,"46":2.3510341644,"47":2.054267168,"48":2.2717695236,"49":2.3155834675},"val_recall":{"0":0.0197628457,"1":0.118577078,"2":0.2411067188,"3":0.2608695626,"4":0.3320158124,"5":0.3557312191,"6":0.3241106868,"7":0.422924906,"8":0.4743083119,"9":0.4782608747,"10":0.5296442509,"11":0.5573122501,"12":0.5810276866,"13":0.5652173758,"14":0.5494071245,"15":0.5533596873,"16":0.5770751238,"17":0.5849802494,"18":0.5652173758,"19":0.5770751238,"20":0.5652173758,"21":0.5494071245,"22":0.5691699386,"23":0.5849802494,"24":0.592885375,"25":0.5849802494,"26":0.6047430634,"27":0.6007905006,"28":0.5612648129,"29":0.5889328122,"30":0.5889328122,"31":0.5691699386,"32":0.5573122501,"33":0.5849802494,"34":0.5612648129,"35":0.5968379378,"36":0.5731225014,"37":0.5810276866,"38":0.592885375,"39":0.5889328122,"40":0.592885375,"41":0.6047430634,"42":0.5691699386,"43":0.5968379378,"44":0.6047430634,"45":0.592885375,"46":0.592885375,"47":0.6007905006,"48":0.5849802494,"49":0.6086956263}}