{"loss":{"0":2.0988783836,"1":1.5619659424,"2":1.4074006081,"3":1.2633992434,"4":1.0857274532,"5":1.0088802576,"6":0.9113565683,"7":0.7801882625,"8":0.6736766696,"9":0.7343421578,"10":0.5882606506,"11":0.5759118199,"12":0.4621883631,"13":0.4298728704,"14":0.3727550805,"15":0.3365713954,"16":0.3037891686,"17":0.2858852744,"18":0.2932097018,"19":0.2739804089,"20":0.1803563535,"21":0.1441106647,"22":0.1546244174,"23":0.2801255286,"24":0.1724530458,"25":0.1459834874,"26":0.1931233108,"27":0.129271552,"28":0.1466946602,"29":0.1369243413,"30":0.1571090519,"31":0.2210168988,"32":0.1354015768,"33":0.1123417243,"34":0.1048537865,"35":0.241335392,"36":0.1603723168,"37":0.1383933127,"38":0.1002674922,"39":0.1152895615,"40":0.2276704609,"41":0.1489617229,"42":0.1315909773,"43":0.0615371317,"44":0.067517072,"45":0.0629597828,"46":0.0663314164,"47":0.0772578791,"48":0.0800471231,"49":0.09130878},"recall":{"0":0.0986515284,"1":0.2051100135,"2":0.27111426,"3":0.3392477036,"4":0.4151880741,"5":0.4733853936,"6":0.5379701853,"7":0.5982966423,"8":0.6635912061,"9":0.6529453397,"10":0.7239176631,"11":0.7253371477,"12":0.7977288961,"13":0.8097941875,"14":0.8488289714,"15":0.8687012196,"16":0.8743789792,"17":0.8871539831,"18":0.8814762235,"19":0.898509562,"20":0.9276082516,"21":0.9439318776,"22":0.9368346334,"23":0.8892831802,"24":0.9304471016,"25":0.9517388344,"26":0.9389638305,"27":0.9496096373,"28":0.9403832555,"29":0.9453513026,"30":0.9439318776,"31":0.9276082516,"32":0.9460610151,"33":0.9524485469,"34":0.9581263065,"35":0.9176720977,"36":0.9297373891,"37":0.9481902122,"38":0.9552874565,"39":0.9481902122,"40":0.9276082516,"41":0.939673543,"42":0.9453513026,"43":0.9723207951,"44":0.9765791297,"45":0.9659332633,"46":0.97090137,"47":0.9687721729,"48":0.9638041258,"49":0.9645138383},"val_loss":{"0":2.3306322098,"1":1.3031755686,"2":1.33492136,"3":1.3139402866,"4":1.4989931583,"5":1.5030837059,"6":1.6423857212,"7":1.5010861158,"8":1.9856512547,"9":1.3239129782,"10":1.5792981386,"11":1.8008079529,"12":1.5997177362,"13":1.8035786152,"14":1.7669091225,"15":1.8964709044,"16":2.0729632378,"17":2.516607523,"18":2.7382900715,"19":1.9456458092,"20":1.9138447046,"21":2.080953598,"22":2.3471200466,"23":1.9600716829,"24":2.3185579777,"25":2.3837924004,"26":2.0207614899,"27":2.2786066532,"28":2.5656297207,"29":2.118714571,"30":2.3508806229,"31":2.4484024048,"32":2.228720665,"33":2.5499167442,"34":2.5462815762,"35":1.9388602972,"36":2.0496621132,"37":1.9069156647,"38":2.2572510242,"39":2.782854557,"40":1.9840778112,"41":2.2655589581,"42":1.9635148048,"43":2.5996463299,"44":2.3753592968,"45":2.5057592392,"46":2.928000927,"47":3.0791506767,"48":2.97103405,"49":2.5498564243},"val_recall":{"0":0.3003952503,"1":0.3636363745,"2":0.4347825944,"3":0.4150197506,"4":0.4782608747,"5":0.5217391253,"6":0.5652173758,"7":0.5296442509,"8":0.4743083119,"9":0.5375494361,"10":0.5375494361,"11":0.4782608747,"12":0.592885375,"13":0.6284584999,"14":0.5454545617,"15":0.5810276866,"16":0.6205533743,"17":0.6245059371,"18":0.5889328122,"19":0.6205533743,"20":0.6284584999,"21":0.6324110627,"22":0.6126482487,"23":0.5889328122,"24":0.6086956263,"25":0.6205533743,"26":0.6166008115,"27":0.5770751238,"28":0.5849802494,"29":0.6284584999,"30":0.6205533743,"31":0.6007905006,"32":0.6363636255,"33":0.6403161883,"34":0.6166008115,"35":0.5652173758,"36":0.6047430634,"37":0.6245059371,"38":0.6007905006,"39":0.6166008115,"40":0.5810276866,"41":0.5454545617,"42":0.6047430634,"43":0.6324110627,"44":0.6205533743,"45":0.6521739364,"46":0.660079062,"47":0.6363636255,"48":0.6126482487,"49":0.6245059371}}