{"loss":{"0":7.3803310394,"1":2.3700516224,"2":2.0222089291,"3":1.7867360115,"4":1.8545516729,"5":1.6646130085,"6":1.5764541626,"7":1.5337421894,"8":1.403467536,"9":1.3376938105,"10":1.3053847551,"11":1.216162324,"12":1.1658958197,"13":1.2392840385,"14":1.0608434677,"15":1.1442232132,"16":1.1003352404,"17":0.918192625,"18":0.9082214236,"19":0.8590099812,"20":0.8119890094,"21":0.7429332733,"22":0.6915090084,"23":0.6134703159,"24":0.6042228341,"25":0.5948847532,"26":0.491391927,"27":0.4678073227,"28":0.594994247,"29":0.5983242393,"30":0.4818705618,"31":0.4830841124,"32":0.3864840567,"33":0.376170069,"34":0.4219707847,"35":0.3432086408,"36":0.4197263718,"37":0.3789080679,"38":0.3138788044,"39":0.4505028725,"40":0.281398654,"41":0.3247677386,"42":0.2845877707,"43":0.2462459207,"44":0.2700829804,"45":0.2008788884,"46":0.2060010582,"47":0.1801053733,"48":0.1678679883,"49":0.1803535968},"recall":{"0":0.1540099382,"1":0.1561391056,"2":0.1483321488,"3":0.1696238518,"4":0.1873669326,"5":0.2036905587,"6":0.2420156151,"7":0.2476934046,"8":0.3037615418,"9":0.3129879236,"10":0.3548616171,"11":0.3860894144,"12":0.4109297395,"13":0.3995741606,"14":0.4442867339,"15":0.454222858,"16":0.464158982,"17":0.5024840236,"18":0.5251951814,"19":0.5592618585,"20":0.5926188827,"21":0.6103619337,"22":0.661462009,"23":0.6955287457,"24":0.7139815688,"25":0.7125620842,"26":0.7579843998,"27":0.7601135373,"28":0.7324343324,"29":0.735273242,"30":0.7764371634,"31":0.7828246951,"32":0.8097941875,"33":0.8261178136,"34":0.8154719472,"35":0.838183105,"36":0.8161816597,"37":0.8346344829,"38":0.8587650657,"39":0.8268275261,"40":0.8786373138,"41":0.8701206446,"42":0.8772178888,"43":0.8977998495,"44":0.8899928927,"45":0.9105748534,"46":0.9141234756,"47":0.9276082516,"48":0.9247693419,"49":0.9254790545},"val_loss":{"0":1.6982141733,"1":1.7314662933,"2":1.5317788124,"3":1.5318456888,"4":1.4597566128,"5":1.4238165617,"6":1.4804946184,"7":1.4018677473,"8":1.3063662052,"9":1.2961331606,"10":1.2621098757,"11":1.2994273901,"12":1.2457761765,"13":1.2574678659,"14":1.1865735054,"15":1.3198717833,"16":1.2600741386,"17":1.1549528837,"18":1.3461773396,"19":1.3053879738,"20":1.1946461201,"21":1.2208731174,"22":1.2520891428,"23":1.3605798483,"24":1.3618962765,"25":1.3333319426,"26":1.4029685259,"27":1.519467473,"28":1.5616182089,"29":1.3050529957,"30":1.4789956808,"31":1.4425173998,"32":1.5293799639,"33":1.4565204382,"34":1.5729179382,"35":1.7780482769,"36":1.6241830587,"37":1.645588398,"38":1.6352484226,"39":1.6722155809,"40":1.7901923656,"41":1.7393424511,"42":1.6932872534,"43":1.8372263908,"44":1.8596601486,"45":1.880407691,"46":1.8472369909,"47":1.9040555954,"48":1.8469256163,"49":1.9395656586},"val_recall":{"0":0.1264822185,"1":0.0355731212,"2":0.0632411093,"3":0.0948616564,"4":0.1304347813,"5":0.1462450624,"6":0.0948616564,"7":0.2490118593,"8":0.2885375619,"9":0.3201580942,"10":0.339920938,"11":0.3596837819,"12":0.3359683752,"13":0.407114625,"14":0.407114625,"15":0.3992094994,"16":0.3992094994,"17":0.4901185632,"18":0.4980237186,"19":0.4861660004,"20":0.4782608747,"21":0.5533596873,"22":0.5296442509,"23":0.5731225014,"24":0.5691699386,"25":0.6007905006,"26":0.5968379378,"27":0.5415019989,"28":0.5375494361,"29":0.5889328122,"30":0.5968379378,"31":0.6047430634,"32":0.6245059371,"33":0.5849802494,"34":0.592885375,"35":0.592885375,"36":0.6007905006,"37":0.6521739364,"38":0.5810276866,"39":0.5889328122,"40":0.5849802494,"41":0.6245059371,"42":0.6284584999,"43":0.6166008115,"44":0.6363636255,"45":0.6245059371,"46":0.6324110627,"47":0.6205533743,"48":0.592885375,"49":0.6521739364}}