{"loss":{"0":2.6075716019,"1":1.8272069693,"2":1.5926237106,"3":1.4597755671,"4":1.3357160091,"5":1.2478647232,"6":1.2241213322,"7":1.0960704088,"8":1.0197018385,"9":1.0238133669,"10":0.9373844862,"11":0.849429965,"12":0.8046569824,"13":0.7122047544,"14":0.7478992343,"15":0.7150312066,"16":0.629966259,"17":0.6952560544,"18":0.5611510277,"19":0.6635603905,"20":0.5103672147,"21":0.4522209167,"22":0.469689399,"23":0.4532996118,"24":0.4052727818,"25":0.4861987829,"26":0.6881234646,"27":0.7003529072,"28":0.5140100718,"29":0.4496285021,"30":0.6782855392,"31":0.46657601,"32":0.3508301079,"33":0.425306797,"34":0.3581571877,"35":0.2884379923,"36":0.6488699317,"37":1.0621652603,"38":0.4600556791,"39":0.5793725252,"40":0.3880291581,"41":0.3217046857,"42":0.3588350415,"43":0.3421173096,"44":0.2628272474,"45":0.3683615625,"46":0.3867922723,"47":0.5102546811,"48":0.337213099,"49":0.3021845222},"recall":{"0":0.0525195189,"1":0.1220723912,"2":0.2157558501,"3":0.264726758,"4":0.3179560006,"5":0.3718949556,"6":0.3974449933,"7":0.4343506098,"8":0.4783534408,"9":0.5024840236,"10":0.5188076496,"11":0.5599716306,"12":0.5869410634,"13":0.6252661347,"14":0.632363379,"15":0.6259758472,"16":0.6664301157,"17":0.6536550522,"18":0.7083037496,"19":0.6721078753,"20":0.7331440449,"21":0.7686302066,"22":0.7821149826,"23":0.7856636047,"24":0.794180274,"25":0.7906316519,"26":0.7139815688,"27":0.6799148321,"28":0.7523065805,"29":0.7849538922,"30":0.7402412891,"31":0.7657913566,"32":0.8332150578,"33":0.8183108568,"34":0.8317955732,"35":0.8608942628,"36":0.7970191836,"37":0.7047551274,"38":0.7743080258,"39":0.7480482459,"40":0.8105039001,"41":0.8410220146,"42":0.854506731,"43":0.8289567232,"44":0.8757984638,"45":0.8502483964,"46":0.8509581089,"47":0.7977288961,"48":0.8481192589,"49":0.8616039753},"val_loss":{"0":1.600767374,"1":1.3900722265,"2":1.2308650017,"3":1.1565638781,"4":1.1184942722,"5":1.036719203,"6":1.0621635914,"7":1.0801644325,"8":1.0440350771,"9":1.020062089,"10":1.0584275723,"11":1.1084164381,"12":1.1404447556,"13":1.2151374817,"14":1.1575837135,"15":1.6671051979,"16":1.2543305159,"17":1.250729084,"18":1.3290675879,"19":1.4055466652,"20":1.389359355,"21":1.5993140936,"22":1.5185670853,"23":1.5187797546,"24":1.6042164564,"25":1.8354613781,"26":1.5689775944,"27":1.5001095533,"28":1.5778765678,"29":1.7333366871,"30":1.6095018387,"31":2.275441885,"32":1.9148602486,"33":2.0496218204,"34":2.0777721405,"35":2.4228613377,"36":2.070868969,"37":2.0050740242,"38":1.8274358511,"39":1.6836806536,"40":1.8829214573,"41":1.92402637,"42":2.1000182629,"43":2.3181371689,"44":2.1862471104,"45":2.781621933,"46":2.4569244385,"47":2.4814035892,"48":2.0425405502,"49":2.3686630726},"val_recall":{"0":0.0909090936,"1":0.18577075,"2":0.3359683752,"3":0.3833992183,"4":0.4387351871,"5":0.4466403127,"6":0.4743083119,"7":0.5019763112,"8":0.5375494361,"9":0.505928874,"10":0.5454545617,"11":0.5968379378,"12":0.5494071245,"13":0.5810276866,"14":0.5296442509,"15":0.5256916881,"16":0.5968379378,"17":0.6007905006,"18":0.5415019989,"19":0.6007905006,"20":0.5691699386,"21":0.6086956263,"22":0.5612648129,"23":0.6007905006,"24":0.5810276866,"25":0.5849802494,"26":0.5889328122,"27":0.5375494361,"28":0.5691699386,"29":0.5335968137,"30":0.5335968137,"31":0.5810276866,"32":0.5889328122,"33":0.5731225014,"34":0.5573122501,"35":0.5968379378,"36":0.5573122501,"37":0.5494071245,"38":0.5810276866,"39":0.5612648129,"40":0.5691699386,"41":0.5889328122,"42":0.5849802494,"43":0.5810276866,"44":0.5731225014,"45":0.592885375,"46":0.5652173758,"47":0.5494071245,"48":0.5770751238,"49":0.5849802494}}