{"loss":{"0":2.3204567432,"1":1.7426632643,"2":1.529374361,"3":1.4388506413,"4":1.257065773,"5":1.1716113091,"6":1.0416067839,"7":0.9449472427,"8":0.8624082804,"9":0.7404357195,"10":0.7367520928,"11":0.6454321146,"12":0.5512394309,"13":0.5117487311,"14":0.4543957412,"15":0.3894659281,"16":0.3491002917,"17":0.3116924763,"18":0.316896081,"19":0.2723661065,"20":0.2612048984,"21":0.2247249931,"22":0.1706672311,"23":0.1436735392,"24":0.1708591431,"25":0.1349191517,"26":0.1292671561,"27":0.1701293737,"28":0.1729995906,"29":0.154066056,"30":0.1290108562,"31":0.0857323259,"32":0.1162869185,"33":0.1720859706,"34":0.1309314221,"35":0.0999683663,"36":0.1179235801,"37":0.1072550789,"38":0.0918992609,"39":0.0727893189,"40":0.0766044781,"41":0.0915227011,"42":0.0796948224,"43":0.0922007188,"44":0.1005367413,"45":0.0787560716,"46":0.0873720273,"47":0.0657912046,"48":0.1163619235,"49":0.0807127506},"recall":{"0":0.0660042614,"1":0.1369765848,"2":0.205819726,"3":0.2625975907,"4":0.3435060382,"5":0.3591199517,"6":0.4471256137,"7":0.4889992774,"8":0.5259048939,"9":0.5904896855,"10":0.5919091702,"11":0.6607522964,"12":0.7118523717,"13":0.7303051949,"14":0.7643718719,"15":0.8097941875,"16":0.8317955732,"17":0.8516678214,"18":0.8502483964,"19":0.8701206446,"20":0.8836054206,"21":0.9112846255,"22":0.9283179641,"23":0.939673543,"24":0.9332860112,"25":0.942512393,"26":0.9510291219,"27":0.9276082516,"28":0.9290276766,"29":0.9382540584,"30":0.9467707872,"31":0.9623846412,"32":0.9524485469,"33":0.9318665862,"34":0.9524485469,"35":0.9623846412,"36":0.9496096373,"37":0.957416594,"38":0.9616749287,"39":0.9687721729,"40":0.9687721729,"41":0.9638041258,"42":0.9673527479,"43":0.9645138383,"44":0.9524485469,"45":0.9666430354,"46":0.9638041258,"47":0.9687721729,"48":0.9531582594,"49":0.9666430354},"val_loss":{"0":1.5356272459,"1":1.4032406807,"2":1.3300303221,"3":1.2895749807,"4":1.2786245346,"5":1.2091038227,"6":1.1550813913,"7":1.2059088945,"8":1.2637815475,"9":1.220080018,"10":1.3948898315,"11":1.5305793285,"12":1.6272127628,"13":1.772135973,"14":1.5970571041,"15":1.5295602083,"16":1.6499732733,"17":1.7361932993,"18":1.9793058634,"19":1.9461488724,"20":2.0024261475,"21":2.4228057861,"22":2.0479288101,"23":2.0724110603,"24":1.8374158144,"25":2.0363559723,"26":2.1050291061,"27":2.0997934341,"28":2.354259491,"29":2.0134730339,"30":1.9295991659,"31":2.0039310455,"32":1.8545461893,"33":1.9393267632,"34":2.0109221935,"35":2.1149773598,"36":2.0296397209,"37":2.0477318764,"38":2.3448722363,"39":2.2372887135,"40":2.2654397488,"41":2.5468969345,"42":2.316640377,"43":2.6255276203,"44":2.7277626991,"45":2.4506311417,"46":2.4054710865,"47":2.5209155083,"48":2.578193903,"49":2.5981123447},"val_recall":{"0":0.169960469,"1":0.237154156,"2":0.3003952503,"3":0.2924901247,"4":0.3794466257,"5":0.3952569067,"6":0.4387351871,"7":0.5494071245,"8":0.5296442509,"9":0.5335968137,"10":0.5494071245,"11":0.5810276866,"12":0.6166008115,"13":0.592885375,"14":0.6047430634,"15":0.5968379378,"16":0.6245059371,"17":0.6245059371,"18":0.6086956263,"19":0.6245059371,"20":0.6126482487,"21":0.5652173758,"22":0.6086956263,"23":0.6324110627,"24":0.6086956263,"25":0.6086956263,"26":0.6047430634,"27":0.6442687511,"28":0.6324110627,"29":0.6403161883,"30":0.6363636255,"31":0.6324110627,"32":0.6205533743,"33":0.6007905006,"34":0.6047430634,"35":0.6245059371,"36":0.6284584999,"37":0.6166008115,"38":0.6166008115,"39":0.6324110627,"40":0.6086956263,"41":0.6205533743,"42":0.6086956263,"43":0.6324110627,"44":0.660079062,"45":0.6363636255,"46":0.6205533743,"47":0.6324110627,"48":0.6166008115,"49":0.6324110627}}