{"loss":{"0":8.5676670074,"1":3.8906152248,"2":2.6811375618,"3":2.3175981045,"4":2.1053071022,"5":2.0820934772,"6":1.9190050364,"7":1.8690599203,"8":1.7810640335,"9":1.7392718792,"10":1.7332774401,"11":1.6522750854,"12":1.6059345007,"13":1.5805120468,"14":1.543489933,"15":1.5437611341,"16":1.5254663229,"17":1.5158858299,"18":1.4725320339,"19":1.440295577,"20":1.4248156548,"21":1.3240910769,"22":1.3801925182,"23":1.3036030531,"24":1.3057920933,"25":1.2509253025,"26":1.2336207628,"27":1.1724618673,"28":1.2161000967,"29":1.1681108475,"30":1.1715397835,"31":1.1675707102,"32":1.1540480852,"33":1.1470378637,"34":1.075480938,"35":1.0950096846,"36":1.0505002737,"37":1.0430932045,"38":1.0005538464,"39":1.0002897978,"40":0.9554584622,"41":0.9606481194,"42":0.9341047406,"43":0.9395259619,"44":0.8851260543,"45":0.9237763286,"46":0.9132435322,"47":0.8394503593,"48":0.829649508,"49":0.8573521972},"recall":{"0":0.1753016263,"1":0.1831085831,"2":0.1802696884,"3":0.1540099382,"4":0.1511710435,"5":0.1525904834,"6":0.1596877277,"7":0.1504613161,"8":0.1760113537,"9":0.199432224,"10":0.1916252673,"11":0.2200141996,"12":0.2448545098,"13":0.2391767204,"14":0.2533711791,"15":0.2448545098,"16":0.2668559253,"17":0.2562100887,"18":0.2895670831,"19":0.2916962504,"20":0.3080198765,"21":0.3193754554,"22":0.3136976659,"23":0.3406671286,"24":0.3314407468,"25":0.367636621,"26":0.3647977412,"27":0.4045422375,"28":0.3896380365,"29":0.3882185817,"30":0.4144783616,"31":0.4031227827,"32":0.4073811173,"33":0.4279631078,"34":0.449254781,"35":0.4400283992,"36":0.4563520253,"37":0.4669978619,"38":0.4804826081,"39":0.4776437283,"40":0.5074520707,"41":0.5053229332,"42":0.5188076496,"43":0.5166785121,"44":0.5287438035,"45":0.5180979371,"46":0.5322924256,"47":0.5500354767,"48":0.5670688152,"49":0.5599716306},"val_loss":{"0":1.9078241587,"1":1.6636356115,"2":1.6659749746,"3":1.6421626806,"4":1.6003165245,"5":1.6127519608,"6":1.5780870914,"7":1.4977573156,"8":1.4871397018,"9":1.4504327774,"10":1.4387081861,"11":1.410615325,"12":1.4350227118,"13":1.4147744179,"14":1.4180372953,"15":1.3889631033,"16":1.3923544884,"17":1.3604893684,"18":1.3127244711,"19":1.3268660307,"20":1.3296306133,"21":1.3223549128,"22":1.2965072393,"23":1.2760859728,"24":1.2436987162,"25":1.2622389793,"26":1.2267849445,"27":1.255100131,"28":1.2623845339,"29":1.2290730476,"30":1.2677462101,"31":1.2306621075,"32":1.2484401464,"33":1.2377282381,"34":1.2120087147,"35":1.2445555925,"36":1.2268079519,"37":1.2270287275,"38":1.2056652308,"39":1.2262532711,"40":1.1683044434,"41":1.1689250469,"42":1.1694978476,"43":1.1785134077,"44":1.1663033962,"45":1.170065999,"46":1.1853482723,"47":1.1679580212,"48":1.1703681946,"49":1.1465568542},"val_recall":{"0":0.2252964377,"1":0.2213438749,"2":0.0988142267,"3":0.0553359687,"4":0.0909090936,"5":0.0869565234,"6":0.0909090936,"7":0.1067193672,"8":0.1422924846,"9":0.1660079062,"10":0.1818181872,"11":0.1936758906,"12":0.1976284534,"13":0.1976284534,"14":0.18577075,"15":0.2134387344,"16":0.2332015783,"17":0.2490118593,"18":0.2806324065,"19":0.3122529685,"20":0.2727272809,"21":0.3003952503,"22":0.2766798437,"23":0.3280632496,"24":0.3162055314,"25":0.3320158124,"26":0.3873517811,"27":0.3478260934,"28":0.3557312191,"29":0.3873517811,"30":0.3517786562,"31":0.3833992183,"32":0.3596837819,"33":0.3754940629,"34":0.3952569067,"35":0.3873517811,"36":0.3754940629,"37":0.3715415001,"38":0.3913043439,"39":0.4189723432,"40":0.4466403127,"41":0.4466403127,"42":0.4268774688,"43":0.4387351871,"44":0.4664031565,"45":0.4545454681,"46":0.422924906,"47":0.4505928755,"48":0.4782608747,"49":0.4743083119}}