{"loss":{"0":8.0058450699,"1":3.2934947014,"2":2.2628769875,"3":1.9558265209,"4":1.6799491644,"5":1.5237951279,"6":1.3695027828,"7":1.2885556221,"8":1.1945791245,"9":1.0831838846,"10":1.0324845314,"11":0.9238770604,"12":0.8810667992,"13":0.8403836489,"14":0.8162153959,"15":0.7053104639,"16":0.6772612333,"17":0.6241973042,"18":0.5888405442,"19":0.5785474181,"20":0.5172393918,"21":0.5075277686,"22":0.4576253593,"23":0.4311866164,"24":0.4092581272,"25":0.373162955,"26":0.3740618229,"27":0.3658258915,"28":0.4420955181,"29":0.3658350706,"30":0.3433134854,"31":0.3696553409,"32":0.3087536693,"33":0.3137504756,"34":0.303974092,"35":0.3148507774,"36":0.2851319611,"37":0.2369729578,"38":0.2495841235,"39":0.2855601609,"40":0.2439089864,"41":0.205695793,"42":0.216153577,"43":0.1835420281,"44":0.2086151391,"45":0.174637422,"46":0.1742305458,"47":0.194020927,"48":0.2134166956,"49":0.2025185525},"recall":{"0":0.1703335643,"1":0.2235628068,"2":0.2476934046,"3":0.2668559253,"4":0.3051809669,"5":0.308729589,"6":0.382540822,"7":0.4009936154,"8":0.4655784369,"9":0.4875798523,"10":0.5138396025,"11":0.5684882998,"12":0.5919091702,"13":0.616039753,"14":0.632363379,"15":0.6543648243,"16":0.6820440292,"17":0.7161107063,"18":0.7161107063,"19":0.7374024391,"20":0.7636621594,"21":0.7601135373,"22":0.7991483212,"23":0.8069552779,"24":0.8275372386,"25":0.8360539675,"26":0.8303761482,"27":0.8452803493,"28":0.821859479,"29":0.8403123021,"30":0.8509581089,"31":0.8481192589,"32":0.8665720224,"33":0.8658623099,"34":0.8651525974,"35":0.8608942628,"36":0.8779276013,"37":0.9006387591,"38":0.8992193341,"39":0.8836054206,"40":0.9034776688,"41":0.9233499169,"42":0.9183818102,"43":0.9297373891,"44":0.9212207198,"45":0.9375443459,"46":0.9382540584,"47":0.9205110073,"48":0.9205110073,"49":0.9219304323},"val_loss":{"0":1.7276957035,"1":1.6082129478,"2":1.4595293999,"3":1.4543652534,"4":1.4058520794,"5":1.3826107979,"6":1.317237854,"7":1.3038954735,"8":1.324030757,"9":1.2904109955,"10":1.3079564571,"11":1.2866797447,"12":1.28312397,"13":1.2540714741,"14":1.2824426889,"15":1.2692655325,"16":1.2650057077,"17":1.2709702253,"18":1.2625809908,"19":1.2176599503,"20":1.2346146107,"21":1.2349405289,"22":1.2211509943,"23":1.2399522066,"24":1.2420848608,"25":1.2718317509,"26":1.2878073454,"27":1.2853287458,"28":1.2927572727,"29":1.3087027073,"30":1.3350527287,"31":1.3169666529,"32":1.3538661003,"33":1.351867795,"34":1.3086870909,"35":1.3786838055,"36":1.3826745749,"37":1.4389549494,"38":1.4177263975,"39":1.4343987703,"40":1.4787765741,"41":1.4366973639,"42":1.4283564091,"43":1.524184227,"44":1.4847861528,"45":1.5295652151,"46":1.4901233912,"47":1.5491747856,"48":1.4809737206,"49":1.5353242159},"val_recall":{"0":0.268774718,"1":0.2134387344,"2":0.2134387344,"3":0.237154156,"4":0.2766798437,"5":0.2924901247,"6":0.3083004057,"7":0.3596837819,"8":0.3557312191,"9":0.3913043439,"10":0.4189723432,"11":0.4308300316,"12":0.422924906,"13":0.4505928755,"14":0.4624505937,"15":0.4584980309,"16":0.4703557193,"17":0.4901185632,"18":0.4664031565,"19":0.505928874,"20":0.5138339996,"21":0.5177865624,"22":0.5217391253,"23":0.505928874,"24":0.5256916881,"25":0.5296442509,"26":0.5454545617,"27":0.5494071245,"28":0.5217391253,"29":0.5612648129,"30":0.5652173758,"31":0.5454545617,"32":0.5573122501,"33":0.5652173758,"34":0.5770751238,"35":0.5889328122,"36":0.5849802494,"37":0.5494071245,"38":0.5849802494,"39":0.6007905006,"40":0.592885375,"41":0.5770751238,"42":0.6007905006,"43":0.5731225014,"44":0.6007905006,"45":0.5889328122,"46":0.5770751238,"47":0.6126482487,"48":0.5889328122,"49":0.592885375}}