{"loss":{"0":9.5101013184,"1":2.2385735512,"2":2.1776959896,"3":2.0311059952,"4":2.0665106773,"5":2.1460280418,"6":1.980754137,"7":1.9385614395,"8":1.9294682741,"9":1.8410116434,"10":1.7933931351,"11":1.7953875065,"12":1.7829329967,"13":1.7545312643,"14":1.8002349138,"15":1.7418442965,"16":1.7151337862,"17":1.6793768406,"18":1.6511558294,"19":1.6464377642,"20":1.6547884941,"21":1.6187325716,"22":1.5969383717,"23":1.6152071953,"24":1.5793299675,"25":1.6049876213,"26":1.5718349218,"27":1.5299577713,"28":1.6258859634,"29":1.5346485376,"30":1.5720536709,"31":1.5361434221,"32":1.5378733873,"33":1.6075299978,"34":1.5743796825,"35":1.6751790047,"36":1.7211099863,"37":1.5749863386,"38":1.6051626205,"39":1.5318427086,"40":1.5281976461,"41":1.6084400415,"42":1.5330468416,"43":1.6370193958,"44":1.6801594496,"45":1.6361409426,"46":1.6067020893,"47":1.5362569094,"48":1.5029125214,"49":1.4564428329},"recall":{"0":0.0773598328,"1":0.0560681336,"2":0.0546486862,"3":0.0816181675,"4":0.0596167482,"5":0.0461320095,"6":0.0411639474,"7":0.0440028384,"8":0.0440028384,"9":0.0610361956,"10":0.0581973046,"11":0.0716820434,"12":0.0929737389,"13":0.0603264719,"14":0.0787792727,"15":0.0773598328,"16":0.0801987201,"17":0.0986515284,"18":0.0951029062,"19":0.1071682051,"20":0.1362668574,"21":0.1199432239,"22":0.1227821186,"23":0.1185237765,"24":0.140525192,"25":0.1107168198,"26":0.1227821186,"27":0.1483321488,"28":0.129169628,"29":0.1426543593,"30":0.1277501732,"31":0.1483321488,"32":0.13555713,"33":0.1611071676,"34":0.1653655022,"35":0.1348474026,"36":0.102909863,"37":0.1525904834,"38":0.1242015585,"39":0.1518807709,"40":0.1760113537,"41":0.1242015585,"42":0.1320085227,"43":0.1071682051,"44":0.0731014907,"45":0.0872959569,"46":0.1043293104,"47":0.1561391056,"48":0.1611071676,"49":0.1710432917},"val_loss":{"0":2.6777088642,"1":1.9632425308,"2":1.8502813578,"3":1.8475391865,"4":2.144305706,"5":1.8447599411,"6":1.7760480642,"7":1.8284648657,"8":1.7557598352,"9":1.6223086119,"10":1.5954015255,"11":1.5484807491,"12":1.5206689835,"13":1.5339432955,"14":1.5157439709,"15":1.5882915258,"16":1.4537209272,"17":1.5006976128,"18":1.39955616,"19":1.3979884386,"20":1.4825230837,"21":1.4265477657,"22":1.4032992125,"23":1.4433509111,"24":1.428324461,"25":1.4430857897,"26":1.4460855722,"27":1.4630435705,"28":1.4085673094,"29":1.4789288044,"30":1.4110642672,"31":1.4944329262,"32":1.4572994709,"33":1.4176712036,"34":1.4791980982,"35":1.5285853148,"36":1.4049824476,"37":1.4665420055,"38":1.4601972103,"39":1.4672116041,"40":1.4598308802,"41":1.468952179,"42":1.4188256264,"43":1.4448084831,"44":1.5099849701,"45":1.4733179808,"46":1.4792530537,"47":1.4754619598,"48":1.4309175014,"49":1.3862097263},"val_recall":{"0":0.0,"1":0.0158102773,"2":0.0197628457,"3":0.0,"4":0.0079051387,"5":0.0,"6":0.0,"7":0.0,"8":0.0,"9":0.0,"10":0.0079051387,"11":0.0948616564,"12":0.0158102773,"13":0.0118577071,"14":0.0158102773,"15":0.0,"16":0.1146245077,"17":0.0197628457,"18":0.0237154141,"19":0.0197628457,"20":0.2292490155,"21":0.1383399218,"22":0.1897233129,"23":0.2094861716,"24":0.059288539,"25":0.1304347813,"26":0.0474308282,"27":0.1067193672,"28":0.1462450624,"29":0.059288539,"30":0.1501976252,"31":0.169960469,"32":0.1304347813,"33":0.2213438749,"34":0.2332015783,"35":0.1581027657,"36":0.2292490155,"37":0.0434782617,"38":0.1146245077,"39":0.2055335939,"40":0.0355731212,"41":0.0553359687,"42":0.1739130467,"43":0.1501976252,"44":0.1501976252,"45":0.0869565234,"46":0.1462450624,"47":0.059288539,"48":0.1976284534,"49":0.1106719375}}