{"loss":{"0":2.7366197109,"1":2.3451180458,"2":2.1920101643,"3":2.1044235229,"4":1.9635756016,"5":1.883757472,"6":1.8234034777,"7":1.7444909811,"8":1.712849021,"9":1.6623159647,"10":1.6233421564,"11":1.6080018282,"12":1.5839443207,"13":1.4928977489,"14":1.4680473804,"15":1.4465625286,"16":1.4085907936,"17":1.4079262018,"18":1.3655991554,"19":1.3552643061,"20":1.2804733515,"21":1.2764931917,"22":1.2798160315,"23":1.2521929741,"24":1.2308998108,"25":1.2060966492,"26":1.1932674646,"27":1.1785151958,"28":1.1631894112,"29":1.1278572083,"30":1.0770601034,"31":1.0770605803,"32":1.0769156218,"33":1.0530544519,"34":1.0149780512,"35":0.9981572628,"36":1.004596591,"37":0.9881908894,"38":0.9621285796,"39":0.9332355261,"40":0.91950351,"41":0.90107131,"42":0.9042850137,"43":0.8785390258,"44":0.8709580898,"45":0.8405042887,"46":0.8175014257,"47":0.7956337929,"48":0.771741271,"49":0.7927621007},"recall":{"0":0.034776438,"1":0.0667139813,"2":0.065294534,"3":0.0823278949,"4":0.0787792727,"5":0.0858765095,"6":0.1135557145,"7":0.13555713,"8":0.1320085227,"9":0.1554293782,"10":0.1667849571,"11":0.1788502485,"12":0.1909155399,"13":0.2093683481,"14":0.210787788,"15":0.2363378257,"16":0.2590489686,"17":0.2590489686,"18":0.2696948051,"19":0.2902767956,"20":0.2817601264,"21":0.3073101342,"22":0.325053215,"23":0.3165365458,"24":0.3420865834,"25":0.3271824121,"26":0.3498935401,"27":0.3647977412,"28":0.3555713296,"29":0.3718949556,"30":0.4059616625,"31":0.3860894144,"32":0.3981547058,"33":0.411639452,"34":0.4251241982,"35":0.4414478242,"36":0.4513839483,"37":0.4421575665,"38":0.470546484,"39":0.4861603975,"40":0.4911284745,"41":0.514549315,"42":0.5017743111,"43":0.4953868091,"44":0.4968062341,"45":0.5344215631,"46":0.5386798978,"47":0.5699077249,"48":0.5713272095,"49":0.5762952566},"val_loss":{"0":1.8487763405,"1":1.7569286823,"2":1.7030124664,"3":1.6489418745,"4":1.6217433214,"5":1.5663366318,"6":1.5449522734,"7":1.5184875727,"8":1.4844673872,"9":1.4690119028,"10":1.4548364878,"11":1.4246934652,"12":1.402389884,"13":1.3945221901,"14":1.3596862555,"15":1.3542416096,"16":1.3398234844,"17":1.3181607723,"18":1.302875638,"19":1.3005462885,"20":1.293905139,"21":1.2787739038,"22":1.2655348778,"23":1.2539292574,"24":1.2457119226,"25":1.235943079,"26":1.2359416485,"27":1.2297267914,"28":1.2164511681,"29":1.2072901726,"30":1.1985589266,"31":1.1882688999,"32":1.1801396608,"33":1.1745975018,"34":1.1779649258,"35":1.1805757284,"36":1.1680227518,"37":1.1661014557,"38":1.17345047,"39":1.1650438309,"40":1.1699389219,"41":1.1616175175,"42":1.1550931931,"43":1.1641862392,"44":1.1647365093,"45":1.1518148184,"46":1.1574280262,"47":1.1618976593,"48":1.1650035381,"49":1.1745402813},"val_recall":{"0":0.0276679844,"1":0.0237154141,"2":0.0513833985,"3":0.0434782617,"4":0.0909090936,"5":0.118577078,"6":0.1422924846,"7":0.1501976252,"8":0.1660079062,"9":0.169960469,"10":0.2213438749,"11":0.237154156,"12":0.2332015783,"13":0.2490118593,"14":0.2648221254,"15":0.2569169998,"16":0.3003952503,"17":0.3122529685,"18":0.2964426875,"19":0.3320158124,"20":0.3557312191,"21":0.3636363745,"22":0.3517786562,"23":0.3794466257,"24":0.3596837819,"25":0.4031620622,"26":0.4031620622,"27":0.3913043439,"28":0.3833992183,"29":0.4031620622,"30":0.4150197506,"31":0.4150197506,"32":0.4347825944,"33":0.4387351871,"34":0.4466403127,"35":0.4664031565,"36":0.4545454681,"37":0.4624505937,"38":0.4584980309,"39":0.4545454681,"40":0.4624505937,"41":0.4664031565,"42":0.4664031565,"43":0.4901185632,"44":0.4782608747,"45":0.5138339996,"46":0.5019763112,"47":0.5256916881,"48":0.5494071245,"49":0.5494071245}}