{"loss":{"0":9.2795219421,"1":2.28139925,"2":2.204005003,"3":2.1754360199,"4":2.1744229794,"5":2.1675474644,"6":2.1603009701,"7":2.1680364609,"8":2.161652565,"9":2.1767411232,"10":2.1669142246,"11":2.160094738,"12":2.156555891,"13":2.1559152603,"14":2.1704177856,"15":2.1527812481,"16":2.1585767269,"17":2.1614658833,"18":2.1634891033,"19":2.1612050533,"20":2.1680202484,"21":2.18466115,"22":2.1630294323,"23":2.1560871601,"24":2.1592764854,"25":2.1689164639,"26":2.1575796604,"27":2.1594221592,"28":2.1767239571,"29":2.1567349434,"30":2.1555254459,"31":2.1568965912,"32":2.1650862694,"33":2.1594479084,"34":2.1618840694,"35":2.1603889465,"36":2.1545166969,"37":2.1564104557,"38":2.1549434662,"39":2.1631679535,"40":2.1583821774,"41":2.1609046459,"42":2.1568582058,"43":2.154904604,"44":2.1547372341,"45":2.1559722424,"46":2.1552045345,"47":2.1545577049,"48":2.1559605598,"49":2.1616227627},"recall":{"0":0.0688431486,"1":0.0070972322,"2":0.0,"3":0.0,"4":0.0,"5":0.0,"6":0.0,"7":0.0,"8":0.0007097232,"9":0.0014194464,"10":0.0007097232,"11":0.0,"12":0.0,"13":0.0,"14":0.0,"15":0.0021291696,"16":0.0,"17":0.0,"18":0.0,"19":0.0,"20":0.0007097232,"21":0.0,"22":0.0,"23":0.0014194464,"24":0.0021291696,"25":0.0007097232,"26":0.0007097232,"27":0.0007097232,"28":0.0028388929,"29":0.0,"30":0.0,"31":0.0,"32":0.0021291696,"33":0.0,"34":0.0,"35":0.0,"36":0.0,"37":0.0,"38":0.0,"39":0.0021291696,"40":0.0,"41":0.0,"42":0.0,"43":0.0,"44":0.0,"45":0.0007097232,"46":0.0,"47":0.0,"48":0.0,"49":0.0014194464},"val_loss":{"0":1.9788702726,"1":2.0893955231,"2":2.010509491,"3":1.9768679142,"4":1.9573147297,"5":1.9511084557,"6":1.9470056295,"7":1.9474608898,"8":1.947458148,"9":1.9451093674,"10":1.9403693676,"11":1.9406068325,"12":1.9384903908,"13":1.9440705776,"14":1.9427264929,"15":1.9419608116,"16":1.9378477335,"17":1.9423376322,"18":1.941385746,"19":1.9405441284,"20":1.9450491667,"21":1.9458259344,"22":1.9452946186,"23":1.9459363222,"24":1.9423253536,"25":1.9448163509,"26":1.9452075958,"27":1.9446263313,"28":1.9473266602,"29":1.945260644,"30":1.9474093914,"31":1.9451707602,"32":1.9483962059,"33":1.9476565123,"34":1.9491941929,"35":1.9429594278,"36":1.9449263811,"37":1.9435670376,"38":1.9473786354,"39":1.9434607029,"40":1.9478029013,"41":1.9481861591,"42":1.9462492466,"43":1.9452495575,"44":1.9464182854,"45":1.9404934645,"46":1.9474158287,"47":1.9428837299,"48":1.9418501854,"49":1.9407557249},"val_recall":{"0":0.0,"1":0.0,"2":0.0,"3":0.0,"4":0.0,"5":0.0,"6":0.0,"7":0.0,"8":0.0,"9":0.0,"10":0.0,"11":0.0,"12":0.0,"13":0.0,"14":0.0,"15":0.0,"16":0.0,"17":0.0,"18":0.0,"19":0.0,"20":0.0,"21":0.0,"22":0.0,"23":0.0,"24":0.0,"25":0.0,"26":0.0,"27":0.0,"28":0.0,"29":0.0,"30":0.0,"31":0.0,"32":0.0,"33":0.0,"34":0.0,"35":0.0,"36":0.0,"37":0.0,"38":0.0,"39":0.0,"40":0.0,"41":0.0,"42":0.0,"43":0.0,"44":0.0,"45":0.0,"46":0.0,"47":0.0,"48":0.0,"49":0.0}}