{"loss":{"0":8.4893941879,"1":2.2478816509,"2":2.0529806614,"3":2.0207028389,"4":1.8832808733,"5":1.8698723316,"6":1.8813098669,"7":1.8315098286,"8":1.7589755058,"9":1.7624768019,"10":1.7628235817,"11":1.7212655544,"12":1.7808701992,"13":2.0047225952,"14":1.7311816216,"15":1.6897624731,"16":1.6181927919,"17":1.6311563253,"18":1.5712444782,"19":1.5785536766,"20":1.5800247192,"21":1.5757284164,"22":1.5515344143,"23":1.5321223736,"24":1.4969781637,"25":1.5626475811,"26":1.4852621555,"27":1.4709914923,"28":1.5087519884,"29":1.4843088388,"30":1.5219817162,"31":1.5072058439,"32":1.4607595205,"33":1.3994380236,"34":1.3848528862,"35":1.3938342333,"36":1.5929900408,"37":1.4154875278,"38":1.3750921488,"39":1.3851613998,"40":1.3620986938,"41":1.3206365108,"42":1.3349837065,"43":1.3312882185,"44":1.3606675863,"45":1.3649082184,"46":1.3454962969,"47":1.3505020142,"48":1.2849851847,"49":1.2841528654},"recall":{"0":0.1071682051,"1":0.0418736711,"2":0.0369056053,"3":0.0454222858,"4":0.0638750866,"5":0.0844570622,"6":0.0872959569,"7":0.1007806957,"8":0.1000709757,"9":0.1256210059,"10":0.1213626713,"11":0.1242015585,"12":0.1348474026,"13":0.0851667821,"14":0.1270404607,"15":0.1398154646,"16":0.1490418762,"17":0.1454932541,"18":0.1738821864,"19":0.1646557897,"20":0.1767210811,"21":0.161816895,"22":0.1660752296,"23":0.1880766451,"24":0.2029808313,"25":0.194464162,"26":0.2072391808,"27":0.2086586207,"28":0.2022711188,"29":0.2051100135,"30":0.1887863725,"31":0.1958836019,"32":0.1887863725,"33":0.2278211564,"34":0.2462739497,"35":0.2505322993,"36":0.2370475531,"37":0.2519517243,"38":0.2633073032,"39":0.2803406715,"40":0.2682753801,"41":0.287437886,"42":0.287437886,"43":0.2952448428,"44":0.2760823369,"45":0.2625975907,"46":0.2845990062,"47":0.2689850926,"48":0.3122782111,"49":0.3016323745},"val_loss":{"0":2.118786335,"1":1.7790189981,"2":1.9575423002,"3":1.6770685911,"4":1.664182663,"5":1.6961303949,"6":1.7133947611,"7":1.6111408472,"8":1.4753630161,"9":1.7169691324,"10":1.5140554905,"11":1.5499259233,"12":1.7337306738,"13":1.6014741659,"14":1.5302863121,"15":1.5952633619,"16":1.5644862652,"17":1.4754199982,"18":1.4434270859,"19":1.4429969788,"20":1.4125401974,"21":1.4767906666,"22":1.4524860382,"23":1.4362689257,"24":1.3917402029,"25":1.4832904339,"26":1.4311205149,"27":1.4449830055,"28":1.3927514553,"29":1.395537138,"30":1.4071252346,"31":1.4265868664,"32":1.4361118078,"33":1.3698894978,"34":1.3444137573,"35":1.4602774382,"36":1.4217354059,"37":1.3771781921,"38":1.3961529732,"39":1.3451673985,"40":1.3370381594,"41":1.2724465132,"42":1.3097504377,"43":1.3407335281,"44":1.3349179029,"45":1.3168851137,"46":1.3686181307,"47":1.2822742462,"48":1.29946208,"49":1.3087902069},"val_recall":{"0":0.0,"1":0.0,"2":0.0,"3":0.0079051387,"4":0.0909090936,"5":0.0079051387,"6":0.0,"7":0.0118577071,"8":0.0711462423,"9":0.0197628457,"10":0.0790513828,"11":0.0316205546,"12":0.0039525693,"13":0.0276679844,"14":0.0197628457,"15":0.0197628457,"16":0.0434782617,"17":0.1106719375,"18":0.0988142267,"19":0.1462450624,"20":0.2213438749,"21":0.0671936795,"22":0.1027667969,"23":0.0869565234,"24":0.1383399218,"25":0.0632411093,"26":0.2608695626,"27":0.2332015783,"28":0.1264822185,"29":0.1660079062,"30":0.1146245077,"31":0.059288539,"32":0.0830039531,"33":0.1660079062,"34":0.2727272809,"35":0.0750988126,"36":0.1501976252,"37":0.1897233129,"38":0.2490118593,"39":0.1501976252,"40":0.2450592816,"41":0.2569169998,"42":0.2411067188,"43":0.2134387344,"44":0.169960469,"45":0.2173912972,"46":0.1501976252,"47":0.2490118593,"48":0.1739130467,"49":0.268774718}}