{"loss":{"0":6.8014960289,"1":2.0219991207,"2":1.8096238375,"3":1.6312559843,"4":1.4429346323,"5":1.405339241,"6":1.3276484013,"7":1.2291097641,"8":1.1669242382,"9":1.1226015091,"10":0.9967767,"11":0.8984912038,"12":0.9158924222,"13":0.7713988423,"14":0.6990191936,"15":0.6577849984,"16":0.7366693616,"17":0.5384986997,"18":0.4544698894,"19":0.6631003618,"20":0.5584766269,"21":0.4773824215,"22":0.3442163169,"23":0.4547240138,"24":0.8040257692,"25":0.4288248122,"26":0.3209638596,"27":0.2759920359,"28":0.2788076401,"29":0.2221626192,"30":0.2740524709,"31":0.2639627457,"32":0.2208704799,"33":0.2129251659,"34":0.1895770133,"35":0.1660852581,"36":0.1376201659,"37":0.1631896049,"38":0.1719640493,"39":0.1487019509,"40":0.3291942179,"41":0.2885352075,"42":0.2342755198,"43":0.2035031617,"44":0.1321822703,"45":0.1410342008,"46":0.2507923841,"47":0.1731277853,"48":0.3318126798,"49":0.1921799332},"recall":{"0":0.1518807709,"1":0.1213626713,"2":0.173172459,"3":0.1937544346,"4":0.2732434273,"5":0.2902767956,"6":0.3293115795,"7":0.3534421623,"8":0.4024130702,"9":0.4279631078,"10":0.4684173167,"11":0.5408090949,"12":0.5450674295,"13":0.5904896855,"14":0.6444286704,"15":0.6820440292,"16":0.6593328714,"17":0.7395315766,"18":0.7849538922,"19":0.6983676553,"20":0.7530163527,"21":0.7885024548,"22":0.8488289714,"23":0.8126330972,"24":0.7146912813,"25":0.821859479,"26":0.8637331724,"27":0.8885734677,"28":0.8935415149,"29":0.9162526727,"30":0.8857345581,"31":0.8963804245,"32":0.9205110073,"33":0.9176720977,"34":0.9283179641,"35":0.941092968,"36":0.9488999248,"37":0.939673543,"38":0.9311568737,"39":0.9460610151,"40":0.8899928927,"41":0.8949609399,"42":0.9183818102,"43":0.9233499169,"44":0.9517388344,"45":0.9453513026,"46":0.9077360034,"47":0.9347054362,"48":0.8850248456,"49":0.9283179641},"val_loss":{"0":2.2483975887,"1":1.8616950512,"2":1.6944116354,"3":1.3743790388,"4":1.273776412,"5":1.2963650227,"6":1.1819292307,"7":1.1953734159,"8":1.140141964,"9":1.1398050785,"10":1.0880674124,"11":1.0878381729,"12":1.1859169006,"13":1.2115718126,"14":1.2375252247,"15":1.3462533951,"16":1.2191728354,"17":1.4257355928,"18":1.2474143505,"19":1.1438984871,"20":1.3615182638,"21":1.5496385098,"22":1.6440958977,"23":2.0127317905,"24":1.4317376614,"25":1.5409318209,"26":1.5821126699,"27":1.553565979,"28":1.615696907,"29":1.5528275967,"30":1.7297008038,"31":1.4984755516,"32":1.9687173367,"33":1.892893672,"34":1.8405997753,"35":1.5780656338,"36":1.7143493891,"37":1.8236581087,"38":1.7044453621,"39":1.5879144669,"40":1.6647765636,"41":2.0427148342,"42":1.5318475962,"43":1.6869452,"44":1.7658544779,"45":1.7826095819,"46":1.8152967691,"47":1.7192267179,"48":1.8321828842,"49":1.7175468206},"val_recall":{"0":0.0079051387,"1":0.0039525693,"2":0.0434782617,"3":0.2252964377,"4":0.2727272809,"5":0.3794466257,"6":0.3280632496,"7":0.3913043439,"8":0.4150197506,"9":0.4980237186,"10":0.505928874,"11":0.5019763112,"12":0.5415019989,"13":0.5415019989,"14":0.5375494361,"15":0.5415019989,"16":0.5573122501,"17":0.5652173758,"18":0.4980237186,"19":0.5494071245,"20":0.5770751238,"21":0.5810276866,"22":0.6363636255,"23":0.5573122501,"24":0.5889328122,"25":0.5652173758,"26":0.5849802494,"27":0.592885375,"28":0.6166008115,"29":0.6245059371,"30":0.6284584999,"31":0.6403161883,"32":0.6007905006,"33":0.6086956263,"34":0.6245059371,"35":0.6126482487,"36":0.6166008115,"37":0.5968379378,"38":0.6284584999,"39":0.6086956263,"40":0.6086956263,"41":0.592885375,"42":0.6245059371,"43":0.6363636255,"44":0.6403161883,"45":0.6205533743,"46":0.6284584999,"47":0.6007905006,"48":0.592885375,"49":0.5810276866}}