{"loss":{"0":12.8500270844,"1":2.3233606815,"2":2.2436134815,"3":2.1932656765,"4":2.1868681908,"5":2.1852908134,"6":2.1731216908,"7":2.1592998505,"8":2.1693558693,"9":2.1673595905,"10":2.1593258381,"11":2.1590931416,"12":2.1573801041,"13":2.1711306572,"14":2.1592690945,"15":2.155346632,"16":2.1600580215,"17":2.1601648331,"18":2.158336401,"19":2.1563136578,"20":2.1547300816,"21":2.158176899,"22":2.1552743912,"23":2.1658334732,"24":2.1575808525,"25":2.1548841,"26":2.1540145874,"27":2.154892683,"28":2.1558914185,"29":2.1637253761,"30":2.1587948799,"31":2.154717207,"32":2.1578276157,"33":2.1546421051,"34":2.1555438042,"35":2.1552660465,"36":2.1549668312,"37":2.1558914185,"38":2.1551909447,"39":2.1557512283,"40":2.1550796032,"41":2.1546742916,"42":2.1548812389,"43":2.1536359787,"44":2.1554944515,"45":2.1564977169,"46":2.1655378342,"47":2.1550657749,"48":2.158509016,"49":2.1546242237},"recall":{"0":0.0589070246,"1":0.0035486161,"2":0.0014194464,"3":0.0014194464,"4":0.0007097232,"5":0.0,"6":0.0007097232,"7":0.0,"8":0.0,"9":0.0,"10":0.0,"11":0.0,"12":0.0,"13":0.0,"14":0.0,"15":0.0,"16":0.0,"17":0.0,"18":0.0,"19":0.0,"20":0.0,"21":0.0,"22":0.0,"23":0.0007097232,"24":0.0,"25":0.0,"26":0.0,"27":0.0,"28":0.0007097232,"29":0.0,"30":0.0,"31":0.0,"32":0.0,"33":0.0,"34":0.0,"35":0.0,"36":0.0,"37":0.0,"38":0.0,"39":0.0,"40":0.0,"41":0.0,"42":0.0,"43":0.0007097232,"44":0.0,"45":0.0,"46":0.0,"47":0.0,"48":0.0,"49":0.0},"val_loss":{"0":2.2496175766,"1":2.1518313885,"2":2.0831415653,"3":2.0404422283,"4":2.0111021996,"5":1.9916167259,"6":1.9743660688,"7":1.9613546133,"8":1.9530798197,"9":1.9493129253,"10":1.9447931051,"11":1.9475325346,"12":1.9485864639,"13":1.9442009926,"14":1.9482052326,"15":1.9454652071,"16":1.9436995983,"17":1.9469180107,"18":1.9485569,"19":1.9446845055,"20":1.9420195818,"21":1.9403892756,"22":1.9379467964,"23":1.9377943277,"24":1.9378583431,"25":1.9413101673,"26":1.9420708418,"27":1.9451798201,"28":1.9418714046,"29":1.9398514032,"30":1.9395475388,"31":1.94457376,"32":1.9428954124,"33":1.9424030781,"34":1.9413356781,"35":1.9446133375,"36":1.9422900677,"37":1.9452017546,"38":1.9428546429,"39":1.9427268505,"40":1.9401396513,"41":1.9390586615,"42":1.9385615587,"43":1.9441615343,"44":1.9474211931,"45":1.947237134,"46":1.9438821077,"47":1.9408948421,"48":1.939832449,"49":1.9393508434},"val_recall":{"0":0.0,"1":0.0,"2":0.0,"3":0.0,"4":0.0,"5":0.0,"6":0.0,"7":0.0,"8":0.0,"9":0.0,"10":0.0,"11":0.0,"12":0.0,"13":0.0,"14":0.0,"15":0.0,"16":0.0,"17":0.0,"18":0.0,"19":0.0,"20":0.0,"21":0.0,"22":0.0,"23":0.0,"24":0.0,"25":0.0,"26":0.0,"27":0.0,"28":0.0,"29":0.0,"30":0.0,"31":0.0,"32":0.0,"33":0.0,"34":0.0,"35":0.0,"36":0.0,"37":0.0,"38":0.0,"39":0.0,"40":0.0,"41":0.0,"42":0.0,"43":0.0,"44":0.0,"45":0.0,"46":0.0,"47":0.0,"48":0.0,"49":0.0}}