{"loss":{"0":2.8368496895,"1":2.4437673092,"2":2.2336199284,"3":2.1310126781,"4":2.0388166904,"5":1.9803737402,"6":1.894569397,"7":1.8805282116,"8":1.8268864155,"9":1.7915827036,"10":1.7750227451,"11":1.7597614527,"12":1.7436347008,"13":1.6966928244,"14":1.6776732206,"15":1.6447194815,"16":1.6371920109,"17":1.622394681,"18":1.6043423414,"19":1.5768015385,"20":1.5697443485,"21":1.5584267378,"22":1.5698548555,"23":1.5401759148,"24":1.513782382,"25":1.4667258263,"26":1.5081027746,"27":1.4896498919,"28":1.5061826706,"29":1.4640214443,"30":1.433277607,"31":1.4164533615,"32":1.4111001492,"33":1.4080904722,"34":1.4027241468,"35":1.4003717899,"36":1.3687744141,"37":1.3937264681,"38":1.3822200298,"39":1.3808435202,"40":1.3873708248,"41":1.3660113811,"42":1.3474588394,"43":1.281236887,"44":1.3050123453,"45":1.2998512983,"46":1.2721987963,"47":1.2743091583,"48":1.2581399679,"49":1.2606445551},"recall":{"0":0.0383250527,"1":0.0723917708,"2":0.0731014907,"3":0.0723917708,"4":0.0837473422,"5":0.0731014907,"6":0.1000709757,"7":0.0844570622,"8":0.1071682051,"9":0.1071682051,"10":0.0915542915,"11":0.1128459871,"12":0.1185237765,"13":0.1305890679,"14":0.1398154646,"15":0.1476224214,"16":0.1582682729,"17":0.1504613161,"18":0.1540099382,"19":0.1625266075,"20":0.1653655022,"21":0.1809794158,"22":0.1788502485,"23":0.1774308085,"24":0.1873669326,"25":0.2001419514,"26":0.2065294534,"27":0.2015613914,"28":0.2015613914,"29":0.2015613914,"30":0.2264017016,"31":0.2207239121,"32":0.2242725343,"33":0.2306600362,"34":0.2334989309,"35":0.2427253425,"36":0.2441447824,"37":0.2398864478,"38":0.2334989309,"39":0.2391767204,"40":0.2448545098,"41":0.2370475531,"42":0.2689850926,"43":0.2838892937,"44":0.2753725946,"45":0.2753725946,"46":0.2966642976,"47":0.2746628821,"48":0.27111426,"49":0.2938254178},"val_loss":{"0":1.9078814983,"1":1.8453245163,"2":1.8271743059,"3":1.7609764338,"4":1.7443336248,"5":1.7133485079,"6":1.6951267719,"7":1.6689637899,"8":1.649348855,"9":1.6218369007,"10":1.6122186184,"11":1.5921903849,"12":1.5802438259,"13":1.5581234694,"14":1.5395704508,"15":1.5293035507,"16":1.5193361044,"17":1.5132094622,"18":1.5007770061,"19":1.4874466658,"20":1.4712843895,"21":1.4660990238,"22":1.4645885229,"23":1.4509656429,"24":1.4504103661,"25":1.440859437,"26":1.4251779318,"27":1.4180517197,"28":1.4076006413,"29":1.4034272432,"30":1.4076093435,"31":1.3973972797,"32":1.3815966845,"33":1.3736424446,"34":1.3730381727,"35":1.3701637983,"36":1.3634252548,"37":1.3576745987,"38":1.3570380211,"39":1.3524188995,"40":1.3451707363,"41":1.3408972025,"42":1.3309459686,"43":1.3299897909,"44":1.3220553398,"45":1.3224886656,"46":1.3118541241,"47":1.3154433966,"48":1.3066951036,"49":1.3021268845},"val_recall":{"0":0.0079051387,"1":0.0039525693,"2":0.0,"3":0.0197628457,"4":0.0237154141,"5":0.0355731212,"6":0.0316205546,"7":0.0355731212,"8":0.0474308282,"9":0.0632411093,"10":0.0632411093,"11":0.0671936795,"12":0.0711462423,"13":0.0830039531,"14":0.1146245077,"15":0.1225296408,"16":0.1383399218,"17":0.1304347813,"18":0.134387359,"19":0.1462450624,"20":0.1739130467,"21":0.1501976252,"22":0.1541502029,"23":0.169960469,"24":0.1660079062,"25":0.18577075,"26":0.18577075,"27":0.1897233129,"28":0.1936758906,"29":0.2015810311,"30":0.1976284534,"31":0.2015810311,"32":0.2094861716,"33":0.2213438749,"34":0.2252964377,"35":0.2332015783,"36":0.2332015783,"37":0.2332015783,"38":0.2332015783,"39":0.2332015783,"40":0.2450592816,"41":0.2569169998,"42":0.2608695626,"43":0.2608695626,"44":0.2727272809,"45":0.2727272809,"46":0.2806324065,"47":0.268774718,"48":0.2766798437,"49":0.2885375619}}