{"loss":{"0":2.1394197941,"1":1.5774930716,"2":1.3317291737,"3":1.1751637459,"4":1.0063568354,"5":0.9365882277,"6":0.785623908,"7":0.6959238052,"8":0.7089594007,"9":0.6923625469,"10":0.6428789496,"11":0.5978127718,"12":0.4773141146,"13":0.3848588765,"14":0.4517885447,"15":0.3671129048,"16":0.3992400169,"17":0.3580315411,"18":0.2613658607,"19":0.2852534652,"20":0.2696521282,"21":0.2849494219,"22":0.2909059525,"23":0.2249143273,"24":0.2451824695,"25":0.1587358564,"26":0.2243780345,"27":0.273450762,"28":0.2223310769,"29":0.2639599741,"30":0.1970880479,"31":0.1155511364,"32":0.1947832853,"33":0.1040378809,"34":0.1775592417,"35":0.3046115339,"36":0.1695812345,"37":0.1762891263,"38":0.1754650027,"39":0.166680485,"40":0.2178829908,"41":0.1136083007,"42":0.0924824923,"43":0.0765202567,"44":0.0777741,"45":0.1103733405,"46":0.219634667,"47":0.3583450615,"48":0.1877747029,"49":0.1876458526},"recall":{"0":0.0965223536,"1":0.2200141996,"2":0.330021292,"3":0.3938963711,"4":0.4748048186,"5":0.5088715553,"6":0.5762952566,"7":0.6344925761,"8":0.6501064301,"9":0.6586231589,"10":0.6976579428,"11":0.7402412891,"12":0.779276073,"13":0.8275372386,"14":0.8005678058,"15":0.8743789792,"16":0.8353441954,"17":0.8502483964,"18":0.8949609399,"19":0.895670712,"20":0.9006387591,"21":0.8885734677,"22":0.8843151331,"23":0.9084457159,"24":0.911994338,"25":0.9354152083,"26":0.9127040505,"27":0.9020581841,"28":0.9233499169,"29":0.9169623852,"30":0.9276082516,"31":0.9524485469,"32":0.9268985391,"33":0.9588360786,"34":0.9375443459,"35":0.9034776688,"36":0.9304471016,"37":0.9368346334,"38":0.9347054362,"39":0.9375443459,"40":0.9283179641,"41":0.9496096373,"42":0.9645138383,"43":0.9673527479,"44":0.9645138383,"45":0.9581263065,"46":0.9219304323,"47":0.8836054206,"48":0.9325762987,"49":0.9283179641},"val_loss":{"0":1.7885299921,"1":1.6849405766,"2":1.4446761608,"3":1.7261817455,"4":1.3282935619,"5":1.541318655,"6":1.7931207418,"7":1.6940494776,"8":2.2157022953,"9":2.2900290489,"10":2.5468223095,"11":1.7406251431,"12":2.3138773441,"13":1.6572767496,"14":2.0813384056,"15":2.0805137157,"16":2.22737813,"17":2.8509163857,"18":2.2179107666,"19":2.1898117065,"20":2.0526306629,"21":1.9128876925,"22":2.5644304752,"23":2.566403389,"24":2.0490398407,"25":2.2701225281,"26":2.389346838,"27":2.015560627,"28":2.6877031326,"29":2.1521012783,"30":2.6290867329,"31":2.6527953148,"32":2.4235401154,"33":2.5253374577,"34":3.4444499016,"35":2.1512897015,"36":2.6725180149,"37":2.9348678589,"38":2.7419171333,"39":2.825997591,"40":2.2571883202,"41":2.4229001999,"42":2.6307108402,"43":2.691306591,"44":2.9859073162,"45":3.3584465981,"46":4.2305932045,"47":2.0475959778,"48":2.6309072971,"49":2.6060717106},"val_recall":{"0":0.1660079062,"1":0.3675889373,"2":0.3675889373,"3":0.3794466257,"4":0.4664031565,"5":0.5533596873,"6":0.5296442509,"7":0.5770751238,"8":0.5968379378,"9":0.5256916881,"10":0.5770751238,"11":0.5573122501,"12":0.5573122501,"13":0.5652173758,"14":0.5573122501,"15":0.5691699386,"16":0.6007905006,"17":0.6007905006,"18":0.5968379378,"19":0.5770751238,"20":0.5652173758,"21":0.6086956263,"22":0.6284584999,"23":0.5849802494,"24":0.6166008115,"25":0.6482213736,"26":0.5494071245,"27":0.6047430634,"28":0.5770751238,"29":0.592885375,"30":0.6245059371,"31":0.6047430634,"32":0.592885375,"33":0.6363636255,"34":0.5968379378,"35":0.5573122501,"36":0.6166008115,"37":0.6086956263,"38":0.5968379378,"39":0.5968379378,"40":0.5612648129,"41":0.6047430634,"42":0.592885375,"43":0.6086956263,"44":0.6126482487,"45":0.6205533743,"46":0.5770751238,"47":0.5296442509,"48":0.5849802494,"49":0.592885375}}