{"loss":{"0":2.1544902325,"1":1.5924857855,"2":1.4333889484,"3":1.2840777636,"4":1.1840437651,"5":1.1297849417,"6":0.9739400148,"7":0.889003098,"8":0.7863990664,"9":0.7993126512,"10":0.7666319609,"11":0.6226036549,"12":0.5600653291,"13":0.650567472,"14":0.5004261732,"15":0.4887988269,"16":0.4070437551,"17":0.4090732038,"18":0.4098441899,"19":0.2746398151,"20":0.3010809422,"21":0.2263648808,"22":0.2539792955,"23":0.1886488348,"24":0.2221082598,"25":0.1938825697,"26":0.2468760461,"27":0.1856401861,"28":0.3082354665,"29":0.1967112124,"30":0.1726274788,"31":0.1623566598,"32":0.1277455539,"33":0.1216412783,"34":0.1949167699,"35":0.2296646386,"36":0.1911005825,"37":0.1237883046,"38":0.1169815734,"39":0.0802460238,"40":0.1097649485,"41":0.1090793535,"42":0.0898691639,"43":0.0760410726,"44":0.0884374306,"45":0.0719182566,"46":0.0760376081,"47":0.0895226672,"48":0.143501848,"49":0.1492248923},"recall":{"0":0.1007806957,"1":0.1859474778,"2":0.2547906339,"3":0.3378282487,"4":0.3697657883,"5":0.4343506098,"6":0.4925478995,"7":0.5436480045,"8":0.5926188827,"9":0.5982966423,"10":0.6181688905,"11":0.6941093206,"12":0.718949616,"13":0.6976579428,"14":0.7665010691,"15":0.7643718719,"16":0.8176011443,"17":0.8254081011,"18":0.8076649904,"19":0.8786373138,"20":0.8687012196,"21":0.9027678967,"22":0.8878637552,"23":0.9212207198,"24":0.9141234756,"25":0.9268985391,"26":0.911994338,"27":0.9254790545,"28":0.8793470263,"29":0.9226401448,"30":0.9332860112,"31":0.9368346334,"32":0.9446415901,"33":0.955997169,"34":0.9325762987,"35":0.9148331881,"36":0.9226401448,"37":0.9488999248,"38":0.9510291219,"39":0.9623846412,"40":0.9538679719,"41":0.957416594,"42":0.9616749287,"43":0.9623846412,"44":0.9652235508,"45":0.9666430354,"46":0.9645138383,"47":0.9616749287,"48":0.9488999248,"49":0.9467707872},"val_loss":{"0":1.6183831692,"1":1.3844674826,"2":1.3089078665,"3":1.2920616865,"4":1.7794928551,"5":1.7240400314,"6":1.4656265974,"7":1.6899759769,"8":1.4971212149,"9":2.0601224899,"10":1.8019036055,"11":1.765411973,"12":2.1458570957,"13":1.6846981049,"14":1.7228577137,"15":2.1244866848,"16":2.7003409863,"17":2.6473357677,"18":2.2048556805,"19":2.2909379005,"20":2.4234576225,"21":2.1054339409,"22":2.6475353241,"23":2.7221291065,"24":2.8961641788,"25":2.7195956707,"26":2.8917901516,"27":3.1841344833,"28":2.8138597012,"29":2.5989000797,"30":2.8547437191,"31":2.578025341,"32":3.271427393,"33":3.6403141022,"34":2.7145383358,"35":2.9480400085,"36":3.2734060287,"37":2.9397330284,"38":2.8956525326,"39":3.0797708035,"40":3.0887815952,"41":3.6905362606,"42":3.0299971104,"43":3.1799020767,"44":3.3740823269,"45":3.5821948051,"46":3.4289908409,"47":3.2880458832,"48":3.5440080166,"49":3.3025686741},"val_recall":{"0":0.2569169998,"1":0.252964437,"2":0.252964437,"3":0.3359683752,"4":0.3992094994,"5":0.3913043439,"6":0.4980237186,"7":0.5256916881,"8":0.5415019989,"9":0.5296442509,"10":0.5612648129,"11":0.505928874,"12":0.6007905006,"13":0.592885375,"14":0.5889328122,"15":0.5612648129,"16":0.6007905006,"17":0.5375494361,"18":0.5968379378,"19":0.5849802494,"20":0.6126482487,"21":0.6126482487,"22":0.5849802494,"23":0.6007905006,"24":0.6284584999,"25":0.5533596873,"26":0.6324110627,"27":0.5691699386,"28":0.5731225014,"29":0.5810276866,"30":0.5612648129,"31":0.6245059371,"32":0.6047430634,"33":0.5533596873,"34":0.5889328122,"35":0.5691699386,"36":0.5968379378,"37":0.6126482487,"38":0.6284584999,"39":0.6245059371,"40":0.5573122501,"41":0.5968379378,"42":0.5731225014,"43":0.6324110627,"44":0.5968379378,"45":0.6086956263,"46":0.6245059371,"47":0.6403161883,"48":0.5849802494,"49":0.6007905006}}