{"loss":{"0":7.2935619354,"1":2.1002075672,"2":1.9047621489,"3":1.6650630236,"4":1.583443284,"5":1.5597106218,"6":1.4234843254,"7":1.3803093433,"8":1.3817768097,"9":1.2445447445,"10":1.2037454844,"11":1.152546525,"12":1.0943744183,"13":1.0227804184,"14":0.993927598,"15":0.9544734955,"16":0.9656332731,"17":0.8728487492,"18":0.8792527914,"19":0.8069984317,"20":0.8263159394,"21":0.8014403582,"22":0.7677302361,"23":0.70758003,"24":0.6648966074,"25":0.6042877436,"26":0.5141955018,"27":0.4677967727,"28":0.5313849449,"29":0.4666811228,"30":0.5337370038,"31":0.4894003868,"32":0.4242482781,"33":0.3936665356,"34":0.3715793788,"35":0.3011130989,"36":0.379068166,"37":0.3156939149,"38":0.3253837824,"39":0.2659389079,"40":0.2763550878,"41":0.3693065047,"42":0.2752401531,"43":0.2220871598,"44":0.6213130951,"45":0.3683538735,"46":0.3215754628,"47":0.2795835435,"48":0.2857952416,"49":0.4248309731},"recall":{"0":0.1703335643,"1":0.1348474026,"2":0.1383960247,"3":0.1667849571,"4":0.2036905587,"5":0.2193044722,"6":0.27111426,"7":0.2838892937,"8":0.3151170909,"9":0.3520227075,"10":0.3924769461,"11":0.4066714048,"12":0.447835356,"13":0.4669978619,"14":0.4889992774,"15":0.5095812678,"16":0.5017743111,"17":0.5400993824,"18":0.5599716306,"19":0.5911994576,"20":0.5919091702,"21":0.6075230837,"22":0.6210078001,"23":0.6458480954,"24":0.6841731668,"25":0.6941093206,"26":0.7402412891,"27":0.7764371634,"28":0.7487579584,"29":0.777856648,"30":0.7814052701,"31":0.7842441201,"32":0.8126330972,"33":0.8282470107,"34":0.8374733925,"35":0.8715400696,"36":0.8431511521,"37":0.8679915071,"38":0.8608942628,"39":0.8857345581,"40":0.8743789792,"41":0.8523775935,"42":0.8786373138,"43":0.9013484716,"44":0.8069552779,"45":0.8495386839,"46":0.8708303571,"47":0.8907026052,"48":0.8836054206,"49":0.8417317271},"val_loss":{"0":1.9283235073,"1":1.6827337742,"2":1.614988327,"3":1.4469953775,"4":1.4297727346,"5":1.3898051977,"6":1.3352301121,"7":1.3113709688,"8":1.2721488476,"9":1.2416785955,"10":1.248497963,"11":1.2524344921,"12":1.2978069782,"13":1.3054986,"14":1.3035318851,"15":1.1977404356,"16":1.1625983715,"17":1.3432667255,"18":1.2525327206,"19":1.4592626095,"20":1.3087393045,"21":1.3508079052,"22":1.3427963257,"23":1.5115917921,"24":1.7414653301,"25":1.5307735205,"26":1.5446000099,"27":1.5607554913,"28":1.6537806988,"29":1.4028259516,"30":1.5163550377,"31":1.7310237885,"32":1.9305721521,"33":1.6491937637,"34":1.5638321638,"35":1.6525357962,"36":1.6634792089,"37":1.5687115192,"38":1.8904627562,"39":1.7163271904,"40":1.9116568565,"41":1.9687831402,"42":1.9299772978,"43":1.8499411345,"44":1.847900629,"45":1.9374130964,"46":2.0444674492,"47":2.1457102299,"48":1.9655662775,"49":1.7543637753},"val_recall":{"0":0.0355731212,"1":0.0276679844,"2":0.0355731212,"3":0.1383399218,"4":0.118577078,"5":0.1976284534,"6":0.3003952503,"7":0.2490118593,"8":0.339920938,"9":0.3320158124,"10":0.3833992183,"11":0.4031620622,"12":0.3043478131,"13":0.3517786562,"14":0.4545454681,"15":0.4624505937,"16":0.5098814368,"17":0.4822134376,"18":0.4940711558,"19":0.5612648129,"20":0.5256916881,"21":0.5415019989,"22":0.5335968137,"23":0.5454545617,"24":0.5612648129,"25":0.5691699386,"26":0.5691699386,"27":0.5849802494,"28":0.5652173758,"29":0.5612648129,"30":0.592885375,"31":0.5652173758,"32":0.6126482487,"33":0.5889328122,"34":0.6007905006,"35":0.6007905006,"36":0.6126482487,"37":0.6126482487,"38":0.5889328122,"39":0.6284584999,"40":0.6324110627,"41":0.6284584999,"42":0.6245059371,"43":0.5691699386,"44":0.5691699386,"45":0.6166008115,"46":0.6007905006,"47":0.5968379378,"48":0.6205533743,"49":0.5691699386}}