{"loss":{"0":2.7554652691,"1":2.5550749302,"2":2.4056653976,"3":2.2932121754,"4":2.1841957569,"5":2.13692379,"6":2.0741810799,"7":2.0295965672,"8":1.932738781,"9":1.9104688168,"10":1.8857154846,"11":1.8266298771,"12":1.7974103689,"13":1.7697254419,"14":1.7301061153,"15":1.6876302958,"16":1.6928430796,"17":1.6348811388,"18":1.6237751245,"19":1.6391029358,"20":1.59202528,"21":1.5700610876,"22":1.5755046606,"23":1.527007103,"24":1.4795564413,"25":1.4973263741,"26":1.5052270889,"27":1.4401999712,"28":1.4635218382,"29":1.4387797117,"30":1.3892360926,"31":1.385112524,"32":1.3817508221,"33":1.3597239256,"34":1.3702771664,"35":1.3341684341,"36":1.3469787836,"37":1.2802289724,"38":1.2911469936,"39":1.2675795555,"40":1.263173461,"41":1.2718007565,"42":1.2383069992,"43":1.2172564268,"44":1.1820914745,"45":1.1799349785,"46":1.2101067305,"47":1.1494441032,"48":1.1621826887,"49":1.1655925512},"recall":{"0":0.0248403121,"1":0.0425833911,"2":0.0319375433,"3":0.0482611768,"4":0.0589070246,"5":0.0681334287,"6":0.0638750866,"7":0.0723917708,"8":0.0894251242,"9":0.0858765095,"10":0.1071682051,"11":0.1185237765,"12":0.1185237765,"13":0.1100070998,"14":0.1490418762,"15":0.1462029815,"16":0.1369765848,"17":0.1440738142,"18":0.1646557897,"19":0.1795599759,"20":0.1753016263,"21":0.1887863725,"22":0.1916252673,"23":0.1973030567,"24":0.2242725343,"25":0.2235628068,"26":0.2171753049,"27":0.2228530943,"28":0.2178850174,"29":0.2569198012,"30":0.2498225719,"31":0.2682753801,"32":0.2562100887,"33":0.258339256,"34":0.2931156754,"35":0.2760823369,"36":0.2959545851,"37":0.2931156754,"38":0.3165365458,"39":0.3144073784,"40":0.3200851679,"41":0.3193754554,"42":0.3193754554,"43":0.3385379612,"44":0.3435060382,"45":0.35273242,"46":0.3484740853,"47":0.3754435778,"48":0.3647977412,"49":0.3541518748},"val_loss":{"0":2.0105514526,"1":1.9251763821,"2":1.8780899048,"3":1.8176720142,"4":1.7787626982,"5":1.7407357693,"6":1.7184524536,"7":1.6897288561,"8":1.6579539776,"9":1.6355428696,"10":1.613858819,"11":1.5960770845,"12":1.5744481087,"13":1.5537587404,"14":1.5395995378,"15":1.5261422396,"16":1.5092117786,"17":1.4969967604,"18":1.4858794212,"19":1.469618082,"20":1.4530036449,"21":1.4543684721,"22":1.4323834181,"23":1.4157907963,"24":1.4038602114,"25":1.3955564499,"26":1.3909132481,"27":1.3774427176,"28":1.3708119392,"29":1.3618432283,"30":1.3508403301,"31":1.3418133259,"32":1.3341656923,"33":1.3242498636,"34":1.3180754185,"35":1.3129000664,"36":1.3118861914,"37":1.2988014221,"38":1.288641572,"39":1.2819267511,"40":1.278911829,"41":1.2764984369,"42":1.2695782185,"43":1.2641545534,"44":1.2561039925,"45":1.2505968809,"46":1.2443236113,"47":1.2378878593,"48":1.2341718674,"49":1.2313168049},"val_recall":{"0":0.0,"1":0.0,"2":0.0039525693,"3":0.0039525693,"4":0.0039525693,"5":0.0079051387,"6":0.0079051387,"7":0.0158102773,"8":0.0355731212,"9":0.0513833985,"10":0.059288539,"11":0.0790513828,"12":0.0790513828,"13":0.0830039531,"14":0.0830039531,"15":0.0948616564,"16":0.118577078,"17":0.134387359,"18":0.1422924846,"19":0.1422924846,"20":0.1581027657,"21":0.1501976252,"22":0.1739130467,"23":0.1897233129,"24":0.1897233129,"25":0.1897233129,"26":0.2015810311,"27":0.2134387344,"28":0.2134387344,"29":0.2292490155,"30":0.2490118593,"31":0.2608695626,"32":0.268774718,"33":0.2806324065,"34":0.268774718,"35":0.2845849693,"36":0.2806324065,"37":0.2885375619,"38":0.3122529685,"39":0.3003952503,"40":0.3043478131,"41":0.3083004057,"42":0.3122529685,"43":0.3162055314,"44":0.3280632496,"45":0.3359683752,"46":0.3438735306,"47":0.3438735306,"48":0.3478260934,"49":0.3478260934}}