{"loss":{"0":2.5867395401,"1":2.0721783638,"2":1.9055863619,"3":1.7640138865,"4":1.7240188122,"5":1.6448805332,"6":1.6034522057,"7":1.5207675695,"8":1.5379242897,"9":1.4825350046,"10":1.4939969778,"11":1.436357975,"12":1.4047560692,"13":1.3556861877,"14":1.3829350471,"15":1.3298500776,"16":1.3070280552,"17":1.2673119307,"18":1.2524392605,"19":1.2367283106,"20":1.2540436983,"21":1.2237991095,"22":1.146440506,"23":1.1758642197,"24":1.1625505686,"25":1.1584174633,"26":1.1009780169,"27":1.0719777346,"28":1.1046581268,"29":1.0634123087,"30":1.0486955643,"31":1.048774004,"32":1.0050189495,"33":0.9675930738,"34":0.9435354471,"35":0.9772781134,"36":0.9235578775,"37":0.9390935898,"38":0.8831107616,"39":0.910993576,"40":0.8888657093,"41":0.8690863252,"42":0.9477332234,"43":0.8382912278,"44":0.8389886618,"45":0.8305303454,"46":0.8057858944,"47":0.791595459,"48":0.7706401944,"49":0.7532333732},"recall":{"0":0.0610361956,"1":0.0738112107,"2":0.0823278949,"3":0.1242015585,"4":0.1383960247,"5":0.1511710435,"6":0.1611071676,"7":0.1745919138,"8":0.2051100135,"9":0.2143364102,"10":0.2072391808,"11":0.2285308689,"12":0.2334989309,"13":0.2540809214,"14":0.2590489686,"15":0.2895670831,"16":0.2867281735,"17":0.3073101342,"18":0.2924059629,"19":0.3073101342,"20":0.3044712543,"21":0.3165365458,"22":0.3399574161,"23":0.346344918,"24":0.3506032526,"25":0.3598296642,"26":0.3832505345,"27":0.3860894144,"28":0.3882185817,"29":0.4045422375,"30":0.4073811173,"31":0.4187366962,"32":0.4407381117,"33":0.4591909051,"34":0.4719659388,"35":0.4577714801,"36":0.4932576418,"37":0.4606103599,"38":0.4939673543,"39":0.4946770668,"40":0.4968062341,"41":0.5230659842,"42":0.4968062341,"43":0.5237757564,"44":0.5429382324,"45":0.5550035238,"46":0.5628104806,"47":0.5684882998,"48":0.5812633038,"49":0.5919091702},"val_loss":{"0":1.7118358612,"1":1.6356178522,"2":1.5685909986,"3":1.4960888624,"4":1.485645175,"5":1.4318624735,"6":1.4103291035,"7":1.427537322,"8":1.3929754496,"9":1.3637945652,"10":1.348053813,"11":1.3074787855,"12":1.2906057835,"13":1.299089551,"14":1.3084797859,"15":1.3041526079,"16":1.2827326059,"17":1.2420986891,"18":1.2313201427,"19":1.2326841354,"20":1.2504092455,"21":1.2101862431,"22":1.1891880035,"23":1.2159005404,"24":1.2180584669,"25":1.1909997463,"26":1.1793856621,"27":1.181307435,"28":1.1734082699,"29":1.1643929482,"30":1.1562758684,"31":1.1402848959,"32":1.1754722595,"33":1.1725689173,"34":1.1362421513,"35":1.1275597811,"36":1.1245758533,"37":1.1374616623,"38":1.1283481121,"39":1.1369661093,"40":1.1272895336,"41":1.157389164,"42":1.118927002,"43":1.1094126701,"44":1.1218169928,"45":1.1400288343,"46":1.1207178831,"47":1.121335268,"48":1.1159602404,"49":1.1440951824},"val_recall":{"0":0.0039525693,"1":0.0197628457,"2":0.0750988126,"3":0.0869565234,"4":0.134387359,"5":0.2015810311,"6":0.1304347813,"7":0.1778656095,"8":0.1501976252,"9":0.2094861716,"10":0.237154156,"11":0.252964437,"12":0.2450592816,"13":0.2885375619,"14":0.252964437,"15":0.3122529685,"16":0.3359683752,"17":0.3201580942,"18":0.2964426875,"19":0.3438735306,"20":0.3162055314,"21":0.3478260934,"22":0.3833992183,"23":0.3794466257,"24":0.3754940629,"25":0.3913043439,"26":0.4189723432,"27":0.4268774688,"28":0.4189723432,"29":0.4505928755,"30":0.4268774688,"31":0.4545454681,"32":0.4387351871,"33":0.4584980309,"34":0.4426877499,"35":0.4743083119,"36":0.4822134376,"37":0.4901185632,"38":0.4980237186,"39":0.4940711558,"40":0.5019763112,"41":0.5098814368,"42":0.5138339996,"43":0.5375494361,"44":0.5138339996,"45":0.5335968137,"46":0.5256916881,"47":0.5335968137,"48":0.5256916881,"49":0.5296442509}}