{"loss":{"0":2.4095337391,"1":1.9108589888,"2":1.7110021114,"3":1.6772123575,"4":1.5505161285,"5":1.5029609203,"6":1.460909605,"7":1.4242963791,"8":1.3622821569,"9":1.3397653103,"10":1.3412680626,"11":1.2914915085,"12":1.3176470995,"13":1.2260198593,"14":1.2119861841,"15":1.1971865892,"16":1.1480741501,"17":1.1218309402,"18":1.0895321369,"19":1.1255626678,"20":1.0335850716,"21":1.0154663324,"22":1.0063333511,"23":0.96763587,"24":0.945732832,"25":0.9651963711,"26":0.9403814077,"27":0.8721141219,"28":0.8697975278,"29":0.8965775967,"30":0.8658223152,"31":0.8758346438,"32":0.8360282779,"33":0.7761733532,"34":0.779535234,"35":0.7306402922,"36":0.7527102232,"37":0.7493755221,"38":0.7277818918,"39":0.6993874907,"40":0.7014882565,"41":0.6688420177,"42":0.6541174054,"43":0.6922947764,"44":0.6346673965,"45":0.5907998085,"46":0.5861988664,"47":0.5596986413,"48":0.5778123736,"49":0.608063221},"recall":{"0":0.0731014907,"1":0.097941801,"2":0.1348474026,"3":0.1611071676,"4":0.1987224966,"5":0.2008516639,"6":0.2207239121,"7":0.232079491,"8":0.2484031171,"9":0.2576295137,"10":0.2924059629,"11":0.2895670831,"12":0.281050384,"13":0.3257629573,"14":0.3378282487,"15":0.3506032526,"16":0.351312995,"17":0.3875088692,"18":0.3938963711,"19":0.3924769461,"20":0.4308019876,"21":0.4251241982,"22":0.4457061887,"23":0.4570617378,"24":0.4790631533,"25":0.4762242734,"26":0.4783534408,"27":0.5110006928,"28":0.5379701853,"29":0.5223562717,"30":0.5315826535,"31":0.5358410478,"32":0.5422285199,"33":0.5770049691,"34":0.5862313509,"35":0.6053938866,"36":0.5841022134,"37":0.6032647491,"38":0.6039744616,"39":0.6344925761,"40":0.632363379,"41":0.6387509108,"42":0.6628814936,"43":0.6394606233,"44":0.6621717811,"45":0.6941093206,"46":0.6848828793,"47":0.7168204188,"48":0.7047551274,"49":0.7068843246},"val_loss":{"0":1.78723979,"1":1.5302504301,"2":1.5206623077,"3":1.447996974,"4":1.3951097727,"5":1.3933659792,"6":1.352635026,"7":1.3654025793,"8":1.2682832479,"9":1.2904369831,"10":1.2813361883,"11":1.2797930241,"12":1.2502963543,"13":1.2538211346,"14":1.23057127,"15":1.2075146437,"16":1.2186439037,"17":1.2400865555,"18":1.1477839947,"19":1.1724996567,"20":1.1555325985,"21":1.1663297415,"22":1.1712430716,"23":1.2062033415,"24":1.1599526405,"25":1.1231293678,"26":1.1460773945,"27":1.1638013124,"28":1.2135056257,"29":1.1739139557,"30":1.1401902437,"31":1.1423301697,"32":1.1547408104,"33":1.1477202177,"34":1.1420384645,"35":1.2556798458,"36":1.2085367441,"37":1.1668987274,"38":1.2007282972,"39":1.1606324911,"40":1.2028688192,"41":1.1776678562,"42":1.2123196125,"43":1.1821968555,"44":1.2019534111,"45":1.2083220482,"46":1.255969882,"47":1.2293283939,"48":1.2364532948,"49":1.2571116686},"val_recall":{"0":0.0750988126,"1":0.059288539,"2":0.1936758906,"3":0.1383399218,"4":0.18577075,"5":0.2252964377,"6":0.2450592816,"7":0.2292490155,"8":0.3083004057,"9":0.3280632496,"10":0.2727272809,"11":0.2964426875,"12":0.2964426875,"13":0.3003952503,"14":0.2885375619,"15":0.3636363745,"16":0.3675889373,"17":0.3241106868,"18":0.4505928755,"19":0.4189723432,"20":0.4031620622,"21":0.4545454681,"22":0.4466403127,"23":0.4189723432,"24":0.4901185632,"25":0.4861660004,"26":0.4624505937,"27":0.5217391253,"28":0.5138339996,"29":0.5019763112,"30":0.5415019989,"31":0.5217391253,"32":0.5217391253,"33":0.5573122501,"34":0.5494071245,"35":0.5573122501,"36":0.5573122501,"37":0.5415019989,"38":0.5731225014,"39":0.5731225014,"40":0.5810276866,"41":0.5691699386,"42":0.5770751238,"43":0.5731225014,"44":0.5731225014,"45":0.5691699386,"46":0.5691699386,"47":0.5731225014,"48":0.5889328122,"49":0.5691699386}}