{"loss":{"0":2.8113424778,"1":2.4385604858,"2":2.2952139378,"3":2.1849954128,"4":2.1510612965,"5":2.0689687729,"6":1.9874722958,"7":1.9865443707,"8":1.9063700438,"9":1.8576155901,"10":1.7952103615,"11":1.7724627256,"12":1.7144892216,"13":1.696644783,"14":1.6589126587,"15":1.5993770361,"16":1.5981459618,"17":1.5294501781,"18":1.5094076395,"19":1.4970843792,"20":1.4459965229,"21":1.4444059134,"22":1.4113687277,"23":1.3634060621,"24":1.3327902555,"25":1.3327587843,"26":1.2842286825,"27":1.2935272455,"28":1.261310935,"29":1.2045423985,"30":1.2043281794,"31":1.1782412529,"32":1.1597875357,"33":1.1526726484,"34":1.1219109297,"35":1.1074926853,"36":1.0813497305,"37":1.0506312847,"38":1.0748796463,"39":0.9987710714,"40":0.9874724746,"41":0.9590510726,"42":0.9863586426,"43":0.956584394,"44":0.9177715778,"45":0.9315867424,"46":0.9130738974,"47":0.8597211242,"48":0.8547193408,"49":0.8470475674},"recall":{"0":0.0163236335,"1":0.034776438,"2":0.0425833911,"3":0.0560681336,"4":0.064584814,"5":0.0787792727,"6":0.0752306581,"7":0.0894251242,"8":0.107877925,"9":0.1234918386,"10":0.1256210059,"11":0.1419446468,"12":0.1561391056,"13":0.1646557897,"14":0.1745919138,"15":0.1951738894,"16":0.2008516639,"17":0.227111429,"18":0.2221433669,"19":0.2306600362,"20":0.2484031171,"21":0.2505322993,"22":0.27111426,"23":0.2782115042,"24":0.2952448428,"25":0.3058907092,"26":0.3257629573,"27":0.3172462881,"28":0.3364087939,"29":0.3364087939,"30":0.3598296642,"31":0.367636621,"32":0.3704755008,"33":0.3832505345,"34":0.3946061134,"35":0.4002839029,"36":0.4293825328,"37":0.4237047434,"38":0.4258339107,"39":0.4442867339,"40":0.4613200724,"41":0.4620298147,"42":0.4634492695,"43":0.4847409427,"44":0.491838187,"45":0.4953868091,"46":0.4904187322,"47":0.5287438035,"48":0.5223562717,"49":0.5230659842},"val_loss":{"0":1.9482123852,"1":1.847820282,"2":1.7994610071,"3":1.7640384436,"4":1.7423876524,"5":1.7108062506,"6":1.6908385754,"7":1.654919982,"8":1.6239407063,"9":1.600435853,"10":1.5792707205,"11":1.5486947298,"12":1.5284893513,"13":1.5070631504,"14":1.4837625027,"15":1.4648370743,"16":1.4427984953,"17":1.4302978516,"18":1.4131295681,"19":1.3955075741,"20":1.3806337118,"21":1.3645159006,"22":1.3576946259,"23":1.3490481377,"24":1.3323888779,"25":1.3209865093,"26":1.3122388124,"27":1.2984271049,"28":1.2950743437,"29":1.2875475883,"30":1.2767447233,"31":1.2678866386,"32":1.2652957439,"33":1.2500288486,"34":1.2417533398,"35":1.2453116179,"36":1.2300642729,"37":1.2222168446,"38":1.2129832506,"39":1.2112673521,"40":1.2112532854,"41":1.213878274,"42":1.2076659203,"43":1.2074869871,"44":1.2014223337,"45":1.202578187,"46":1.1994091272,"47":1.196023345,"48":1.1918931007,"49":1.1990180016},"val_recall":{"0":0.0,"1":0.0079051387,"2":0.0197628457,"3":0.0197628457,"4":0.0237154141,"5":0.0513833985,"6":0.0553359687,"7":0.0632411093,"8":0.0869565234,"9":0.1027667969,"10":0.1067193672,"11":0.118577078,"12":0.1264822185,"13":0.1581027657,"14":0.1818181872,"15":0.1976284534,"16":0.2094861716,"17":0.2213438749,"18":0.2411067188,"19":0.2450592816,"20":0.2806324065,"21":0.2845849693,"22":0.2964426875,"23":0.3003952503,"24":0.3162055314,"25":0.3241106868,"26":0.3280632496,"27":0.3478260934,"28":0.3478260934,"29":0.3675889373,"30":0.3952569067,"31":0.3952569067,"32":0.3913043439,"33":0.3913043439,"34":0.4031620622,"35":0.407114625,"36":0.4031620622,"37":0.4189723432,"38":0.422924906,"39":0.4466403127,"40":0.4545454681,"41":0.4624505937,"42":0.4664031565,"43":0.4822134376,"44":0.4861660004,"45":0.4861660004,"46":0.4980237186,"47":0.5019763112,"48":0.5019763112,"49":0.5019763112}}