{"loss":{"0":2.4097323418,"1":1.8445044756,"2":1.794184804,"3":1.6720743179,"4":1.6132706404,"5":1.5877810717,"6":1.5604976416,"7":1.514300108,"8":1.4746590853,"9":1.4442288876,"10":1.4614998102,"11":1.4319442511,"12":1.3367255926,"13":1.3417624235,"14":1.4404572248,"15":1.2788848877,"16":1.2809835672,"17":1.3049197197,"18":1.2612426281,"19":1.2549877167,"20":1.2052620649,"21":1.1542564631,"22":1.1343919039,"23":1.0972986221,"24":1.3034459352,"25":1.2017303705,"26":1.1740654707,"27":1.1900413036,"28":1.1164702177,"29":1.1088358164,"30":1.0511814356,"31":1.054394722,"32":1.0134186745,"33":1.0876264572,"34":0.9488452673,"35":0.9673592448,"36":0.955999732,"37":0.9322849512,"38":0.915551424,"39":0.886169374,"40":0.9085140824,"41":0.8292601705,"42":0.898958981,"43":0.877582252,"44":0.8494897485,"45":0.8436893821,"46":0.7889988422,"47":0.8652855754,"48":0.9690265656,"49":0.8692207336},"recall":{"0":0.0745209381,"1":0.1249112859,"2":0.1398154646,"3":0.1724627465,"4":0.1738821864,"5":0.173172459,"6":0.2001419514,"7":0.2143364102,"8":0.2235628068,"9":0.243435055,"10":0.2391767204,"11":0.2484031171,"12":0.2924059629,"13":0.3044712543,"14":0.2633073032,"15":0.3108587563,"16":0.3172462881,"17":0.3122782111,"18":0.330021292,"19":0.3349893689,"20":0.3484740853,"21":0.3718949556,"22":0.3797019124,"23":0.4144783616,"24":0.3420865834,"25":0.3619588315,"26":0.3924769461,"27":0.3974449933,"28":0.4045422375,"29":0.3917672038,"30":0.4350603223,"31":0.4350603223,"32":0.464158982,"33":0.4393186569,"34":0.4840312302,"35":0.4790631533,"36":0.5095812678,"37":0.5110006928,"38":0.5102909803,"39":0.5273243189,"40":0.5337118506,"41":0.5642299652,"42":0.5344215631,"43":0.5528743863,"44":0.572036922,"45":0.5649396777,"46":0.5713272095,"47":0.5699077249,"48":0.5244854689,"49":0.5635202527},"val_loss":{"0":1.6899954081,"1":1.585269928,"2":1.4827967882,"3":1.5314594507,"4":1.3991414309,"5":1.3939919472,"6":1.378505826,"7":1.3720669746,"8":1.302929759,"9":1.3001027107,"10":1.394064188,"11":1.3293632269,"12":1.2448880672,"13":1.2853947878,"14":1.2794395685,"15":1.2724494934,"16":1.2110385895,"17":1.2358901501,"18":1.1908255816,"19":1.2062786818,"20":1.2316799164,"21":1.170814991,"22":1.1843591928,"23":1.4468774796,"24":1.1835589409,"25":1.1640696526,"26":1.3844445944,"27":1.1896914244,"28":1.2776018381,"29":1.1908298731,"30":1.2128999233,"31":1.2239224911,"32":1.1993294954,"33":1.2394351959,"34":1.1792883873,"35":1.1718124151,"36":1.1573855877,"37":1.1872181892,"38":1.25380373,"39":1.150859952,"40":1.2828772068,"41":1.2676026821,"42":1.2495497465,"43":1.1851366758,"44":1.2133352757,"45":1.215244174,"46":1.237570405,"47":1.2474925518,"48":1.2590999603,"49":1.2666261196},"val_recall":{"0":0.0395256914,"1":0.059288539,"2":0.0711462423,"3":0.059288539,"4":0.134387359,"5":0.1620553434,"6":0.1976284534,"7":0.2924901247,"8":0.268774718,"9":0.252964437,"10":0.268774718,"11":0.1936758906,"12":0.3596837819,"13":0.3162055314,"14":0.339920938,"15":0.3241106868,"16":0.3241106868,"17":0.3675889373,"18":0.339920938,"19":0.4031620622,"20":0.3478260934,"21":0.422924906,"22":0.4031620622,"23":0.3715415001,"24":0.4466403127,"25":0.4110671878,"26":0.3952569067,"27":0.339920938,"28":0.3359683752,"29":0.4110671878,"30":0.4466403127,"31":0.4268774688,"32":0.3754940629,"33":0.3913043439,"34":0.4980237186,"35":0.4545454681,"36":0.4664031565,"37":0.4743083119,"38":0.4308300316,"39":0.4980237186,"40":0.5019763112,"41":0.4664031565,"42":0.4980237186,"43":0.5217391253,"44":0.5177865624,"45":0.5138339996,"46":0.5177865624,"47":0.5019763112,"48":0.4901185632,"49":0.4980237186}}