{"loss":{"0":3.1035392284,"1":2.7351741791,"2":2.6384916306,"3":2.4332256317,"4":2.3557262421,"5":2.2636685371,"6":2.2042787075,"7":2.1232702732,"8":2.1080522537,"9":2.0456745625,"10":2.0067689419,"11":2.0119435787,"12":1.8964953423,"13":1.9391685724,"14":1.909535408,"15":1.849821806,"16":1.883611083,"17":1.8726280928,"18":1.8145785332,"19":1.8057780266,"20":1.7909488678,"21":1.7610551119,"22":1.7633192539,"23":1.7189052105,"24":1.7210086584,"25":1.7060545683,"26":1.6964988708,"27":1.6807783842,"28":1.6848430634,"29":1.6646088362,"30":1.6564487219,"31":1.6632541418,"32":1.6498572826,"33":1.6355645657,"34":1.6332857609,"35":1.64435637,"36":1.6168391705,"37":1.59927845,"38":1.5926990509,"39":1.5724867582,"40":1.5675338507,"41":1.5808953047,"42":1.5606936216,"43":1.5484105349,"44":1.5341085196,"45":1.5102255344,"46":1.5219165087,"47":1.5481071472,"48":1.4906331301,"49":1.4853335619},"recall":{"0":0.0461320095,"1":0.0603264719,"2":0.0489709005,"3":0.0553584099,"4":0.0567778572,"5":0.0617459193,"6":0.0688431486,"7":0.0667139813,"8":0.0752306581,"9":0.0773598328,"10":0.0794890001,"11":0.0823278949,"12":0.0943931863,"13":0.0816181675,"14":0.0887154043,"15":0.1036195904,"16":0.1050390378,"17":0.0958126336,"18":0.1092973724,"19":0.1121362671,"20":0.1149751619,"21":0.1312987953,"22":0.1348474026,"23":0.1270404607,"24":0.1334279627,"25":0.140525192,"26":0.13555713,"27":0.1263307333,"28":0.1440738142,"29":0.1447835416,"30":0.1689141244,"31":0.156848833,"32":0.1589780003,"33":0.1497516036,"34":0.1511710435,"35":0.1327182353,"36":0.1554293782,"37":0.1667849571,"38":0.1653655022,"39":0.1653655022,"40":0.1753016263,"41":0.1838183105,"42":0.1774308085,"43":0.1767210811,"44":0.1930447072,"45":0.1923349947,"46":0.1831085831,"47":0.194464162,"48":0.1831085831,"49":0.1930447072},"val_loss":{"0":1.9789412022,"1":1.8966691494,"2":1.8560658693,"3":1.8319016695,"4":1.7990583181,"5":1.7707446814,"6":1.7538154125,"7":1.7223329544,"8":1.7111315727,"9":1.6935263872,"10":1.6882054806,"11":1.67250669,"12":1.6552253962,"13":1.6426166296,"14":1.6318346262,"15":1.6189193726,"16":1.6113491058,"17":1.6008365154,"18":1.5915259123,"19":1.5897140503,"20":1.5693033934,"21":1.5620718002,"22":1.553414464,"23":1.5448590517,"24":1.54324615,"25":1.5306934118,"26":1.5214204788,"27":1.5191283226,"28":1.5115227699,"29":1.5016460419,"30":1.4983035326,"31":1.4955989122,"32":1.4930263758,"33":1.4900677204,"34":1.4881936312,"35":1.4773632288,"36":1.4792329073,"37":1.4702297449,"38":1.4658924341,"39":1.4585698843,"40":1.4561855793,"41":1.4531613588,"42":1.4547827244,"43":1.4481836557,"44":1.4374676943,"45":1.4348057508,"46":1.4300454855,"47":1.4252767563,"48":1.4212106466,"49":1.4173711538},"val_recall":{"0":0.0,"1":0.0,"2":0.0,"3":0.0,"4":0.0,"5":0.0,"6":0.0,"7":0.0158102773,"8":0.0237154141,"9":0.0237154141,"10":0.0237154141,"11":0.0316205546,"12":0.0316205546,"13":0.0395256914,"14":0.0553359687,"15":0.0632411093,"16":0.059288539,"17":0.0671936795,"18":0.0790513828,"19":0.0711462423,"20":0.0909090936,"21":0.0909090936,"22":0.0948616564,"23":0.0988142267,"24":0.1027667969,"25":0.1027667969,"26":0.1106719375,"27":0.118577078,"28":0.1146245077,"29":0.1146245077,"30":0.1146245077,"31":0.1225296408,"32":0.118577078,"33":0.1225296408,"34":0.118577078,"35":0.1225296408,"36":0.1264822185,"37":0.1304347813,"38":0.134387359,"39":0.1422924846,"40":0.1462450624,"41":0.1501976252,"42":0.1422924846,"43":0.1581027657,"44":0.1581027657,"45":0.1581027657,"46":0.1501976252,"47":0.1541502029,"48":0.1581027657,"49":0.1581027657}}