{"loss":{"0":8.0790128708,"1":3.3689379692,"2":2.4442944527,"3":1.9525938034,"4":1.8689324856,"5":1.7439346313,"6":1.5304089785,"7":1.4716719389,"8":1.3571341038,"9":1.2626723051,"10":1.2764441967,"11":1.1075809002,"12":1.120256424,"13":1.0525671244,"14":0.954808414,"15":0.8956276178,"16":0.8177005649,"17":0.8134343028,"18":0.7581270933,"19":0.7714688778,"20":0.716475904,"21":0.6910796165,"22":0.686514318,"23":0.6288713813,"24":0.5777626038,"25":0.555775106,"26":0.5424230099,"27":0.5404499173,"28":0.4797756672,"29":0.494502753,"30":0.4654244781,"31":0.4480692148,"32":0.4164635241,"33":0.367367059,"34":0.3741874695,"35":0.3876852095,"36":0.3595377803,"37":0.3492516875,"38":0.3191370964,"39":0.2931572795,"40":0.2818803787,"41":0.3314903975,"42":0.2934466898,"43":0.297175765,"44":0.277843684,"45":0.2984146774,"46":0.2706437707,"47":0.2683089972,"48":0.2227694988,"49":0.2371476591},"recall":{"0":0.1632363349,"1":0.2093683481,"2":0.2448545098,"3":0.2547906339,"4":0.2640170455,"5":0.2853087187,"6":0.3172462881,"7":0.3385379612,"8":0.367636621,"9":0.4151880741,"10":0.4144783616,"11":0.4733853936,"12":0.4712561965,"13":0.5010645986,"14":0.5507451892,"15":0.5706174374,"16":0.5890702605,"17":0.5954577923,"18":0.6394606233,"19":0.6415897608,"20":0.6501064301,"21":0.6756564975,"22":0.6813342571,"23":0.6983676553,"24":0.7288857102,"25":0.7409510016,"26":0.7267565727,"27":0.750177443,"28":0.7650816441,"29":0.7757274508,"30":0.7885024548,"31":0.7963094115,"32":0.8126330972,"33":0.8303761482,"34":0.823278904,"35":0.8268275261,"36":0.8403123021,"37":0.8445706367,"38":0.8608942628,"39":0.880766511,"40":0.8715400696,"41":0.8573456407,"42":0.8722498417,"43":0.8750886917,"44":0.8871539831,"45":0.8750886917,"46":0.8899928927,"47":0.8878637552,"48":0.9070262313,"49":0.8977998495},"val_loss":{"0":1.9309478998,"1":1.6101367474,"2":1.437780261,"3":1.4135596752,"4":1.3708837032,"5":1.3675074577,"6":1.3158060312,"7":1.2939229012,"8":1.2958657742,"9":1.2801847458,"10":1.2399477959,"11":1.2173826694,"12":1.2220609188,"13":1.211214304,"14":1.1971985102,"15":1.2071611881,"16":1.1897338629,"17":1.1881428957,"18":1.1985311508,"19":1.2106581926,"20":1.2191646099,"21":1.2312867641,"22":1.2295291424,"23":1.2356669903,"24":1.2540746927,"25":1.259072423,"26":1.2448956966,"27":1.2754560709,"28":1.2494258881,"29":1.3065392971,"30":1.3198857307,"31":1.2948657274,"32":1.3004530668,"33":1.3522950411,"34":1.336766839,"35":1.3026604652,"36":1.3289263248,"37":1.3657996655,"38":1.3449400663,"39":1.3863735199,"40":1.4047949314,"41":1.4111680984,"42":1.4359059334,"43":1.4005694389,"44":1.4264003038,"45":1.4405897856,"46":1.4503065348,"47":1.4393513203,"48":1.4746263027,"49":1.5034316778},"val_recall":{"0":0.3043478131,"1":0.2766798437,"2":0.2292490155,"3":0.2727272809,"4":0.3122529685,"5":0.3003952503,"6":0.3162055314,"7":0.3320158124,"8":0.339920938,"9":0.3952569067,"10":0.3992094994,"11":0.4308300316,"12":0.4743083119,"13":0.4743083119,"14":0.4980237186,"15":0.4940711558,"16":0.5098814368,"17":0.5177865624,"18":0.5375494361,"19":0.5375494361,"20":0.5494071245,"21":0.5533596873,"22":0.5533596873,"23":0.5573122501,"24":0.5691699386,"25":0.592885375,"26":0.5770751238,"27":0.5770751238,"28":0.5612648129,"29":0.5691699386,"30":0.5691699386,"31":0.592885375,"32":0.6007905006,"33":0.5770751238,"34":0.592885375,"35":0.6086956263,"36":0.5968379378,"37":0.6007905006,"38":0.5968379378,"39":0.6047430634,"40":0.6047430634,"41":0.592885375,"42":0.6047430634,"43":0.6086956263,"44":0.5968379378,"45":0.6126482487,"46":0.6205533743,"47":0.6007905006,"48":0.6007905006,"49":0.5968379378}}