{"loss":{"0":10.4790401459,"1":5.0516433716,"2":3.7173652649,"3":2.9399223328,"4":2.6654539108,"5":2.4734854698,"6":2.325404644,"7":2.1855313778,"8":2.068048954,"9":1.9960067272,"10":1.9358516932,"11":1.9348732233,"12":1.8601392508,"13":1.8466618061,"14":1.7841228247,"15":1.755183816,"16":1.7468982935,"17":1.7609468699,"18":1.7420729399,"19":1.63590765,"20":1.6456911564,"21":1.6471861601,"22":1.6311005354,"23":1.6415598392,"24":1.5984532833,"25":1.5420628786,"26":1.5046573877,"27":1.4776345491,"28":1.5272409916,"29":1.4401129484,"30":1.4725369215,"31":1.4412122965,"32":1.4325979948,"33":1.4259388447,"34":1.3983004093,"35":1.3810946941,"36":1.3548109531,"37":1.3571017981,"38":1.3693910837,"39":1.343110323,"40":1.3193975687,"41":1.2945377827,"42":1.27312994,"43":1.2785322666,"44":1.2908496857,"45":1.192969203,"46":1.2277554274,"47":1.2184216976,"48":1.1578906775,"49":1.1679397821},"recall":{"0":0.140525192,"1":0.1525904834,"2":0.1880766451,"3":0.1703335643,"4":0.1774308085,"5":0.1831085831,"6":0.1660752296,"7":0.1767210811,"8":0.1823988706,"9":0.1859474778,"10":0.1753016263,"11":0.161816895,"12":0.173172459,"13":0.1816891432,"14":0.1951738894,"15":0.1973030567,"16":0.2036905587,"17":0.194464162,"18":0.1873669326,"19":0.2221433669,"20":0.2122072428,"21":0.2157558501,"22":0.2278211564,"23":0.243435055,"24":0.2164655775,"25":0.2519517243,"26":0.2604684234,"27":0.2853087187,"28":0.2767920494,"29":0.2945351303,"30":0.2789212167,"31":0.2938254178,"32":0.2931156754,"33":0.3066004217,"34":0.3101490438,"35":0.3200851679,"36":0.3470546603,"37":0.3349893689,"38":0.3193754554,"39":0.3385379612,"40":0.3491838276,"41":0.3484740853,"42":0.3442157507,"43":0.3548616171,"44":0.3569907844,"45":0.3875088692,"46":0.367636621,"47":0.3761532903,"48":0.411639452,"49":0.3960255384},"val_loss":{"0":2.3623201847,"1":2.0017821789,"2":1.7422602177,"3":1.7085828781,"4":1.6362595558,"5":1.6013753414,"6":1.6190320253,"7":1.6512371302,"8":1.5865739584,"9":1.6273249388,"10":1.561169982,"11":1.5657175779,"12":1.5478540659,"13":1.538885951,"14":1.5334844589,"15":1.5360107422,"16":1.536534071,"17":1.5381293297,"18":1.5226558447,"19":1.5274032354,"20":1.4735110998,"21":1.4693002701,"22":1.4705768824,"23":1.4748753309,"24":1.4532294273,"25":1.4173352718,"26":1.4073979855,"27":1.4170401096,"28":1.4432768822,"29":1.4017853737,"30":1.3954800367,"31":1.4096105099,"32":1.424105525,"33":1.3958903551,"34":1.3770614862,"35":1.3674806356,"36":1.3703032732,"37":1.3584618568,"38":1.3755880594,"39":1.3707685471,"40":1.3543109894,"41":1.3528161049,"42":1.3287581205,"43":1.3262468576,"44":1.3105300665,"45":1.316711545,"46":1.3033655882,"47":1.3180246353,"48":1.309004426,"49":1.3066854477},"val_recall":{"0":0.2450592816,"1":0.2134387344,"2":0.2055335939,"3":0.1818181872,"4":0.1739130467,"5":0.134387359,"6":0.1106719375,"7":0.1027667969,"8":0.1225296408,"9":0.118577078,"10":0.1264822185,"11":0.0948616564,"12":0.1501976252,"13":0.1383399218,"14":0.1225296408,"15":0.1501976252,"16":0.1501976252,"17":0.1422924846,"18":0.134387359,"19":0.1422924846,"20":0.169960469,"21":0.2015810311,"22":0.1778656095,"23":0.1778656095,"24":0.169960469,"25":0.2292490155,"26":0.2213438749,"27":0.2173912972,"28":0.2134387344,"29":0.252964437,"30":0.2608695626,"31":0.2569169998,"32":0.2727272809,"33":0.2450592816,"34":0.2727272809,"35":0.2806324065,"36":0.268774718,"37":0.2648221254,"38":0.2569169998,"39":0.2648221254,"40":0.2766798437,"41":0.2727272809,"42":0.2806324065,"43":0.2964426875,"44":0.2885375619,"45":0.2964426875,"46":0.3201580942,"47":0.3122529685,"48":0.2964426875,"49":0.3043478131}}