{"loss":{"0":7.0882544518,"1":2.226395607,"2":1.9282348156,"3":1.670130372,"4":1.4916695356,"5":1.4529094696,"6":1.305670619,"7":1.1972911358,"8":1.0997864008,"9":1.1381951571,"10":1.1527849436,"11":1.0736372471,"12":1.1212205887,"13":0.8745357394,"14":0.7554445863,"15":0.6792759299,"16":0.5614638329,"17":0.4823707044,"18":0.6768044233,"19":0.5867621899,"20":0.5083807707,"21":0.423589915,"22":0.4324999154,"23":0.3356268108,"24":0.348121345,"25":0.3866605759,"26":0.5394743681,"27":0.3828255832,"28":0.6079159975,"29":0.4698368013,"30":0.4045280218,"31":0.3895565569,"32":0.4814364612,"33":0.2726046145,"34":0.3563494086,"35":0.3378311098,"36":0.2269226611,"37":0.4950386882,"38":0.3169304729,"39":0.4119027853,"40":0.507291019,"41":0.2625097036,"42":0.290966779,"43":0.3006654978,"44":0.4998676181,"45":0.4134391546,"46":0.7518461347,"47":0.2667630017,"48":0.3451230526,"49":0.2756878138},"recall":{"0":0.1937544346,"1":0.2086586207,"2":0.2065294534,"3":0.2363378257,"4":0.2782115042,"5":0.3271824121,"6":0.3491838276,"7":0.4109297395,"8":0.4414478242,"9":0.4627395272,"10":0.4755145609,"11":0.5010645986,"12":0.5003548861,"13":0.5826827288,"14":0.633782804,"15":0.6919801235,"16":0.7359829545,"17":0.7700496912,"18":0.7317246199,"19":0.7430801988,"20":0.7757274508,"21":0.8204400539,"22":0.8168914318,"23":0.8630234003,"24":0.8566359282,"25":0.8438608646,"26":0.795599699,"27":0.8459900618,"28":0.779276073,"29":0.8161816597,"30":0.8509581089,"31":0.8474094868,"32":0.8246983886,"33":0.8907026052,"34":0.8722498417,"35":0.8800567985,"36":0.9105748534,"37":0.8296664357,"38":0.8793470263,"39":0.8410220146,"40":0.8310858607,"41":0.8899928927,"42":0.8885734677,"43":0.8779276013,"44":0.8388928175,"45":0.8722498417,"46":0.795599699,"47":0.9063165188,"48":0.8750886917,"49":0.895670712},"val_loss":{"0":1.9077931643,"1":1.7475252151,"2":1.5601842403,"3":1.4491738081,"4":1.3302541971,"5":1.2524713278,"6":1.2319041491,"7":1.2146372795,"8":1.2534387112,"9":1.2434588671,"10":1.3476763964,"11":1.2706911564,"12":1.2594784498,"13":1.2146385908,"14":1.3183157444,"15":1.3017219305,"16":1.2379872799,"17":1.3296860456,"18":1.4208525419,"19":1.3838541508,"20":1.4429776669,"21":1.4229462147,"22":1.6543744802,"23":1.447468996,"24":1.6615130901,"25":1.6946697235,"26":1.6853467226,"27":1.7079279423,"28":1.7337399721,"29":1.8668663502,"30":1.6700494289,"31":1.5913428068,"32":1.8575516939,"33":1.6548042297,"34":1.9333488941,"35":1.8520673513,"36":1.7305244207,"37":1.7883725166,"38":2.5309453011,"39":1.8626749516,"40":1.7440540791,"41":1.7583242655,"42":2.343208313,"43":2.9457731247,"44":1.9810920954,"45":1.920093894,"46":2.0532727242,"47":1.9353532791,"48":1.9846682549,"49":2.0414958},"val_recall":{"0":0.0632411093,"1":0.0395256914,"2":0.0474308282,"3":0.1146245077,"4":0.1541502029,"5":0.2806324065,"6":0.3320158124,"7":0.3557312191,"8":0.3992094994,"9":0.3320158124,"10":0.407114625,"11":0.4743083119,"12":0.3715415001,"13":0.4901185632,"14":0.5138339996,"15":0.5138339996,"16":0.5375494361,"17":0.5296442509,"18":0.5731225014,"19":0.5652173758,"20":0.5612648129,"21":0.5573122501,"22":0.6126482487,"23":0.6086956263,"24":0.5731225014,"25":0.5810276866,"26":0.6324110627,"27":0.5849802494,"28":0.5849802494,"29":0.5889328122,"30":0.5968379378,"31":0.6007905006,"32":0.592885375,"33":0.6126482487,"34":0.6047430634,"35":0.5138339996,"36":0.5573122501,"37":0.6047430634,"38":0.6126482487,"39":0.6166008115,"40":0.5415019989,"41":0.5573122501,"42":0.592885375,"43":0.5533596873,"44":0.5849802494,"45":0.5652173758,"46":0.5612648129,"47":0.5612648129,"48":0.5731225014,"49":0.6205533743}}