{"loss":{"0":8.660990715,"1":2.8551259041,"2":2.1713571548,"3":1.9948722124,"4":1.842094183,"5":1.801915884,"6":1.8356921673,"7":1.7696253061,"8":1.6724221706,"9":1.686377883,"10":1.67167449,"11":1.6978244781,"12":1.9734959602,"13":1.726266861,"14":1.61614573,"15":1.5913589001,"16":1.620131731,"17":1.5584290028,"18":1.5546222925,"19":1.553719759,"20":1.5411704779,"21":1.4675996304,"22":1.5369038582,"23":1.454298377,"24":1.4613486528,"25":1.4586000443,"26":1.4553127289,"27":1.7140280008,"28":1.436398983,"29":1.4217302799,"30":1.3713830709,"31":1.3800237179,"32":1.4307427406,"33":1.3761792183,"34":1.3854404688,"35":1.3280414343,"36":1.3191376925,"37":1.2786000967,"38":1.2945240736,"39":1.3819141388,"40":1.3390017748,"41":1.3524860144,"42":1.2783961296,"43":1.3155703545,"44":1.2635347843,"45":1.320445776,"46":1.3704091311,"47":1.342738986,"48":1.2164772749,"49":1.3240417242},"recall":{"0":0.1646557897,"1":0.102200143,"2":0.0880056769,"3":0.0787792727,"4":0.1064584777,"5":0.1163946092,"6":0.1199432239,"7":0.1376862973,"8":0.1674946845,"9":0.1305890679,"10":0.1632363349,"11":0.1440738142,"12":0.1305890679,"13":0.1497516036,"14":0.1454932541,"15":0.173172459,"16":0.1646557897,"17":0.1859474778,"18":0.1980127692,"19":0.1838183105,"20":0.1958836019,"21":0.1958836019,"22":0.1916252673,"23":0.2391767204,"24":0.2207239121,"25":0.2491128445,"26":0.2441447824,"27":0.2171753049,"28":0.2441447824,"29":0.258339256,"30":0.264726758,"31":0.264726758,"32":0.2526614666,"33":0.2526614666,"34":0.2526614666,"35":0.287437886,"36":0.3030517995,"37":0.308729589,"38":0.3264726698,"39":0.3200851679,"40":0.2909865081,"41":0.2959545851,"42":0.3037615418,"43":0.3193754554,"44":0.3264726698,"45":0.3115684986,"46":0.302342087,"47":0.3108587563,"48":0.3626685739,"49":0.3619588315},"val_loss":{"0":1.9761711359,"1":1.8454569578,"2":1.8488212824,"3":1.6923543215,"4":1.6085048914,"5":1.7000921965,"6":1.6537637711,"7":1.6312683821,"8":1.5742317438,"9":1.4949229956,"10":1.5456645489,"11":1.8467338085,"12":1.5338162184,"13":1.5249511003,"14":1.5101327896,"15":1.4546256065,"16":1.4751850367,"17":1.4150943756,"18":1.4265474081,"19":1.4575375319,"20":1.4129034281,"21":1.351106286,"22":1.3752095699,"23":1.3972147703,"24":1.3859827518,"25":1.371894002,"26":1.5444638729,"27":1.3746964931,"28":1.3453162909,"29":1.3988819122,"30":1.3253769875,"31":1.3479870558,"32":1.3615012169,"33":1.3332453966,"34":1.3536530733,"35":1.2878073454,"36":1.2938380241,"37":1.2448003292,"38":1.442150116,"39":1.281997323,"40":1.2656787634,"41":1.2333300114,"42":1.2302806377,"43":1.2360516787,"44":1.230314374,"45":1.2194987535,"46":1.2499296665,"47":1.2120548487,"48":1.226475358,"49":1.2311959267},"val_recall":{"0":0.0158102773,"1":0.0,"2":0.0,"3":0.0197628457,"4":0.0316205546,"5":0.0039525693,"6":0.0395256914,"7":0.0197628457,"8":0.0632411093,"9":0.0988142267,"10":0.0513833985,"11":0.0513833985,"12":0.0474308282,"13":0.0909090936,"14":0.0869565234,"15":0.0474308282,"16":0.0671936795,"17":0.1106719375,"18":0.0988142267,"19":0.0988142267,"20":0.0790513828,"21":0.1620553434,"22":0.1660079062,"23":0.1383399218,"24":0.2094861716,"25":0.1976284534,"26":0.118577078,"27":0.1620553434,"28":0.1739130467,"29":0.1225296408,"30":0.2173912972,"31":0.2134387344,"32":0.1462450624,"33":0.2569169998,"34":0.2332015783,"35":0.2766798437,"36":0.2806324065,"37":0.3359683752,"38":0.2608695626,"39":0.2727272809,"40":0.2806324065,"41":0.252964437,"42":0.2766798437,"43":0.3083004057,"44":0.3557312191,"45":0.3833992183,"46":0.3359683752,"47":0.3478260934,"48":0.4031620622,"49":0.3162055314}}