{"loss":{"0":29.9008235931,"1":2.611774683,"2":2.1753835678,"3":2.1742241383,"4":2.1659903526,"5":2.1657972336,"6":2.1653089523,"7":2.1643412113,"8":2.161709547,"9":2.1603138447,"10":2.1635494232,"11":2.1586773396,"12":2.1589279175,"13":2.1606345177,"14":2.1612167358,"15":2.1633071899,"16":2.1585390568,"17":2.1593823433,"18":2.1587328911,"19":2.1604332924,"20":2.1595339775,"21":2.1578779221,"22":2.1604804993,"23":2.1551280022,"24":2.1559095383,"25":2.154168129,"26":2.1598949432,"27":2.1581485271,"28":2.1574709415,"29":2.1558144093,"30":2.1568965912,"31":2.1577205658,"32":2.1539592743,"33":2.1553833485,"34":2.1568815708,"35":2.1557912827,"36":2.1571412086,"37":2.157556057,"38":2.1546795368,"39":2.1574196815,"40":2.1563282013,"41":2.1566543579,"42":2.1557543278,"43":2.1558089256,"44":2.1558558941,"45":2.1563036442,"46":2.1562662125,"47":2.1557722092,"48":2.1555089951,"49":2.1548807621},"recall":{"0":0.0411639474,"1":0.0,"2":0.0,"3":0.0,"4":0.0,"5":0.0,"6":0.0,"7":0.0,"8":0.0,"9":0.0,"10":0.0,"11":0.0,"12":0.0,"13":0.0,"14":0.0,"15":0.0,"16":0.0,"17":0.0,"18":0.0,"19":0.0,"20":0.0,"21":0.0,"22":0.0,"23":0.0,"24":0.0,"25":0.0,"26":0.0,"27":0.0,"28":0.0,"29":0.0,"30":0.0,"31":0.0,"32":0.0,"33":0.0,"34":0.0,"35":0.0,"36":0.0,"37":0.0,"38":0.0,"39":0.0,"40":0.0,"41":0.0,"42":0.0,"43":0.0,"44":0.0,"45":0.0,"46":0.0,"47":0.0,"48":0.0,"49":0.0},"val_loss":{"0":1.9556176662,"1":1.993809104,"2":1.9439599514,"3":1.956537962,"4":1.9291318655,"5":1.9544167519,"6":1.946513176,"7":1.9644787312,"8":1.9428570271,"9":1.9407197237,"10":1.959199667,"11":1.9394084215,"12":1.9523189068,"13":1.9553937912,"14":1.9466881752,"15":1.952246666,"16":1.9366776943,"17":1.9555058479,"18":1.9500610828,"19":1.9435174465,"20":1.9536901712,"21":1.9534248114,"22":1.94959867,"23":1.9439549446,"24":1.9440616369,"25":1.946069479,"26":1.9504840374,"27":1.9569427967,"28":1.955124259,"29":1.9525542259,"30":1.9453362226,"31":1.9479688406,"32":1.9490866661,"33":1.9506009817,"34":1.9522508383,"35":1.9446547031,"36":1.9507383108,"37":1.949062705,"38":1.9422718287,"39":1.9464749098,"40":1.9471747875,"41":1.9436465502,"42":1.9473603964,"43":1.9498465061,"44":1.9479423761,"45":1.9403089285,"46":1.9409370422,"47":1.9457525015,"48":1.9425498247,"49":1.9396808147},"val_recall":{"0":0.0,"1":0.0,"2":0.0,"3":0.0,"4":0.0,"5":0.0,"6":0.0,"7":0.0,"8":0.0,"9":0.0,"10":0.0,"11":0.0,"12":0.0,"13":0.0,"14":0.0,"15":0.0,"16":0.0,"17":0.0,"18":0.0,"19":0.0,"20":0.0,"21":0.0,"22":0.0,"23":0.0,"24":0.0,"25":0.0,"26":0.0,"27":0.0,"28":0.0,"29":0.0,"30":0.0,"31":0.0,"32":0.0,"33":0.0,"34":0.0,"35":0.0,"36":0.0,"37":0.0,"38":0.0,"39":0.0,"40":0.0,"41":0.0,"42":0.0,"43":0.0,"44":0.0,"45":0.0,"46":0.0,"47":0.0,"48":0.0,"49":0.0}}