{"loss":{"0":15.3320798874,"1":2.8887536526,"2":2.4278893471,"3":2.2257354259,"4":2.2357358932,"5":2.2583017349,"6":2.2086906433,"7":2.1913561821,"8":2.1956982613,"9":2.1881306171,"10":2.2302150726,"11":2.1617498398,"12":2.1694028378,"13":2.1920349598,"14":2.1744351387,"15":2.1548686028,"16":2.1661949158,"17":2.1850683689,"18":2.1774430275,"19":2.1597137451,"20":2.1675987244,"21":2.1548349857,"22":2.1590435505,"23":2.1577305794,"24":2.1795287132,"25":2.1676595211,"26":2.1644356251,"27":2.1661381721,"28":2.1621060371,"29":2.1638245583,"30":2.1573829651,"31":2.16533041,"32":2.1701638699,"33":2.1549158096,"34":2.1545605659,"35":2.1552941799,"36":2.1558566093,"37":2.1545493603,"38":2.1556355953,"39":2.1711440086,"40":2.168166399,"41":2.1549947262,"42":2.155424118,"43":2.1559710503,"44":2.1573085785,"45":2.1544010639,"46":2.1578390598,"47":2.1549203396,"48":2.1645414829,"49":2.1554560661},"recall":{"0":0.0759403855,"1":0.0092264013,"2":0.0021291696,"3":0.0028388929,"4":0.0021291696,"5":0.0028388929,"6":0.0021291696,"7":0.0007097232,"8":0.0014194464,"9":0.0007097232,"10":0.0021291696,"11":0.0,"12":0.0,"13":0.0,"14":0.0,"15":0.0007097232,"16":0.0,"17":0.0028388929,"18":0.0,"19":0.0,"20":0.0,"21":0.0,"22":0.0,"23":0.0007097232,"24":0.0014194464,"25":0.0007097232,"26":0.0,"27":0.0007097232,"28":0.0,"29":0.0,"30":0.0007097232,"31":0.0,"32":0.0,"33":0.0014194464,"34":0.0,"35":0.0,"36":0.0,"37":0.0,"38":0.0007097232,"39":0.0,"40":0.0,"41":0.0,"42":0.0,"43":0.0,"44":0.0,"45":0.0007097232,"46":0.0,"47":0.0,"48":0.0007097232,"49":0.0},"val_loss":{"0":2.2237434387,"1":2.0875785351,"2":2.0158264637,"3":1.9771476984,"4":1.9586138725,"5":1.9529094696,"6":1.9435247183,"7":1.9445962906,"8":1.9459568262,"9":1.9458942413,"10":1.9461531639,"11":1.9424415827,"12":1.9440630674,"13":1.9430736303,"14":1.9411151409,"15":1.9392312765,"16":1.9410144091,"17":1.9410660267,"18":1.941323638,"19":1.9431796074,"20":1.9457169771,"21":1.943146348,"22":1.9442074299,"23":1.9448000193,"24":1.9444881678,"25":1.9443194866,"26":1.9408266544,"27":1.9424358606,"28":1.9414300919,"29":1.941144228,"30":1.9428501129,"31":1.9405953884,"32":1.9427667856,"33":1.9397472143,"34":1.9439916611,"35":1.9424437284,"36":1.9403083324,"37":1.9410078526,"38":1.9411919117,"39":1.945186615,"40":1.9432288408,"41":1.9467339516,"42":1.9446926117,"43":1.9415818453,"44":1.9413346052,"45":1.9429795742,"46":1.9416131973,"47":1.9405041933,"48":1.9411255121,"49":1.9399638176},"val_recall":{"0":0.0,"1":0.0,"2":0.0,"3":0.0,"4":0.0,"5":0.0,"6":0.0,"7":0.0,"8":0.0,"9":0.0,"10":0.0,"11":0.0,"12":0.0,"13":0.0,"14":0.0,"15":0.0,"16":0.0,"17":0.0,"18":0.0,"19":0.0,"20":0.0,"21":0.0,"22":0.0,"23":0.0,"24":0.0,"25":0.0,"26":0.0,"27":0.0,"28":0.0,"29":0.0,"30":0.0,"31":0.0,"32":0.0,"33":0.0,"34":0.0,"35":0.0,"36":0.0,"37":0.0,"38":0.0,"39":0.0,"40":0.0,"41":0.0,"42":0.0,"43":0.0,"44":0.0,"45":0.0,"46":0.0,"47":0.0,"48":0.0,"49":0.0}}