{"loss":{"0":10.7483997345,"1":4.5739479065,"2":2.9913876057,"3":2.4420864582,"4":2.2230007648,"5":1.8953989744,"6":1.6291457415,"7":1.4818934202,"8":1.3934360743,"9":1.3095992804,"10":1.1050542593,"11":1.0933154821,"12":0.9692373872,"13":0.9499280453,"14":0.8848564029,"15":0.8290178776,"16":0.7737753987,"17":0.753064692,"18":0.6634835005,"19":0.7221875191,"20":0.6955156326,"21":0.5695879459,"22":0.5522571206,"23":0.563021481,"24":0.5521191955,"25":0.5912989974,"26":0.4894191623,"27":0.4590552747,"28":0.4745829105,"29":0.4089968503,"30":0.453645885,"31":0.4617872238,"32":0.4385712445,"33":0.4157725573,"34":0.3627710342,"35":0.3367996514,"36":0.385874927,"37":0.3724910319,"38":0.3381641805,"39":0.3559084237,"40":0.3516748846,"41":0.3216924667,"42":0.3195745051,"43":0.3546686471,"44":0.3122632802,"45":0.3160237372,"46":0.3122081161,"47":0.2763900161,"48":0.2833060026,"49":0.2803466618},"recall":{"0":0.1476224214,"1":0.2214336395,"2":0.2796309292,"3":0.3158268332,"4":0.3278921247,"5":0.3470546603,"6":0.3882185817,"7":0.4123491943,"8":0.4371894896,"9":0.4464159012,"10":0.5202271342,"11":0.5202271342,"12":0.5741660595,"13":0.5798438787,"14":0.5961675048,"15":0.6288147569,"16":0.6465578675,"17":0.661462009,"18":0.692689836,"19":0.6877217889,"20":0.6827537417,"21":0.7374024391,"22":0.7487579584,"23":0.7530163527,"24":0.7586941123,"25":0.7402412891,"26":0.7835344076,"27":0.8048261404,"28":0.7948899865,"29":0.8282470107,"30":0.8048261404,"31":0.8026969433,"32":0.8062455654,"33":0.8168914318,"34":0.8417317271,"35":0.8509581089,"36":0.8410220146,"37":0.8374733925,"38":0.8587650657,"39":0.8516678214,"40":0.8552164435,"41":0.8750886917,"42":0.8687012196,"43":0.8417317271,"44":0.8772178888,"45":0.8729595542,"46":0.8757984638,"47":0.8772178888,"48":0.8793470263,"49":0.882185936},"val_loss":{"0":2.2099981308,"1":1.762057662,"2":1.6075196266,"3":1.532595396,"4":1.4758865833,"5":1.4666742086,"6":1.3915449381,"7":1.379029274,"8":1.352268219,"9":1.3176915646,"10":1.3291654587,"11":1.2877041101,"12":1.2819172144,"13":1.2871596813,"14":1.2975019217,"15":1.3291552067,"16":1.3011592627,"17":1.2931851149,"18":1.2944613695,"19":1.3455065489,"20":1.3235250711,"21":1.3174040318,"22":1.3124144077,"23":1.3129982948,"24":1.3091039658,"25":1.3493353128,"26":1.3287984133,"27":1.3597730398,"28":1.3718707561,"29":1.362716198,"30":1.3897234201,"31":1.3670850992,"32":1.3469772339,"33":1.4060403109,"34":1.4055788517,"35":1.4434040785,"36":1.4405969381,"37":1.460036397,"38":1.4571858644,"39":1.4395676851,"40":1.3959562778,"41":1.4251998663,"42":1.4455659389,"43":1.4730836153,"44":1.4726672173,"45":1.4753279686,"46":1.4908219576,"47":1.4770343304,"48":1.518887043,"49":1.4809236526},"val_recall":{"0":0.2766798437,"1":0.3715415001,"2":0.3083004057,"3":0.3241106868,"4":0.3043478131,"5":0.3280632496,"6":0.3715415001,"7":0.3913043439,"8":0.4031620622,"9":0.4268774688,"10":0.4387351871,"11":0.4347825944,"12":0.4387351871,"13":0.4782608747,"14":0.4822134376,"15":0.4901185632,"16":0.5019763112,"17":0.5019763112,"18":0.5296442509,"19":0.5098814368,"20":0.5019763112,"21":0.5217391253,"22":0.5217391253,"23":0.5533596873,"24":0.5494071245,"25":0.5375494361,"26":0.5533596873,"27":0.5335968137,"28":0.5533596873,"29":0.5612648129,"30":0.5731225014,"31":0.5770751238,"32":0.5691699386,"33":0.5810276866,"34":0.5770751238,"35":0.5731225014,"36":0.5652173758,"37":0.5612648129,"38":0.5652173758,"39":0.5612648129,"40":0.5494071245,"41":0.5770751238,"42":0.5731225014,"43":0.5454545617,"44":0.5612648129,"45":0.5731225014,"46":0.5691699386,"47":0.5731225014,"48":0.5573122501,"49":0.5573122501}}