{"loss":{"0":2.2320785522,"1":1.6770832539,"2":1.4558311701,"3":1.305601716,"4":1.2061862946,"5":1.1186360121,"6":0.9717856646,"7":0.8769137859,"8":0.7351425886,"9":0.7515565753,"10":0.6602286696,"11":0.560726285,"12":0.7047583461,"13":0.5363137126,"14":0.5648912191,"15":0.7264133096,"16":0.5217334628,"17":0.4185654521,"18":0.4592953622,"19":0.2893497348,"20":0.2916215658,"21":0.1999940127,"22":0.2481803149,"23":0.2996780276,"24":0.3448161185,"25":0.2348919809,"26":0.1723997295,"27":0.2365238816,"28":0.2687047124,"29":0.3360609412,"30":0.2191110104,"31":0.13624008,"32":0.1035653949,"33":0.087306954,"34":0.1119714826,"35":0.3695392311,"36":0.2376710773,"37":0.2070576251,"38":0.140281558,"39":0.3591708243,"40":0.2187736481,"41":0.2664933503,"42":0.1867469996,"43":0.2064028531,"44":0.2219708264,"45":0.1592024863,"46":0.1120789498,"47":0.083685413,"48":0.1031273752,"49":0.0742401257},"recall":{"0":0.0809084475,"1":0.1816891432,"2":0.2441447824,"3":0.3278921247,"4":0.3761532903,"5":0.4173172414,"6":0.4840312302,"7":0.5471965671,"8":0.6068133712,"9":0.6202980876,"10":0.6579133868,"11":0.7026259899,"12":0.6657203436,"13":0.7416607738,"14":0.750177443,"15":0.7161107063,"16":0.7572746873,"17":0.8176011443,"18":0.8211497664,"19":0.8644428849,"20":0.8687012196,"21":0.9148331881,"22":0.8914123774,"23":0.8885734677,"24":0.8616039753,"25":0.913413763,"26":0.9290276766,"27":0.9091554284,"28":0.895670712,"29":0.8907026052,"30":0.911994338,"31":0.9496096373,"32":0.9552874565,"33":0.9609652162,"34":0.9602555037,"35":0.9020581841,"36":0.913413763,"37":0.926188767,"38":0.9474804997,"39":0.8623136878,"40":0.9056068063,"41":0.9084457159,"42":0.9318665862,"43":0.926188767,"44":0.9297373891,"45":0.9347054362,"46":0.9552874565,"47":0.9645138383,"48":0.9552874565,"49":0.9666430354},"val_loss":{"0":1.6200026274,"1":1.3317050934,"2":1.3638942242,"3":1.2846984863,"4":1.4026112556,"5":1.2793047428,"6":1.6326580048,"7":1.3487462997,"8":1.6192082167,"9":2.02440238,"10":2.1938457489,"11":3.2010893822,"12":1.5760476589,"13":2.089537859,"14":2.3931212425,"15":2.4853816032,"16":2.1294775009,"17":2.5503377914,"18":2.1640057564,"19":2.3200449944,"20":2.5016386509,"21":2.5423734188,"22":2.9413084984,"23":2.5912189484,"24":2.518879652,"25":2.2102239132,"26":2.4443902969,"27":2.8037645817,"28":3.8615756035,"29":3.1344428062,"30":3.074524641,"31":2.7973165512,"32":2.9767980576,"33":3.258841753,"34":3.5632355213,"35":3.2732365131,"36":2.9934585094,"37":3.4331502914,"38":2.9811499119,"39":2.7489712238,"40":2.9803106785,"41":2.4483118057,"42":2.8785545826,"43":3.1055951118,"44":3.4614884853,"45":3.2118997574,"46":3.3004124165,"47":3.348344326,"48":3.0182316303,"49":3.1462614536},"val_recall":{"0":0.2213438749,"1":0.1778656095,"2":0.3083004057,"3":0.2924901247,"4":0.4110671878,"5":0.4822134376,"6":0.5494071245,"7":0.5177865624,"8":0.5335968137,"9":0.5217391253,"10":0.5731225014,"11":0.5019763112,"12":0.5138339996,"13":0.5494071245,"14":0.5217391253,"15":0.5415019989,"16":0.5454545617,"17":0.592885375,"18":0.4940711558,"19":0.5375494361,"20":0.5533596873,"21":0.5889328122,"22":0.5375494361,"23":0.5731225014,"24":0.4940711558,"25":0.5810276866,"26":0.5494071245,"27":0.5573122501,"28":0.5494071245,"29":0.5731225014,"30":0.5849802494,"31":0.5849802494,"32":0.6126482487,"33":0.5849802494,"34":0.5415019989,"35":0.5098814368,"36":0.5849802494,"37":0.6324110627,"38":0.5177865624,"39":0.5019763112,"40":0.5335968137,"41":0.5889328122,"42":0.592885375,"43":0.6086956263,"44":0.6126482487,"45":0.6007905006,"46":0.592885375,"47":0.5770751238,"48":0.6086956263,"49":0.5889328122}}