{"loss":{"0":7.5188236237,"1":2.2317478657,"2":2.1943616867,"3":1.991456151,"4":1.9719586372,"5":1.86472404,"6":1.7171816826,"7":1.7495499849,"8":1.7130179405,"9":1.6163935661,"10":1.6744436026,"11":2.1120259762,"12":1.7972846031,"13":1.6223403215,"14":1.4924144745,"15":1.4333455563,"16":1.4631336927,"17":1.4776337147,"18":1.2966550589,"19":1.3425394297,"20":1.2398046255,"21":1.1819342375,"22":1.3178539276,"23":1.234431386,"24":1.1255787611,"25":1.3022999763,"26":1.059849143,"27":1.1886962652,"28":1.1339520216,"29":1.1445969343,"30":1.052377224,"31":0.9398344755,"32":1.0347397327,"33":0.9242905974,"34":0.9537881017,"35":1.114541769,"36":1.0422507524,"37":0.9901242852,"38":0.8063318729,"39":1.0580054522,"40":0.6851201653,"41":0.7216518521,"42":0.761331737,"43":0.6327493191,"44":0.5332260132,"45":0.6345790625,"46":0.5757446289,"47":1.8268067837,"48":0.7157488465,"49":0.5071241856},"recall":{"0":0.1000709757,"1":0.0305180978,"2":0.0482611768,"3":0.0723917708,"4":0.0801987201,"5":0.1000709757,"6":0.1270404607,"7":0.1220723912,"8":0.168204397,"9":0.1838183105,"10":0.2185947448,"11":0.1320085227,"12":0.1646557897,"13":0.2413058877,"14":0.2604684234,"15":0.3101490438,"16":0.2881476283,"17":0.2959545851,"18":0.3697657883,"19":0.3548616171,"20":0.3697657883,"21":0.3953158259,"22":0.3818310797,"23":0.4336408675,"24":0.4350603223,"25":0.4279631078,"26":0.4613200724,"27":0.4577714801,"28":0.4826117754,"29":0.4712561965,"30":0.5287438035,"31":0.558552146,"32":0.5479063392,"33":0.6018452644,"34":0.5670688152,"35":0.5628104806,"36":0.6124911308,"37":0.6394606233,"38":0.6536550522,"39":0.6167494655,"40":0.6870120764,"41":0.6905606985,"42":0.7019162774,"43":0.7317246199,"44":0.7537260652,"45":0.7806955576,"46":0.735273242,"47":0.589779973,"48":0.6870120764,"49":0.7757274508},"val_loss":{"0":6.8872790337,"1":2.080958128,"2":2.2506501675,"3":1.7895389795,"4":1.6815416813,"5":1.5929740667,"6":1.4508731365,"7":1.4885840416,"8":1.4502482414,"9":1.4072849751,"10":1.7116421461,"11":1.9111626148,"12":1.4707764387,"13":1.3766725063,"14":1.2843828201,"15":1.3863806725,"16":1.352543354,"17":1.2756122351,"18":1.3444821835,"19":1.3931491375,"20":1.2954577208,"21":1.2618412971,"22":1.2710438967,"23":1.3182026148,"24":1.2742264271,"25":1.3383514881,"26":1.4498080015,"27":1.3490673304,"28":1.2943975925,"29":1.234891057,"30":1.5329144001,"31":1.2664312124,"32":1.343963623,"33":1.1969535351,"34":1.3732544184,"35":1.4467837811,"36":1.2830650806,"37":1.2853964567,"38":1.7854787111,"39":1.2523750067,"40":1.2871032953,"41":1.4006433487,"42":1.2559098005,"43":1.5834310055,"44":1.4842816591,"45":1.4595239162,"46":3.5116007328,"47":1.3787258863,"48":1.6392489672,"49":1.3308646679},"val_recall":{"0":0.0750988126,"1":0.0,"2":0.0237154141,"3":0.0,"4":0.0553359687,"5":0.0474308282,"6":0.0750988126,"7":0.0395256914,"8":0.2411067188,"9":0.2015810311,"10":0.0948616564,"11":0.0079051387,"12":0.134387359,"13":0.1225296408,"14":0.2450592816,"15":0.2806324065,"16":0.3162055314,"17":0.4189723432,"18":0.3083004057,"19":0.3359683752,"20":0.3715415001,"21":0.2924901247,"22":0.3873517811,"23":0.4110671878,"24":0.4940711558,"25":0.3715415001,"26":0.4624505937,"27":0.3715415001,"28":0.4189723432,"29":0.4545454681,"30":0.4505928755,"31":0.4584980309,"32":0.5296442509,"33":0.4822134376,"34":0.4584980309,"35":0.5019763112,"36":0.4861660004,"37":0.4466403127,"38":0.5335968137,"39":0.5019763112,"40":0.5335968137,"41":0.592885375,"42":0.5296442509,"43":0.5138339996,"44":0.5968379378,"45":0.5415019989,"46":0.4703557193,"47":0.4110671878,"48":0.5256916881,"49":0.5296442509}}