{"loss":{"0":2.4285743237,"1":1.8789433241,"2":1.7255810499,"3":1.6738880873,"4":1.6308969259,"5":1.5883158445,"6":1.5671237707,"7":1.5517455339,"8":1.4942785501,"9":1.5243792534,"10":1.4633761644,"11":1.4675109386,"12":1.4261564016,"13":1.389018178,"14":1.4212679863,"15":1.3393828869,"16":1.3521767855,"17":1.3465639353,"18":1.3501834869,"19":1.3594769239,"20":1.2754150629,"21":1.3023771048,"22":1.3000940084,"23":1.2269698381,"24":1.2513426542,"25":1.1925486326,"26":1.1664133072,"27":1.1858234406,"28":1.1998476982,"29":1.2271140814,"30":1.3148223162,"31":1.192579627,"32":1.126478672,"33":1.1823173761,"34":1.1186518669,"35":1.1623586416,"36":1.120980382,"37":1.1208857298,"38":1.0942153931,"39":1.0602123737,"40":1.1121920347,"41":1.0240684748,"42":0.9939094782,"43":1.0795718431,"44":1.0241501331,"45":0.9911937118,"46":0.9909219146,"47":0.9653897285,"48":1.010656476,"49":1.0944082737},"recall":{"0":0.097232081,"1":0.1085876524,"2":0.1298793405,"3":0.1469127089,"4":0.1540099382,"5":0.1703335643,"6":0.205819726,"7":0.1894960999,"8":0.2193044722,"9":0.2022711188,"10":0.2356280982,"11":0.232079491,"12":0.2221433669,"13":0.2661462128,"14":0.2689850926,"15":0.2732434273,"16":0.2881476283,"17":0.2980837524,"18":0.3037615418,"19":0.2952448428,"20":0.3193754554,"21":0.3179560006,"22":0.3158268332,"23":0.346344918,"24":0.3435060382,"25":0.3498935401,"26":0.3924769461,"27":0.3832505345,"28":0.3598296642,"29":0.3718949556,"30":0.3534421623,"31":0.3931866586,"32":0.4059616625,"33":0.4088005722,"34":0.4038324952,"35":0.3967352808,"36":0.411639452,"37":0.4151880741,"38":0.4222853184,"39":0.4506742358,"40":0.4386089444,"41":0.4755145609,"42":0.491838187,"43":0.4655784369,"44":0.4506742358,"45":0.48687011,"46":0.4982256889,"47":0.5067423582,"48":0.4861603975,"49":0.491838187},"val_loss":{"0":1.6610108614,"1":1.5695558786,"2":1.4879840612,"3":1.5190899372,"4":1.4345870018,"5":1.3822031021,"6":1.4068912268,"7":1.4070068598,"8":1.3064249754,"9":1.348998785,"10":1.3958482742,"11":1.3475296497,"12":1.2950673103,"13":1.3196480274,"14":1.2902431488,"15":1.2430124283,"16":1.2375342846,"17":1.2681418657,"18":1.278441906,"19":1.2688354254,"20":1.2094458342,"21":1.2049816847,"22":1.1612826586,"23":1.2707393169,"24":1.2179902792,"25":1.1825886965,"26":1.2026321888,"27":1.2825498581,"28":1.1239545345,"29":1.2942051888,"30":1.1758306026,"31":1.1571466923,"32":1.2187530994,"33":1.2104834318,"34":1.1847259998,"35":1.131190896,"36":1.2479795218,"37":1.2890933752,"38":1.2100265026,"39":1.1884598732,"40":1.1860394478,"41":1.1946066618,"42":1.1805541515,"43":1.2241569757,"44":1.159542799,"45":1.0845768452,"46":1.1750639677,"47":1.2324992418,"48":1.1802619696,"49":1.1962668896},"val_recall":{"0":0.0079051387,"1":0.0276679844,"2":0.2173912972,"3":0.059288539,"4":0.252964437,"5":0.1620553434,"6":0.2924901247,"7":0.2015810311,"8":0.2450592816,"9":0.1778656095,"10":0.2490118593,"11":0.1383399218,"12":0.2806324065,"13":0.2411067188,"14":0.3201580942,"15":0.2608695626,"16":0.3003952503,"17":0.2608695626,"18":0.3083004057,"19":0.3596837819,"20":0.3122529685,"21":0.3241106868,"22":0.3517786562,"23":0.3833992183,"24":0.4505928755,"25":0.4347825944,"26":0.4466403127,"27":0.3478260934,"28":0.4150197506,"29":0.3596837819,"30":0.407114625,"31":0.4426877499,"32":0.422924906,"33":0.3517786562,"34":0.4347825944,"35":0.4268774688,"36":0.4743083119,"37":0.3992094994,"38":0.4387351871,"39":0.4822134376,"40":0.4308300316,"41":0.4624505937,"42":0.4505928755,"43":0.4426877499,"44":0.4624505937,"45":0.4545454681,"46":0.422924906,"47":0.4664031565,"48":0.4703557193,"49":0.4466403127}}