{"loss":{"0":10.6931867599,"1":4.7243328094,"2":3.2617678642,"3":2.6560044289,"4":2.2777776718,"5":2.0463426113,"6":1.9278242588,"7":1.7129402161,"8":1.6612927914,"9":1.5801633596,"10":1.4952454567,"11":1.4194791317,"12":1.4343088865,"13":1.3126780987,"14":1.233404994,"15":1.205177784,"16":1.2170795202,"17":1.1702644825,"18":1.0502107143,"19":1.0303560495,"20":1.0156270266,"21":0.9521484375,"22":0.8827468157,"23":0.8883985281,"24":0.8498878479,"25":0.8772804141,"26":0.7742501497,"27":0.760460794,"28":0.7363532782,"29":0.7396521568,"30":0.7167981267,"31":0.6683453321,"32":0.6532257199,"33":0.6642383933,"34":0.613237381,"35":0.5986071825,"36":0.600459218,"37":0.6291226149,"38":0.5521996021,"39":0.5354483724,"40":0.5388208628,"41":0.4667587578,"42":0.4269265234,"43":0.4667969644,"44":0.4708155394,"45":0.4086436629,"46":0.4196837544,"47":0.4108304083,"48":0.3972774744,"49":0.4086817801},"recall":{"0":0.1320085227,"1":0.1973030567,"2":0.232079491,"3":0.2469836771,"4":0.2725337148,"5":0.2867281735,"6":0.2916962504,"7":0.3385379612,"8":0.3349893689,"9":0.3491838276,"10":0.3420865834,"11":0.3782824576,"12":0.3541518748,"13":0.4059616625,"14":0.4457061887,"15":0.4400283992,"16":0.4513839483,"17":0.4662881494,"18":0.5053229332,"19":0.51312989,"20":0.5237757564,"21":0.5379701853,"22":0.5691980124,"23":0.5947480202,"24":0.5904896855,"25":0.5911994576,"26":0.6252661347,"27":0.6224272251,"28":0.6572036743,"29":0.6536550522,"30":0.674946785,"31":0.6728175879,"32":0.6955287457,"33":0.692689836,"34":0.7075940371,"35":0.7111426592,"36":0.7083037496,"37":0.7196593285,"38":0.7317246199,"39":0.7480482459,"40":0.7423704863,"41":0.7757274508,"42":0.7977288961,"43":0.7863733172,"44":0.7977288961,"45":0.8119233251,"46":0.8133428097,"47":0.8183108568,"48":0.8254081011,"49":0.8261178136},"val_loss":{"0":2.3282704353,"1":1.8466045856,"2":1.6636070013,"3":1.5772403479,"4":1.551620841,"5":1.4504354,"6":1.4343806505,"7":1.413730979,"8":1.3826092482,"9":1.3858215809,"10":1.3700916767,"11":1.3644086123,"12":1.3765537739,"13":1.3549551964,"14":1.3024916649,"15":1.2995331287,"16":1.2752310038,"17":1.2817314863,"18":1.2749276161,"19":1.2557902336,"20":1.2318826914,"21":1.2276784182,"22":1.2402095795,"23":1.2528042793,"24":1.2161660194,"25":1.2281579971,"26":1.2382353544,"27":1.231774807,"28":1.2190474272,"29":1.2319231033,"30":1.2253308296,"31":1.2348459959,"32":1.2419598103,"33":1.2623803616,"34":1.2695554495,"35":1.268470645,"36":1.2650098801,"37":1.3024945259,"38":1.2845817804,"39":1.2873276472,"40":1.2874286175,"41":1.2775976658,"42":1.2688081264,"43":1.2709664106,"44":1.2667098045,"45":1.2916070223,"46":1.3109859228,"47":1.3089748621,"48":1.3117611408,"49":1.3397308588},"val_recall":{"0":0.339920938,"1":0.339920938,"2":0.3003952503,"3":0.2213438749,"4":0.237154156,"5":0.2845849693,"6":0.3122529685,"7":0.3083004057,"8":0.3162055314,"9":0.3122529685,"10":0.3438735306,"11":0.3636363745,"12":0.3715415001,"13":0.3754940629,"14":0.3913043439,"15":0.3873517811,"16":0.4110671878,"17":0.4189723432,"18":0.4268774688,"19":0.4466403127,"20":0.4545454681,"21":0.4624505937,"22":0.4584980309,"23":0.4505928755,"24":0.4782608747,"25":0.4901185632,"26":0.4940711558,"27":0.5019763112,"28":0.4980237186,"29":0.5217391253,"30":0.5177865624,"31":0.505928874,"32":0.5296442509,"33":0.5256916881,"34":0.5375494361,"35":0.5415019989,"36":0.5415019989,"37":0.5494071245,"38":0.5573122501,"39":0.5612648129,"40":0.5612648129,"41":0.5573122501,"42":0.5810276866,"43":0.5849802494,"44":0.5810276866,"45":0.5849802494,"46":0.5849802494,"47":0.5810276866,"48":0.5849802494,"49":0.592885375}}