{"loss":{"0":2.707444191,"1":2.3050701618,"2":2.1307446957,"3":1.9973931313,"4":1.9018741846,"5":1.8110038042,"6":1.7258679867,"7":1.6692080498,"8":1.6371436119,"9":1.5559780598,"10":1.487410903,"11":1.4684308767,"12":1.4030874968,"13":1.3660155535,"14":1.3312857151,"15":1.2687835693,"16":1.2757195234,"17":1.201346159,"18":1.1786302328,"19":1.1471643448,"20":1.099158287,"21":1.065783143,"22":1.0010646582,"23":1.0142607689,"24":0.9461874366,"25":0.9160196781,"26":0.9161393642,"27":0.8779107332,"28":0.8294506073,"29":0.8461096883,"30":0.8174284101,"31":0.7793240547,"32":0.7640612125,"33":0.738339901,"34":0.7137881517,"35":0.6685354114,"36":0.6725671887,"37":0.6500562429,"38":0.6117867827,"39":0.6145365238,"40":0.5940053463,"41":0.5529492497,"42":0.5698800087,"43":0.521432817,"44":0.5280365944,"45":0.4846325219,"46":0.4704606831,"47":0.4743647575,"48":0.4543191195,"49":0.4290814698},"recall":{"0":0.0184528027,"1":0.0432931148,"2":0.0546486862,"3":0.0695528761,"4":0.0986515284,"5":0.1348474026,"6":0.13555713,"7":0.1710432917,"8":0.1831085831,"9":0.2150461376,"10":0.2356280982,"11":0.2519517243,"12":0.2753725946,"13":0.2945351303,"14":0.3002129197,"15":0.3335699141,"16":0.3335699141,"17":0.3619588315,"18":0.3640879989,"19":0.4031227827,"20":0.3917672038,"21":0.4293825328,"22":0.4485450685,"23":0.4506742358,"24":0.4847409427,"25":0.4882895648,"26":0.5039034486,"27":0.5102909803,"28":0.5542938113,"29":0.5415188074,"30":0.5521646738,"31":0.5684882998,"32":0.572036922,"33":0.5911994576,"34":0.6011355519,"35":0.6259758472,"36":0.6224272251,"37":0.6366217136,"38":0.6522356272,"39":0.6522356272,"40":0.6685592532,"41":0.6891412139,"42":0.6891412139,"43":0.7026259899,"44":0.6997870803,"45":0.7331440449,"46":0.7452093959,"47":0.7402412891,"48":0.751596868,"49":0.7594038248},"val_loss":{"0":1.9041591883,"1":1.8077396154,"2":1.7374383211,"3":1.680585146,"4":1.6216477156,"5":1.5623850822,"6":1.5105950832,"7":1.4757870436,"8":1.4500780106,"9":1.4175596237,"10":1.3885375261,"11":1.360117197,"12":1.3360738754,"13":1.3212057352,"14":1.2986067533,"15":1.2799886465,"16":1.2658057213,"17":1.2471758127,"18":1.246137619,"19":1.2304079533,"20":1.2293512821,"21":1.2184244394,"22":1.2155250311,"23":1.2076945305,"24":1.1979432106,"25":1.2066277266,"26":1.1956942081,"27":1.194488883,"28":1.1923346519,"29":1.1896128654,"30":1.202955246,"31":1.2180994749,"32":1.2466497421,"33":1.2591959238,"34":1.2341244221,"35":1.2501055002,"36":1.2562361956,"37":1.2826036215,"38":1.3192460537,"39":1.3233044147,"40":1.3256610632,"41":1.314666152,"42":1.3121429682,"43":1.3342349529,"44":1.3474179506,"45":1.3660572767,"46":1.356800437,"47":1.370003581,"48":1.3979382515,"49":1.4166500568},"val_recall":{"0":0.0,"1":0.0,"2":0.0158102773,"3":0.0316205546,"4":0.059288539,"5":0.0909090936,"6":0.1383399218,"7":0.169960469,"8":0.1936758906,"9":0.2173912972,"10":0.2490118593,"11":0.2845849693,"12":0.2964426875,"13":0.3241106868,"14":0.3280632496,"15":0.3438735306,"16":0.3596837819,"17":0.3913043439,"18":0.3952569067,"19":0.4150197506,"20":0.422924906,"21":0.4308300316,"22":0.4545454681,"23":0.4387351871,"24":0.4545454681,"25":0.4782608747,"26":0.4822134376,"27":0.4901185632,"28":0.5019763112,"29":0.5296442509,"30":0.5375494361,"31":0.5415019989,"32":0.5335968137,"33":0.5494071245,"34":0.5415019989,"35":0.5375494361,"36":0.5612648129,"37":0.5573122501,"38":0.5573122501,"39":0.5652173758,"40":0.5573122501,"41":0.5573122501,"42":0.5494071245,"43":0.5612648129,"44":0.5612648129,"45":0.5731225014,"46":0.5533596873,"47":0.5652173758,"48":0.5612648129,"49":0.5849802494}}