{"loss":{"0":2.4024226665,"1":1.8083797693,"2":1.5453096628,"3":1.405410409,"4":1.2271044254,"5":1.0661264658,"6":0.9750054479,"7":0.8986573815,"8":0.7740736604,"9":0.7093881369,"10":0.6408094764,"11":0.5994563699,"12":0.5488654375,"13":0.5101967454,"14":0.4526223242,"15":0.4371239245,"16":0.3935490549,"17":0.3632473648,"18":0.3123308718,"19":0.2847685218,"20":0.2561202049,"21":0.2192537636,"22":0.2018323243,"23":0.1985129863,"24":0.2726537585,"25":0.1709983051,"26":0.1637577415,"27":0.1558622569,"28":0.171507895,"29":0.1648166329,"30":0.113642253,"31":0.11600288,"32":0.097963959,"33":0.1088984981,"34":0.0840028152,"35":0.1085465178,"36":0.1145457178,"37":0.1011266336,"38":0.0966841355,"39":0.116334103,"40":0.0964078456,"41":0.098772645,"42":0.1202686578,"43":0.1055657268,"44":0.0753829479,"45":0.0839354917,"46":0.0990835801,"47":0.0771164596,"48":0.0781310126,"49":0.0941147283},"recall":{"0":0.0454222858,"1":0.1419446468,"2":0.2349183857,"3":0.2796309292,"4":0.3569907844,"5":0.4308019876,"6":0.4748048186,"7":0.514549315,"8":0.5713272095,"9":0.6103619337,"10":0.6380411386,"11":0.6657203436,"12":0.6834634542,"13":0.7182399035,"14":0.7615330219,"15":0.7721788287,"16":0.794180274,"17":0.8190205693,"18":0.8388928175,"19":0.8552164435,"20":0.8793470263,"21":0.9013484716,"22":0.9127040505,"23":0.9212207198,"24":0.8942512274,"25":0.9311568737,"26":0.926188767,"27":0.942512393,"28":0.9318665862,"29":0.9339957237,"30":0.957416594,"31":0.9496096373,"32":0.9609652162,"33":0.954577744,"34":0.9630944133,"35":0.9602555037,"36":0.954577744,"37":0.9595457911,"38":0.9666430354,"39":0.9510291219,"40":0.9623846412,"41":0.9616749287,"42":0.9567068815,"43":0.9517388344,"44":0.9645138383,"45":0.9716110826,"46":0.9609652162,"47":0.9687721729,"48":0.9638041258,"49":0.9630944133},"val_loss":{"0":1.6528246403,"1":1.4466357231,"2":1.3212383986,"3":1.270534873,"4":1.2500189543,"5":1.1858487129,"6":1.2987622023,"7":1.2178431749,"8":1.355509758,"9":1.3057665825,"10":1.4401769638,"11":1.5577094555,"12":1.5046980381,"13":1.4451134205,"14":1.5122784376,"15":1.8181140423,"16":1.6584656239,"17":1.7366082668,"18":1.73031497,"19":1.704443574,"20":1.7074118853,"21":1.6906034946,"22":1.9363305569,"23":1.7546387911,"24":1.8737726212,"25":1.8627407551,"26":1.7882422209,"27":2.0345973969,"28":1.9495873451,"29":1.9904693365,"30":2.0922188759,"31":1.9290903807,"32":1.9826908112,"33":2.1417639256,"34":2.1183507442,"35":2.0156161785,"36":2.1972329617,"37":2.0038113594,"38":1.9132237434,"39":2.2009265423,"40":2.4509391785,"41":2.602035284,"42":2.5229444504,"43":2.1552734375,"44":2.3008000851,"45":2.4307096004,"46":2.2152466774,"47":2.4225480556,"48":2.396791935,"49":2.1714448929},"val_recall":{"0":0.1106719375,"1":0.2094861716,"2":0.3241106868,"3":0.3992094994,"4":0.3992094994,"5":0.4901185632,"6":0.5296442509,"7":0.5217391253,"8":0.5731225014,"9":0.5533596873,"10":0.5810276866,"11":0.5849802494,"12":0.5691699386,"13":0.592885375,"14":0.6007905006,"15":0.6126482487,"16":0.5731225014,"17":0.5889328122,"18":0.5889328122,"19":0.5968379378,"20":0.5849802494,"21":0.592885375,"22":0.5968379378,"23":0.5652173758,"24":0.6007905006,"25":0.5849802494,"26":0.5889328122,"27":0.6047430634,"28":0.6205533743,"29":0.5770751238,"30":0.6205533743,"31":0.6086956263,"32":0.6284584999,"33":0.6205533743,"34":0.6126482487,"35":0.6007905006,"36":0.5889328122,"37":0.6166008115,"38":0.6205533743,"39":0.6086956263,"40":0.6205533743,"41":0.6442687511,"42":0.5770751238,"43":0.5889328122,"44":0.6205533743,"45":0.592885375,"46":0.6086956263,"47":0.6166008115,"48":0.6363636255,"49":0.6284584999}}