{"loss":{"0":7.8936591148,"1":5.3954696655,"2":3.4931924343,"3":2.894182682,"4":2.5576667786,"5":2.317743063,"6":2.1228480339,"7":1.9367473125,"8":1.9362179041,"9":1.9116215706,"10":1.8018943071,"11":1.8147726059,"12":1.7981147766,"13":1.7990711927,"14":1.7717239857,"15":1.7384618521,"16":1.7152097225,"17":1.6717118025,"18":1.6723086834,"19":1.6697821617,"20":1.6195555925,"21":1.6578649282,"22":1.6824429035,"23":1.649885416,"24":1.6026414633,"25":1.5981833935,"26":1.598054409,"27":1.6268240213,"28":1.5626871586,"29":1.581154108,"30":1.5542497635,"31":1.5668071508,"32":1.5433626175,"33":1.5144791603,"34":1.5053807497,"35":1.4907101393,"36":1.4884066582,"37":1.4858762026,"38":1.4780449867,"39":1.6141229868,"40":1.4962105751,"41":1.4483218193,"42":1.4713896513,"43":1.4680818319,"44":1.4578309059,"45":1.4314706326,"46":1.4562165737,"47":1.427089572,"48":1.4078176022,"49":1.4043750763},"recall":{"0":0.0674237013,"1":0.0858765095,"2":0.0837473422,"3":0.0851667821,"4":0.0738112107,"5":0.0731014907,"6":0.0738112107,"7":0.0787792727,"8":0.0681334287,"9":0.0581973046,"10":0.070262596,"11":0.0794890001,"12":0.0766501054,"13":0.0801987201,"14":0.0716820434,"15":0.0809084475,"16":0.0844570622,"17":0.0894251242,"18":0.0872959569,"19":0.0894251242,"20":0.1206529438,"21":0.0936834663,"22":0.1000709757,"23":0.0872959569,"24":0.1178140491,"25":0.1227821186,"26":0.1121362671,"27":0.129169628,"28":0.1334279627,"29":0.1249112859,"30":0.1376862973,"31":0.1412349194,"32":0.1533002108,"33":0.1589780003,"34":0.1689141244,"35":0.1575585455,"36":0.1696238518,"37":0.1717530191,"38":0.1795599759,"39":0.1717530191,"40":0.1802696884,"41":0.2022711188,"42":0.1866572052,"43":0.1788502485,"44":0.1902058125,"45":0.2093683481,"46":0.2143364102,"47":0.2129169554,"48":0.2235628068,"49":0.2185947448},"val_loss":{"0":1.9282215834,"1":1.8458427191,"2":1.8031542301,"3":1.765421629,"4":1.7523881197,"5":1.734162569,"6":1.7191579342,"7":1.7005873919,"8":1.6877869368,"9":1.6769260168,"10":1.6668986082,"11":1.6582373381,"12":1.6464476585,"13":1.6401441097,"14":1.6309583187,"15":1.6212031841,"16":1.6133008003,"17":1.6049343348,"18":1.598839283,"19":1.5892853737,"20":1.5836106539,"21":1.5769897699,"22":1.5726158619,"23":1.566323638,"24":1.5603342056,"25":1.5525791645,"26":1.5437879562,"27":1.5349891186,"28":1.5318673849,"29":1.5263805389,"30":1.5157214403,"31":1.5119204521,"32":1.5057165623,"33":1.5027469397,"34":1.4978933334,"35":1.49330163,"36":1.4906307459,"37":1.4870401621,"38":1.4811570644,"39":1.4755895138,"40":1.4713008404,"41":1.4662973881,"42":1.4637528658,"43":1.4580712318,"44":1.4554613829,"45":1.452002883,"46":1.4492667913,"47":1.4430829287,"48":1.4413454533,"49":1.4384487867},"val_recall":{"0":0.0,"1":0.0,"2":0.0,"3":0.0,"4":0.0,"5":0.0,"6":0.0,"7":0.0,"8":0.0,"9":0.0,"10":0.0,"11":0.0,"12":0.0079051387,"13":0.0079051387,"14":0.0118577071,"15":0.0158102773,"16":0.0118577071,"17":0.0118577071,"18":0.0237154141,"19":0.0276679844,"20":0.0316205546,"21":0.0316205546,"22":0.0197628457,"23":0.0355731212,"24":0.0276679844,"25":0.0316205546,"26":0.0355731212,"27":0.0474308282,"28":0.0632411093,"29":0.0909090936,"30":0.0869565234,"31":0.0830039531,"32":0.0869565234,"33":0.0909090936,"34":0.0948616564,"35":0.1067193672,"36":0.1304347813,"37":0.1462450624,"38":0.1620553434,"39":0.1739130467,"40":0.18577075,"41":0.18577075,"42":0.2015810311,"43":0.169960469,"44":0.1778656095,"45":0.1897233129,"46":0.2055335939,"47":0.2213438749,"48":0.2094861716,"49":0.2213438749}}