{"loss":{"0":2.6614215374,"1":2.1869559288,"2":2.0326769352,"3":1.9911345243,"4":1.9216133356,"5":1.9167640209,"6":1.8517768383,"7":1.8843878508,"8":1.8117363453,"9":1.8388036489,"10":1.8061710596,"11":1.7903496027,"12":1.7715885639,"13":1.8217619658,"14":1.7626918554,"15":1.7752511501,"16":1.7393716574,"17":1.7526006699,"18":1.7592529058,"19":1.7039041519,"20":1.7351521254,"21":1.6866073608,"22":1.6942411661,"23":1.6943875551,"24":1.6823779345,"25":1.663490653,"26":1.6681146622,"27":1.6406841278,"28":1.6547442675,"29":1.6493656635,"30":1.6025813818,"31":1.6389449835,"32":1.5957050323,"33":1.5972779989,"34":1.58177495,"35":1.5684369802,"36":1.5476788282,"37":1.5420449972,"38":1.5660669804,"39":1.521225214,"40":1.5116707087,"41":1.5408496857,"42":1.4975956678,"43":1.499060154,"44":1.4766430855,"45":1.4569981098,"46":1.4365512133,"47":1.4619698524,"48":1.4223431349,"49":1.4009444714},"recall":{"0":0.0432931148,"1":0.0475514531,"2":0.0468417332,"3":0.0589070246,"4":0.0432931148,"5":0.0496806242,"6":0.037615329,"7":0.0461320095,"8":0.0411639474,"9":0.0440028384,"10":0.037615329,"11":0.0340667143,"12":0.0404542238,"13":0.0369056053,"14":0.0383250527,"15":0.0482611768,"16":0.0440028384,"17":0.0361958854,"18":0.0390347764,"19":0.0475514531,"20":0.0539389625,"21":0.0589070246,"22":0.0660042614,"23":0.0553584099,"24":0.0589070246,"25":0.0674237013,"26":0.0589070246,"27":0.0752306581,"28":0.0823278949,"29":0.070262596,"30":0.0752306581,"31":0.0738112107,"32":0.0908445716,"33":0.092264019,"34":0.0936834663,"35":0.1057487577,"36":0.1057487577,"37":0.1100070998,"38":0.1114265472,"39":0.1433640867,"40":0.1327182353,"41":0.1305890679,"42":0.1497516036,"43":0.1433640867,"44":0.1603974402,"45":0.168204397,"46":0.1603974402,"47":0.1845280379,"48":0.1873669326,"49":0.2001419514},"val_loss":{"0":2.052144289,"1":1.7800197601,"2":1.7650161982,"3":1.7545199394,"4":1.7556869984,"5":1.7462154627,"6":1.7434227467,"7":1.7470734119,"8":1.74300313,"9":1.7420017719,"10":1.7430955172,"11":1.7375054359,"12":1.7352964878,"13":1.735925436,"14":1.736689806,"15":1.7329649925,"16":1.7317858934,"17":1.7315790653,"18":1.7296618223,"19":1.7289296389,"20":1.7277157307,"21":1.7270843983,"22":1.7258116007,"23":1.7212176323,"24":1.7240384817,"25":1.7209819555,"26":1.7160815001,"27":1.7148838043,"28":1.7109313011,"29":1.7137818336,"30":1.715596199,"31":1.7072726488,"32":1.7025065422,"33":1.7006897926,"34":1.7105076313,"35":1.6933486462,"36":1.6855924129,"37":1.6795722246,"38":1.6765773296,"39":1.670537591,"40":1.6668868065,"41":1.6655398607,"42":1.6583307981,"43":1.6546009779,"44":1.6483608484,"45":1.641015172,"46":1.6342189312,"47":1.6311897039,"48":1.6203924417,"49":1.6151497364},"val_recall":{"0":0.0,"1":0.0,"2":0.0,"3":0.0,"4":0.0,"5":0.0,"6":0.0,"7":0.0,"8":0.0,"9":0.0,"10":0.0,"11":0.0,"12":0.0,"13":0.0,"14":0.0,"15":0.0,"16":0.0,"17":0.0,"18":0.0,"19":0.0,"20":0.0,"21":0.0,"22":0.0,"23":0.0,"24":0.0,"25":0.0,"26":0.0,"27":0.0,"28":0.0,"29":0.0,"30":0.0,"31":0.0,"32":0.0,"33":0.0,"34":0.0,"35":0.0,"36":0.0,"37":0.0,"38":0.0,"39":0.0,"40":0.0,"41":0.0158102773,"42":0.0158102773,"43":0.0158102773,"44":0.0158102773,"45":0.0,"46":0.0276679844,"47":0.0316205546,"48":0.0237154141,"49":0.0276679844}}