{"loss":{"0":2.9144682884,"1":2.2951583862,"2":2.1653015614,"3":2.0858359337,"4":2.0294113159,"5":1.9702204466,"6":1.9041980505,"7":1.9071940184,"8":1.9052039385,"9":1.8914031982,"10":1.8802602291,"11":1.8506225348,"12":1.8629025221,"13":1.8380777836,"14":1.8344410658,"15":1.80998981,"16":1.796148181,"17":1.7842290401,"18":1.8053966761,"19":1.7290513515,"20":1.7587630749,"21":1.7440418005,"22":1.7410849333,"23":1.7297719717,"24":1.7230463028,"25":1.744969368,"26":1.7244535685,"27":1.7204207182,"28":1.7044945955,"29":1.7254587412,"30":1.7053295374,"31":1.7028756142,"32":1.6829423904,"33":1.6637185812,"34":1.6610319614,"35":1.6458712816,"36":1.6535131931,"37":1.6429384947,"38":1.6381255388,"39":1.6402451992,"40":1.6584810019,"41":1.6282564402,"42":1.6295508146,"43":1.6422667503,"44":1.6267975569,"45":1.6218745708,"46":1.6085989475,"47":1.6137062311,"48":1.5914330482,"49":1.6117427349},"recall":{"0":0.0369056053,"1":0.0404542238,"2":0.0539389625,"3":0.0454222858,"4":0.0390347764,"5":0.0440028384,"6":0.0432931148,"7":0.0447125621,"8":0.0603264719,"9":0.0425833911,"10":0.0418736711,"11":0.0383250527,"12":0.0447125621,"13":0.0432931148,"14":0.0404542238,"15":0.0369056053,"16":0.0432931148,"17":0.0440028384,"18":0.0440028384,"19":0.0567778572,"20":0.0482611768,"21":0.0532292388,"22":0.0553584099,"23":0.0539389625,"24":0.0589070246,"25":0.0518097952,"26":0.065294534,"27":0.0518097952,"28":0.0525195189,"29":0.0574875809,"30":0.064584814,"31":0.0631653666,"32":0.0723917708,"33":0.0837473422,"34":0.065294534,"35":0.0809084475,"36":0.0716820434,"37":0.0787792727,"38":0.097232081,"39":0.0858765095,"40":0.0908445716,"41":0.0943931863,"42":0.0894251242,"43":0.1007806957,"44":0.0894251242,"45":0.0958126336,"46":0.1000709757,"47":0.1057487577,"48":0.1057487577,"49":0.1064584777},"val_loss":{"0":2.2467696667,"1":2.1566438675,"2":1.9163422585,"3":1.8020269871,"4":1.7863105536,"5":1.7616086006,"6":1.7573010921,"7":1.7520774603,"8":1.7564177513,"9":1.7515496016,"10":1.7460768223,"11":1.7480299473,"12":1.7544429302,"13":1.7470029593,"14":1.7420055866,"15":1.7411581278,"16":1.7429003716,"17":1.7394492626,"18":1.7391957045,"19":1.738804698,"20":1.7394291162,"21":1.7423171997,"22":1.74307549,"23":1.739300251,"24":1.7397989035,"25":1.738142252,"26":1.7395530939,"27":1.7426918745,"28":1.7405354977,"29":1.7389168739,"30":1.7384960651,"31":1.7423479557,"32":1.7376487255,"33":1.7349175215,"34":1.7343116999,"35":1.7312552929,"36":1.7313166857,"37":1.7324602604,"38":1.7387678623,"39":1.7402187586,"40":1.7367786169,"41":1.7404475212,"42":1.7372533083,"43":1.7340898514,"44":1.7388218641,"45":1.7360394001,"46":1.7319562435,"47":1.7335503101,"48":1.7333813906,"49":1.734623909},"val_recall":{"0":0.0,"1":0.0,"2":0.0,"3":0.0,"4":0.0,"5":0.0,"6":0.0,"7":0.0,"8":0.0,"9":0.0,"10":0.0,"11":0.0,"12":0.0,"13":0.0,"14":0.0,"15":0.0,"16":0.0,"17":0.0,"18":0.0,"19":0.0,"20":0.0,"21":0.0,"22":0.0,"23":0.0,"24":0.0,"25":0.0,"26":0.0,"27":0.0,"28":0.0,"29":0.0,"30":0.0,"31":0.0,"32":0.0,"33":0.0,"34":0.0,"35":0.0,"36":0.0,"37":0.0,"38":0.0,"39":0.0,"40":0.0,"41":0.0,"42":0.0,"43":0.0,"44":0.0,"45":0.0,"46":0.0,"47":0.0,"48":0.0,"49":0.0}}