{"loss":{"0":96220520.0,"1":19653951488.0,"2":75907.5625,"3":2.1942491531,"4":2.18090868,"5":2.1907439232,"6":2.1674668789,"7":2.1634345055,"8":2.1613557339,"9":2.1596403122,"10":2.1579568386,"11":2.1571946144,"12":2.1565496922,"13":2.1558570862,"14":2.1556932926,"15":2.1557712555,"16":2.1552348137,"17":2.1547651291,"18":2.1550936699,"19":2.1547768116,"20":2.154761076,"21":2.1546525955,"22":2.154736042,"23":2.1548628807,"24":2.1549329758,"25":2.1545746326,"26":2.1550126076,"27":2.1547186375,"28":2.1548953056,"29":2.1550865173,"30":2.1548433304,"31":2.154784441,"32":2.1546058655,"33":2.1545710564,"34":2.154728651,"35":2.1545021534,"36":2.1547482014,"37":2.1550350189,"38":2.1548480988,"39":2.1549901962,"40":2.1546795368,"41":2.1548416615,"42":2.1550788879,"43":2.1549532413,"44":2.154886961,"45":2.1549539566,"46":2.154933691,"47":2.1549592018,"48":2.1547887325,"49":2.1545517445},"recall":{"0":0.1206529438,"1":0.0468417332,"2":0.0227111429,"3":0.0,"4":0.0,"5":0.0,"6":0.0,"7":0.0,"8":0.0,"9":0.0,"10":0.0,"11":0.0,"12":0.0,"13":0.0,"14":0.0,"15":0.0,"16":0.0,"17":0.0,"18":0.0,"19":0.0,"20":0.0,"21":0.0,"22":0.0,"23":0.0,"24":0.0,"25":0.0,"26":0.0,"27":0.0,"28":0.0,"29":0.0,"30":0.0,"31":0.0,"32":0.0,"33":0.0,"34":0.0,"35":0.0,"36":0.0,"37":0.0,"38":0.0,"39":0.0,"40":0.0,"41":0.0,"42":0.0,"43":0.0,"44":0.0,"45":0.0,"46":0.0,"47":0.0,"48":0.0,"49":0.0},"val_loss":{"0":139.0038146973,"1":760540.9375,"2":2.058577776,"3":2.0732588768,"4":2.0395748615,"5":2.028008461,"6":2.0330648422,"7":2.0228772163,"8":2.0184569359,"9":2.0156035423,"10":2.0187058449,"11":2.0123727322,"12":2.0101525784,"13":2.0099389553,"14":2.0084412098,"15":2.0087924004,"16":2.0150928497,"17":2.01323843,"18":2.0103824139,"19":2.0108041763,"20":2.0097827911,"21":2.0176951885,"22":2.0166006088,"23":2.0160188675,"24":2.0208287239,"25":2.0192866325,"26":2.0170412064,"27":2.0210940838,"28":2.0187997818,"29":2.0183455944,"30":2.0222587585,"31":2.0251193047,"32":2.0256824493,"33":2.0251824856,"34":2.0237379074,"35":2.0228207111,"36":2.0249762535,"37":2.0270111561,"38":2.0262451172,"39":2.0279467106,"40":2.0307872295,"41":2.0268115997,"42":2.0278480053,"43":2.0256140232,"44":2.0282056332,"45":2.0286700726,"46":2.0250759125,"47":2.0261743069,"48":2.024866581,"49":2.0267598629},"val_recall":{"0":0.2924901247,"1":0.0158102773,"2":0.0,"3":0.0,"4":0.0,"5":0.0,"6":0.0,"7":0.0,"8":0.0,"9":0.0,"10":0.0,"11":0.0,"12":0.0,"13":0.0,"14":0.0,"15":0.0,"16":0.0,"17":0.0,"18":0.0,"19":0.0,"20":0.0,"21":0.0,"22":0.0,"23":0.0,"24":0.0,"25":0.0,"26":0.0,"27":0.0,"28":0.0,"29":0.0,"30":0.0,"31":0.0,"32":0.0,"33":0.0,"34":0.0,"35":0.0,"36":0.0,"37":0.0,"38":0.0,"39":0.0,"40":0.0,"41":0.0,"42":0.0,"43":0.0,"44":0.0,"45":0.0,"46":0.0,"47":0.0,"48":0.0,"49":0.0}}