{"loss":{"0":393.0279846191,"1":14.6125164032,"2":2.1927495003,"3":2.2039992809,"4":2.1718995571,"5":2.220085144,"6":2.3602426052,"7":2.1612763405,"8":2.0838587284,"9":2.3748459816,"10":2.163828373,"11":2.1597266197,"12":2.1613681316,"13":2.1664364338,"14":2.1340498924,"15":2.1491000652,"16":2.1521615982,"17":2.1499581337,"18":2.1412494183,"19":2.0863323212,"20":2.0869615078,"21":2.0740959644,"22":2.0609531403,"23":2.0108110905,"24":2.0227789879,"25":2.0248162746,"26":2.0263280869,"27":2.0081598759,"28":2.0066688061,"29":2.0075829029,"30":1.9978377819,"31":2.0304367542,"32":1.989215374,"33":1.9945356846,"34":2.1701743603,"35":2.0249502659,"36":1.9724892378,"37":1.9806197882,"38":1.976346612,"39":1.9660569429,"40":1.97797966,"41":1.986343503,"42":1.9903978109,"43":1.9563417435,"44":1.9737370014,"45":1.9760329723,"46":1.9601764679,"47":1.9823201895,"48":1.9725424051,"49":1.9540481567},"recall":{"0":0.1199432239,"1":0.034776438,"2":0.0035486161,"3":0.0,"4":0.0007097232,"5":0.0021291696,"6":0.0028388929,"7":0.0028388929,"8":0.0070972322,"9":0.0078069554,"10":0.0042583393,"11":0.0,"12":0.0021291696,"13":0.0,"14":0.0021291696,"15":0.0,"16":0.0,"17":0.0,"18":0.0021291696,"19":0.0035486161,"20":0.0141944643,"21":0.0149041871,"22":0.0156139107,"23":0.0212916955,"24":0.0177430809,"25":0.0276792049,"26":0.0361958854,"27":0.0205819737,"28":0.0418736711,"29":0.0262597594,"30":0.0489709005,"31":0.0567778572,"32":0.0489709005,"33":0.0383250527,"34":0.0014194464,"35":0.0390347764,"36":0.01987225,"37":0.0220014192,"38":0.0660042614,"39":0.0525195189,"40":0.0447125621,"41":0.0581973046,"42":0.0461320095,"43":0.0574875809,"44":0.0518097952,"45":0.0234208666,"46":0.0496806242,"47":0.0447125621,"48":0.0447125621,"49":0.0589070246},"val_loss":{"0":18.6792678833,"1":2.0074987411,"2":2.072355032,"3":1.9832751751,"4":1.7939882278,"5":1.7988702059,"6":1.8810106516,"7":1.7854293585,"8":1.731839776,"9":1.7316612005,"10":1.9819452763,"11":1.8369297981,"12":1.9626452923,"13":1.8848097324,"14":1.8849765062,"15":1.9716430902,"16":1.9943920374,"17":1.8573666811,"18":1.7958456278,"19":1.7393813133,"20":1.9354237318,"21":1.6724565029,"22":1.7061753273,"23":1.762268424,"24":1.7686897516,"25":1.6538962126,"26":1.6290938854,"27":1.8134018183,"28":1.6333334446,"29":1.6517567635,"30":1.6735633612,"31":1.6701840162,"32":1.6121672392,"33":1.7257190943,"34":1.724462986,"35":1.5988529921,"36":1.6103123426,"37":1.6547576189,"38":1.6332726479,"39":1.6892188787,"40":1.6508270502,"41":1.6790845394,"42":1.6184304953,"43":1.6207644939,"44":1.6236337423,"45":1.6183775663,"46":1.6814789772,"47":1.7199873924,"48":1.6118760109,"49":1.5849384069},"val_recall":{"0":0.252964437,"1":0.0,"2":0.0,"3":0.0,"4":0.0,"5":0.0,"6":0.0,"7":0.0,"8":0.0,"9":0.0,"10":0.0,"11":0.0,"12":0.0,"13":0.0,"14":0.0,"15":0.0,"16":0.0,"17":0.0,"18":0.0,"19":0.0,"20":0.0,"21":0.0,"22":0.0,"23":0.0,"24":0.0,"25":0.0,"26":0.0,"27":0.0039525693,"28":0.0,"29":0.0079051387,"30":0.0,"31":0.0,"32":0.0513833985,"33":0.0,"34":0.0039525693,"35":0.0,"36":0.0079051387,"37":0.0,"38":0.0,"39":0.0039525693,"40":0.0513833985,"41":0.0039525693,"42":0.0039525693,"43":0.0039525693,"44":0.0,"45":0.0039525693,"46":0.0079051387,"47":0.0039525693,"48":0.0079051387,"49":0.0118577071}}