{"loss":{"0":191.6098937988,"1":2.2918636799,"2":2.4086227417,"3":2.2087175846,"4":2.1791968346,"5":2.1781561375,"6":2.1706311703,"7":2.1666297913,"8":2.1642587185,"9":2.1676087379,"10":2.1644515991,"11":2.1635065079,"12":2.1656010151,"13":2.1645612717,"14":2.1608688831,"15":2.160289526,"16":2.1612823009,"17":2.1617379189,"18":2.1580505371,"19":2.1662306786,"20":2.1599838734,"21":2.1601545811,"22":2.1602892876,"23":2.1561741829,"24":2.1556909084,"25":2.1636588573,"26":2.1555249691,"27":2.1603970528,"28":2.156416893,"29":2.1535718441,"30":2.1571755409,"31":2.1588730812,"32":2.1559255123,"33":2.1567270756,"34":2.1595597267,"35":2.1565003395,"36":2.1555774212,"37":2.1597743034,"38":2.1580004692,"39":2.1587202549,"40":2.1539597511,"41":2.1551334858,"42":2.155983448,"43":2.1555395126,"44":2.1603083611,"45":2.1576087475,"46":2.1557433605,"47":2.1573097706,"48":2.1575832367,"49":2.1559319496},"recall":{"0":0.0482611768,"1":0.0021291696,"2":0.0014194464,"3":0.0,"4":0.0014194464,"5":0.0,"6":0.0,"7":0.0007097232,"8":0.0,"9":0.0,"10":0.0,"11":0.0,"12":0.0007097232,"13":0.0007097232,"14":0.0,"15":0.0,"16":0.0,"17":0.0007097232,"18":0.0007097232,"19":0.0007097232,"20":0.0,"21":0.0007097232,"22":0.0007097232,"23":0.0007097232,"24":0.0007097232,"25":0.0,"26":0.0007097232,"27":0.0007097232,"28":0.0,"29":0.0,"30":0.0,"31":0.0007097232,"32":0.0007097232,"33":0.0,"34":0.0007097232,"35":0.0,"36":0.0,"37":0.0,"38":0.0,"39":0.0,"40":0.0,"41":0.0,"42":0.0,"43":0.0,"44":0.0,"45":0.0,"46":0.0,"47":0.0,"48":0.0,"49":0.0},"val_loss":{"0":1.8124036789,"1":2.1132187843,"2":2.0351285934,"3":1.9957216978,"4":1.969907999,"5":1.9607675076,"6":1.9482363462,"7":1.9425400496,"8":1.9336477518,"9":1.9390414953,"10":1.9332550764,"11":1.9359527826,"12":1.9374570847,"13":1.9434224367,"14":1.9405691624,"15":1.9446232319,"16":1.9476655722,"17":1.9472529888,"18":1.9451938868,"19":1.9473158121,"20":1.9449528456,"21":1.949406147,"22":1.9506721497,"23":1.9458392859,"24":1.9441356659,"25":1.9451568127,"26":1.9457395077,"27":1.949758172,"28":1.945024848,"29":1.9464190006,"30":1.9431823492,"31":1.9472888708,"32":1.9515610933,"33":1.9464755058,"34":1.9445786476,"35":1.9437863827,"36":1.9434071779,"37":1.9465556145,"38":1.9495372772,"39":1.9487797022,"40":1.9487677813,"41":1.9505652189,"42":1.9491947889,"43":1.9483548403,"44":1.9522545338,"45":1.9519529343,"46":1.9522997141,"47":1.9495662451,"48":1.9511731863,"49":1.9467868805},"val_recall":{"0":0.0079051387,"1":0.0,"2":0.0,"3":0.0,"4":0.0,"5":0.0,"6":0.0,"7":0.0,"8":0.0,"9":0.0,"10":0.0,"11":0.0,"12":0.0,"13":0.0,"14":0.0,"15":0.0,"16":0.0,"17":0.0,"18":0.0,"19":0.0,"20":0.0,"21":0.0,"22":0.0,"23":0.0,"24":0.0,"25":0.0,"26":0.0,"27":0.0,"28":0.0,"29":0.0,"30":0.0,"31":0.0,"32":0.0,"33":0.0,"34":0.0,"35":0.0,"36":0.0,"37":0.0,"38":0.0,"39":0.0,"40":0.0,"41":0.0,"42":0.0,"43":0.0,"44":0.0,"45":0.0,"46":0.0,"47":0.0,"48":0.0,"49":0.0}}