{"loss":{"0":2.7882649899,"1":2.2131416798,"2":2.0533146858,"3":1.9878669977,"4":1.9311592579,"5":1.9039117098,"6":1.8659203053,"7":1.8702322245,"8":1.8641943932,"9":1.8753451109,"10":1.8307039738,"11":1.8512221575,"12":1.7998152971,"13":1.8133838177,"14":1.7880825996,"15":1.7788258791,"16":1.7788281441,"17":1.7753092051,"18":1.7661502361,"19":1.7660506964,"20":1.7407808304,"21":1.7568788528,"22":1.7622998953,"23":1.6956050396,"24":1.7237248421,"25":1.7303063869,"26":1.7207996845,"27":1.6919125319,"28":1.6911946535,"29":1.7151422501,"30":1.6829040051,"31":1.6833040714,"32":1.6916952133,"33":1.6483134031,"34":1.6851085424,"35":1.6592274904,"36":1.6387455463,"37":1.6620360613,"38":1.6418992281,"39":1.6173483133,"40":1.6080263853,"41":1.6234141588,"42":1.6194597483,"43":1.5973069668,"44":1.6027778387,"45":1.5948548317,"46":1.5706579685,"47":1.5795935392,"48":1.5699250698,"49":1.5692878962},"recall":{"0":0.0581973046,"1":0.0603264719,"2":0.0397445001,"3":0.0461320095,"4":0.0390347764,"5":0.0432931148,"6":0.0397445001,"7":0.0298083741,"8":0.0418736711,"9":0.0283889286,"10":0.0397445001,"11":0.037615329,"12":0.0333569907,"13":0.037615329,"14":0.0276792049,"15":0.0290986523,"16":0.0404542238,"17":0.037615329,"18":0.0475514531,"19":0.0418736711,"20":0.0503903478,"21":0.0404542238,"22":0.0425833911,"23":0.0532292388,"24":0.0418736711,"25":0.0482611768,"26":0.0511000715,"27":0.0532292388,"28":0.0567778572,"29":0.0567778572,"30":0.0667139813,"31":0.0589070246,"32":0.0581973046,"33":0.0695528761,"34":0.0581973046,"35":0.0752306581,"36":0.0894251242,"37":0.0865862295,"38":0.0880056769,"39":0.0908445716,"40":0.0943931863,"41":0.0986515284,"42":0.102909863,"43":0.1071682051,"44":0.1092973724,"45":0.1135557145,"46":0.1114265472,"47":0.1249112859,"48":0.1171043292,"49":0.1263307333},"val_loss":{"0":2.1378872395,"1":2.0302517414,"2":1.8200535774,"3":1.786213398,"4":1.7627413273,"5":1.758592844,"6":1.7539442778,"7":1.7584921122,"8":1.7557247877,"9":1.7564491034,"10":1.7521934509,"11":1.7545956373,"12":1.7549401522,"13":1.751175642,"14":1.7547261715,"15":1.748493433,"16":1.7497199774,"17":1.7493715286,"18":1.7516175508,"19":1.7490261793,"20":1.7471888065,"21":1.7492617369,"22":1.7475543022,"23":1.7442990541,"24":1.7442471981,"25":1.7432295084,"26":1.7434686422,"27":1.7419159412,"28":1.7404829264,"29":1.7396723032,"30":1.7419837713,"31":1.7404378653,"32":1.7406492233,"33":1.7423151731,"34":1.742372632,"35":1.742328167,"36":1.7438676357,"37":1.7436821461,"38":1.7428592443,"39":1.7407752275,"40":1.7399721146,"41":1.7398676872,"42":1.7392764091,"43":1.7387900352,"44":1.7391656637,"45":1.7407406569,"46":1.7392132282,"47":1.7408744097,"48":1.7399265766,"49":1.7403364182},"val_recall":{"0":0.0,"1":0.0,"2":0.0,"3":0.0,"4":0.0,"5":0.0,"6":0.0,"7":0.0,"8":0.0,"9":0.0,"10":0.0,"11":0.0,"12":0.0,"13":0.0,"14":0.0,"15":0.0,"16":0.0,"17":0.0,"18":0.0,"19":0.0,"20":0.0,"21":0.0,"22":0.0,"23":0.0,"24":0.0,"25":0.0,"26":0.0,"27":0.0,"28":0.0,"29":0.0,"30":0.0,"31":0.0,"32":0.0,"33":0.0,"34":0.0,"35":0.0,"36":0.0,"37":0.0,"38":0.0,"39":0.0,"40":0.0,"41":0.0,"42":0.0,"43":0.0,"44":0.0,"45":0.0,"46":0.0,"47":0.0,"48":0.0,"49":0.0}}