{"loss":{"0":2.0421042442,"1":1.8884552717,"2":1.833026886,"3":1.8400747776,"4":1.7980544567,"5":1.7851135731,"6":1.7671889067,"7":1.741307497,"8":1.7554036379,"9":1.7057845592,"10":1.6822556257,"11":1.6567225456,"12":1.6323848963,"13":1.5349045992,"14":1.5687059164,"15":1.5319976807,"16":1.5198200941,"17":1.4532738924,"18":1.4666936398,"19":1.4197793007,"20":1.3995958567,"21":1.3616462946,"22":1.3504883051,"23":1.3180075884,"24":1.2886552811,"25":1.2917643785,"26":1.2469898462,"27":1.2105220556,"28":1.2234890461,"29":1.208778739,"30":1.158896327,"31":1.1514393091,"32":1.0862437487,"33":1.1222916842,"34":1.0976846218,"35":1.073771596,"36":1.0614984035,"37":1.0369977951,"38":0.991664052,"39":0.9532518983,"40":0.9619939327,"41":1.0588291883,"42":0.9809464812,"43":0.9318177104,"44":0.8791708946,"45":0.9139745831,"46":0.8950409889,"47":0.9043557644,"48":0.8177149892,"49":0.83172369},"recall":{"0":0.0134847406,"1":0.0205819737,"2":0.0149041871,"3":0.0120652942,"4":0.009936125,"5":0.0092264013,"6":0.0127750179,"7":0.0149041871,"8":0.0134847406,"9":0.0305180978,"10":0.0290986523,"11":0.0475514531,"12":0.0716820434,"13":0.097941801,"14":0.1043293104,"15":0.1348474026,"16":0.1511710435,"17":0.1625266075,"18":0.1809794158,"19":0.1823988706,"20":0.2136266828,"21":0.2299503237,"22":0.2398864478,"23":0.2540809214,"24":0.2562100887,"25":0.2817601264,"26":0.3002129197,"27":0.3207948804,"28":0.3257629573,"29":0.3278921247,"30":0.3413768709,"31":0.3584102094,"32":0.3988644481,"33":0.3995741606,"34":0.3867991567,"35":0.4279631078,"36":0.4229950309,"37":0.4215755761,"38":0.4819020629,"39":0.5010645986,"40":0.4826117754,"41":0.4485450685,"42":0.5024840236,"43":0.5202271342,"44":0.5521646738,"45":0.5429382324,"46":0.5521646738,"47":0.5649396777,"48":0.5862313509,"49":0.5855216384},"val_loss":{"0":2.0102517605,"1":1.7700408697,"2":1.7432308197,"3":1.7336603403,"4":1.7311191559,"5":1.7307739258,"6":1.7171537876,"7":1.7105857134,"8":1.7057179213,"9":1.670568347,"10":1.7891659737,"11":1.6020538807,"12":1.6404986382,"13":1.5083885193,"14":1.4695061445,"15":1.4536818266,"16":1.5451874733,"17":1.4178164005,"18":1.5882624388,"19":1.4726538658,"20":1.411000371,"21":1.4458620548,"22":2.1850633621,"23":1.4747854471,"24":1.4780272245,"25":1.3740459681,"26":1.41507411,"27":1.3966072798,"28":1.4288972616,"29":1.64171803,"30":1.6337449551,"31":1.3926528692,"32":1.7659544945,"33":2.0222427845,"34":1.5146416426,"35":1.9285727739,"36":1.8640986681,"37":1.6045116186,"38":1.8030946255,"39":1.7438908815,"40":1.509650588,"41":2.5099201202,"42":2.777664423,"43":2.1002783775,"44":2.8163707256,"45":1.7482930422,"46":1.9147325754,"47":1.787640214,"48":3.1688947678,"49":1.8802268505},"val_recall":{"0":0.0,"1":0.0,"2":0.0,"3":0.0,"4":0.0,"5":0.0,"6":0.0,"7":0.0,"8":0.0,"9":0.0,"10":0.268774718,"11":0.0039525693,"12":0.169960469,"13":0.0553359687,"14":0.3043478131,"15":0.3320158124,"16":0.2608695626,"17":0.2964426875,"18":0.2569169998,"19":0.4308300316,"20":0.3241106868,"21":0.3280632496,"22":0.268774718,"23":0.3596837819,"24":0.3992094994,"25":0.422924906,"26":0.3517786562,"27":0.2964426875,"28":0.3201580942,"29":0.1422924846,"30":0.2213438749,"31":0.3596837819,"32":0.3438735306,"33":0.268774718,"34":0.3913043439,"35":0.4110671878,"36":0.3754940629,"37":0.4189723432,"38":0.3913043439,"39":0.3162055314,"40":0.4110671878,"41":0.0750988126,"42":0.1976284534,"43":0.268774718,"44":0.2332015783,"45":0.3636363745,"46":0.3043478131,"47":0.4347825944,"48":0.0830039531,"49":0.3320158124}}