{"loss":{"0":8.3567323685,"1":5.374838829,"2":4.463490963,"3":3.811517477,"4":3.1297848225,"5":3.0123336315,"6":3.2753663063,"7":2.6988773346,"8":2.6143591404,"9":2.3873946667,"10":2.1704277992,"11":2.1187572479,"12":2.0395271778,"13":1.9790623188,"14":2.5988647938,"15":2.1097142696,"16":1.9466906786,"17":1.9367554188,"18":1.9177393913,"19":1.8265241385,"20":1.7887672186,"21":1.8160325289,"22":1.7789930105,"23":1.7208257914,"24":1.7535126209,"25":1.7039562464,"26":1.6926438808,"27":1.6884922981,"28":1.6936936378,"29":1.6603097916,"30":1.6668123007,"31":1.6992772818,"32":1.6591259241,"33":1.6297105551,"34":1.6785007715,"35":1.6262750626,"36":1.6458551884,"37":1.6164928675,"38":1.5930171013,"39":1.6144903898,"40":1.5990073681,"41":1.5799944401,"42":1.6040673256,"43":1.5882360935,"44":1.648042798,"45":1.5650647879,"46":1.5864789486,"47":1.6267907619,"48":1.5796800852,"49":1.56663239},"recall":{"0":0.0574875809,"1":0.0695528761,"2":0.0723917708,"3":0.0723917708,"4":0.0823278949,"5":0.0865862295,"6":0.0809084475,"7":0.0936834663,"8":0.0851667821,"9":0.0837473422,"10":0.0908445716,"11":0.0823278949,"12":0.0823278949,"13":0.0844570622,"14":0.0880056769,"15":0.0844570622,"16":0.0844570622,"17":0.0716820434,"18":0.0780695528,"19":0.0773598328,"20":0.0929737389,"21":0.0865862295,"22":0.0837473422,"23":0.102909863,"24":0.0823278949,"25":0.097232081,"26":0.1149751619,"27":0.1014904156,"28":0.1064584777,"29":0.1142654344,"30":0.0908445716,"31":0.1156848818,"32":0.0880056769,"33":0.1036195904,"34":0.0951029062,"35":0.1149751619,"36":0.1000709757,"37":0.1320085227,"38":0.1256210059,"39":0.1305890679,"40":0.1263307333,"41":0.1199432239,"42":0.1412349194,"43":0.1391057521,"44":0.1504613161,"45":0.140525192,"46":0.1518807709,"47":0.140525192,"48":0.1447835416,"49":0.1419446468},"val_loss":{"0":2.0562229156,"1":1.9011456966,"2":1.8509300947,"3":1.8205227852,"4":1.8027054071,"5":1.8004200459,"6":1.7720780373,"7":1.7482024431,"8":1.7410145998,"9":1.7342666388,"10":1.7259594202,"11":1.7175246477,"12":1.7092506886,"13":1.6981235743,"14":1.6952702999,"15":1.6861199141,"16":1.6817448139,"17":1.6786108017,"18":1.6746095419,"19":1.6673848629,"20":1.6603085995,"21":1.6569998264,"22":1.6528645754,"23":1.6468520164,"24":1.6426160336,"25":1.6378967762,"26":1.6314337254,"27":1.6276699305,"28":1.6249116659,"29":1.6197047234,"30":1.618319273,"31":1.6118599176,"32":1.6124229431,"33":1.604454875,"34":1.6014155149,"35":1.5980842113,"36":1.5943545103,"37":1.5873990059,"38":1.5843011141,"39":1.5812971592,"40":1.5786793232,"41":1.5760532618,"42":1.5721940994,"43":1.5669521093,"44":1.5673178434,"45":1.5675503016,"46":1.5628299713,"47":1.5611145496,"48":1.556809783,"49":1.5541479588},"val_recall":{"0":0.0,"1":0.0,"2":0.0,"3":0.0,"4":0.0,"5":0.0,"6":0.0,"7":0.0,"8":0.0,"9":0.0,"10":0.0,"11":0.0,"12":0.0,"13":0.0039525693,"14":0.0039525693,"15":0.0039525693,"16":0.0039525693,"17":0.0039525693,"18":0.0039525693,"19":0.0039525693,"20":0.0079051387,"21":0.0039525693,"22":0.0039525693,"23":0.0039525693,"24":0.0039525693,"25":0.0039525693,"26":0.0118577071,"27":0.0158102773,"28":0.0118577071,"29":0.0118577071,"30":0.0158102773,"31":0.0197628457,"32":0.0197628457,"33":0.0237154141,"34":0.0237154141,"35":0.0237154141,"36":0.0276679844,"37":0.0276679844,"38":0.0316205546,"39":0.0355731212,"40":0.0316205546,"41":0.0395256914,"42":0.0434782617,"43":0.0513833985,"44":0.0474308282,"45":0.0395256914,"46":0.0474308282,"47":0.0513833985,"48":0.0553359687,"49":0.0553359687}}