{"loss":{"0":2.4280381203,"1":2.0396537781,"2":2.0036752224,"3":1.9087598324,"4":1.9212238789,"5":1.8562133312,"6":1.8230441809,"7":1.8775911331,"8":1.8256617785,"9":1.8374798298,"10":1.8026560545,"11":1.8804696798,"12":1.7890169621,"13":1.780546546,"14":1.8135327101,"15":1.757062912,"16":1.7659146786,"17":1.748123765,"18":1.7347089052,"19":1.7513331175,"20":1.7262523174,"21":1.7181674242,"22":1.7081511021,"23":1.6848647594,"24":1.6704289913,"25":1.7040951252,"26":1.6876536608,"27":1.6563849449,"28":1.669015646,"29":1.6500627995,"30":1.5976998806,"31":1.6073046923,"32":1.5335557461,"33":1.5561188459,"34":1.5028442144,"35":1.4604663849,"36":1.5030671358,"37":1.4248917103,"38":1.4011127949,"39":1.361091733,"40":1.3139278889,"41":1.2696406841,"42":1.3447774649,"43":1.2287629843,"44":1.2637255192,"45":1.2912629843,"46":1.1884382963,"47":1.1990084648,"48":1.2423018217,"49":1.0887295008},"recall":{"0":0.0525195189,"1":0.0589070246,"2":0.0418736711,"3":0.0312278215,"4":0.0248403121,"5":0.0283889286,"6":0.0141944643,"7":0.0170333572,"8":0.0170333572,"9":0.0248403121,"10":0.0141944643,"11":0.0163236335,"12":0.0269694813,"13":0.0163236335,"14":0.0113555714,"15":0.0170333572,"16":0.009936125,"17":0.0170333572,"18":0.0212916955,"19":0.0177430809,"20":0.0248403121,"21":0.0149041871,"22":0.0248403121,"23":0.0205819737,"24":0.0312278215,"25":0.0312278215,"26":0.0369056053,"27":0.0518097952,"28":0.0454222858,"29":0.0503903478,"30":0.0695528761,"31":0.0844570622,"32":0.1007806957,"33":0.1057487577,"34":0.1284599006,"35":0.1426543593,"36":0.1383960247,"37":0.1674946845,"38":0.2029808313,"39":0.2228530943,"40":0.2533711791,"41":0.3115684986,"42":0.2689850926,"43":0.3378282487,"44":0.3094393313,"45":0.281050384,"46":0.3520227075,"47":0.3683463335,"48":0.3356990814,"49":0.4350603223},"val_loss":{"0":1.8497735262,"1":1.7682108879,"2":1.7651211023,"3":1.7658252716,"4":1.742747426,"5":1.7559722662,"6":1.7569615841,"7":1.75794065,"8":1.7619822025,"9":1.7532522678,"10":1.7815722227,"11":1.7537294626,"12":1.7611529827,"13":1.7448575497,"14":1.7607346773,"15":1.7490838766,"16":1.7649598122,"17":1.7381277084,"18":1.7536393404,"19":1.7485685349,"20":1.7393854856,"21":1.7378944159,"22":1.7302759886,"23":1.7267007828,"24":1.7362496853,"25":1.7394814491,"26":1.7142426968,"27":1.7202568054,"28":1.7102632523,"29":1.6908078194,"30":1.6822824478,"31":1.6585916281,"32":1.6449260712,"33":1.6182060242,"34":1.5758606195,"35":1.5404486656,"36":1.5311262608,"37":1.5614899397,"38":1.5524048805,"39":1.4776525497,"40":1.4698369503,"41":1.4069609642,"42":1.4049091339,"43":1.5396929979,"44":2.0267853737,"45":1.6227103472,"46":1.3919752836,"47":1.3976639509,"48":1.7430205345,"49":2.2178444862},"val_recall":{"0":0.0,"1":0.0,"2":0.0,"3":0.0,"4":0.0,"5":0.0,"6":0.0,"7":0.0,"8":0.0,"9":0.0,"10":0.0,"11":0.0,"12":0.0,"13":0.0,"14":0.0,"15":0.0,"16":0.0,"17":0.0,"18":0.0,"19":0.0,"20":0.0,"21":0.0,"22":0.0,"23":0.0,"24":0.0,"25":0.0,"26":0.0,"27":0.0,"28":0.0,"29":0.0,"30":0.0118577071,"31":0.0,"32":0.0158102773,"33":0.0,"34":0.0079051387,"35":0.0316205546,"36":0.0,"37":0.0,"38":0.0237154141,"39":0.0158102773,"40":0.3320158124,"41":0.2727272809,"42":0.2055335939,"43":0.3083004057,"44":0.2490118593,"45":0.252964437,"46":0.2332015783,"47":0.2134387344,"48":0.2608695626,"49":0.252964437}}