{"loss":{"0":24.1546287537,"1":7.1633439064,"2":2.9460148811,"3":2.2042169571,"4":2.0732922554,"5":2.0293188095,"6":1.9907337427,"7":1.9295934439,"8":1.9056696892,"9":1.8819061518,"10":1.8746774197,"11":1.8759690523,"12":1.8319365978,"13":1.8131802082,"14":1.873665452,"15":1.8115674257,"16":1.7651786804,"17":1.7312752008,"18":1.7555896044,"19":1.7195004225,"20":1.7126431465,"21":1.7234398127,"22":1.6785709858,"23":1.6605802774,"24":1.679399848,"25":1.6774871349,"26":1.6278066635,"27":1.6201549768,"28":1.6130627394,"29":1.5783984661,"30":1.5931594372,"31":1.5643876791,"32":1.5705803633,"33":1.5558283329,"34":1.5477867126,"35":1.5282939672,"36":1.5449340343,"37":1.5225770473,"38":1.4855965376,"39":1.5040154457,"40":1.5303860903,"41":1.4816213846,"42":1.4674795866,"43":1.4975277185,"44":1.4704378843,"45":1.4264676571,"46":1.4568245411,"47":1.4375296831,"48":1.4891270399,"49":1.4023822546},"recall":{"0":0.1447835416,"1":0.0943931863,"2":0.0823278949,"3":0.0546486862,"4":0.0518097952,"5":0.0525195189,"6":0.0589070246,"7":0.0773598328,"8":0.0638750866,"9":0.0894251242,"10":0.0681334287,"11":0.070262596,"12":0.0894251242,"13":0.0958126336,"14":0.1057487577,"15":0.1092973724,"16":0.1234918386,"17":0.1320085227,"18":0.1199432239,"19":0.1334279627,"20":0.1348474026,"21":0.1234918386,"22":0.1490418762,"23":0.1561391056,"24":0.1490418762,"25":0.1639460623,"26":0.1816891432,"27":0.1767210811,"28":0.1852377504,"29":0.1802696884,"30":0.1930447072,"31":0.2136266828,"32":0.2044002861,"33":0.2228530943,"34":0.2114975154,"35":0.2122072428,"36":0.238466993,"37":0.227111429,"38":0.2540809214,"39":0.2398864478,"40":0.2505322993,"41":0.2505322993,"42":0.258339256,"43":0.2618878782,"44":0.2505322993,"45":0.2789212167,"46":0.2640170455,"47":0.2796309292,"48":0.2767920494,"49":0.2803406715},"val_loss":{"0":1.9539058208,"1":1.7720375061,"2":1.735106349,"3":1.7427346706,"4":1.6970080137,"5":1.6889483929,"6":1.6628792286,"7":1.6462460756,"8":1.6234135628,"9":1.6282203197,"10":1.6145569086,"11":1.6010832787,"12":1.5933669806,"13":1.576102376,"14":1.5658202171,"15":1.5606033802,"16":1.5560091734,"17":1.5345888138,"18":1.5455245972,"19":1.532074213,"20":1.520026803,"21":1.5124663115,"22":1.5119131804,"23":1.5082445145,"24":1.5015414953,"25":1.4954155684,"26":1.4799757004,"27":1.4837955236,"28":1.4670773745,"29":1.4656437635,"30":1.4536530972,"31":1.4467357397,"32":1.4470210075,"33":1.444594264,"34":1.4371647835,"35":1.4273850918,"36":1.4187495708,"37":1.4192882776,"38":1.4185804129,"39":1.404419899,"40":1.4094456434,"41":1.4001727104,"42":1.3941712379,"43":1.3983877897,"44":1.3929435015,"45":1.3959486485,"46":1.399173975,"47":1.3827551603,"48":1.3912875652,"49":1.3901405334},"val_recall":{"0":0.0079051387,"1":0.0079051387,"2":0.0039525693,"3":0.0039525693,"4":0.0118577071,"5":0.0118577071,"6":0.0079051387,"7":0.0118577071,"8":0.0197628457,"9":0.0237154141,"10":0.0237154141,"11":0.0355731212,"12":0.0316205546,"13":0.0513833985,"14":0.0395256914,"15":0.0553359687,"16":0.0553359687,"17":0.0671936795,"18":0.059288539,"19":0.0632411093,"20":0.0830039531,"21":0.1067193672,"22":0.1067193672,"23":0.1106719375,"24":0.1264822185,"25":0.0988142267,"26":0.1462450624,"27":0.1383399218,"28":0.1501976252,"29":0.1304347813,"30":0.1818181872,"31":0.18577075,"32":0.1501976252,"33":0.18577075,"34":0.1976284534,"35":0.1976284534,"36":0.2173912972,"37":0.2094861716,"38":0.2213438749,"39":0.2094861716,"40":0.2134387344,"41":0.2134387344,"42":0.2411067188,"43":0.2173912972,"44":0.2252964377,"45":0.2569169998,"46":0.2134387344,"47":0.2766798437,"48":0.2411067188,"49":0.268774718}}