{"loss":{"0":2.2687599659,"1":2.0258173943,"2":1.9469497204,"3":1.9241074324,"4":1.8978667259,"5":1.8779520988,"6":1.8507335186,"7":1.8432881832,"8":1.8373808861,"9":1.8376412392,"10":1.8334422112,"11":1.8030885458,"12":1.820573926,"13":1.7892256975,"14":1.8035671711,"15":1.815778017,"16":1.7885875702,"17":1.7920774221,"18":1.755556345,"19":1.7769812346,"20":1.7582523823,"21":1.7740231752,"22":1.7688111067,"23":1.7426937819,"24":1.7631869316,"25":1.7477321625,"26":1.7394783497,"27":1.7278145552,"28":1.7381780148,"29":1.7591198683,"30":1.7300300598,"31":1.721362114,"32":1.7162861824,"33":1.714330554,"34":1.7054781914,"35":1.705321908,"36":1.69734025,"37":1.7170906067,"38":1.699187398,"39":1.6795014143,"40":1.7021504641,"41":1.688076973,"42":1.6868963242,"43":1.6809365749,"44":1.6731523275,"45":1.6808069944,"46":1.664312005,"47":1.6678975821,"48":1.6621406078,"49":1.6580672264},"recall":{"0":0.0042583393,"1":0.0070972322,"2":0.0120652942,"3":0.0149041871,"4":0.009936125,"5":0.0120652942,"6":0.0056777857,"7":0.009936125,"8":0.0120652942,"9":0.0113555714,"10":0.0127750179,"11":0.0134847406,"12":0.0113555714,"13":0.0156139107,"14":0.0134847406,"15":0.0120652942,"16":0.0141944643,"17":0.009936125,"18":0.0170333572,"19":0.0092264013,"20":0.0156139107,"21":0.0113555714,"22":0.0134847406,"23":0.0156139107,"24":0.0141944643,"25":0.0134847406,"26":0.0156139107,"27":0.0106458478,"28":0.0177430809,"29":0.0170333572,"30":0.009936125,"31":0.0177430809,"32":0.0191625264,"33":0.0227111429,"34":0.0191625264,"35":0.0241305884,"36":0.0269694813,"37":0.0191625264,"38":0.0212916955,"39":0.0191625264,"40":0.0141944643,"41":0.0205819737,"42":0.0205819737,"43":0.0283889286,"44":0.0298083741,"45":0.0361958854,"46":0.0319375433,"47":0.0333569907,"48":0.0312278215,"49":0.034776438},"val_loss":{"0":2.1292767525,"1":1.9060875177,"2":1.7918483019,"3":1.7645852566,"4":1.7589062452,"5":1.7524056435,"6":1.7494493723,"7":1.7476067543,"8":1.7452862263,"9":1.7439649105,"10":1.7435085773,"11":1.7431149483,"12":1.7438070774,"13":1.7384457588,"14":1.7386034727,"15":1.7383910418,"16":1.7359169722,"17":1.7361239195,"18":1.736620307,"19":1.7328583002,"20":1.7305860519,"21":1.7312625647,"22":1.7335820198,"23":1.7321704626,"24":1.729039073,"25":1.7290487289,"26":1.7273448706,"27":1.7300596237,"28":1.7248568535,"29":1.7273066044,"30":1.7252225876,"31":1.7225270271,"32":1.7217218876,"33":1.7197437286,"34":1.7198457718,"35":1.7190400362,"36":1.7178943157,"37":1.7174857855,"38":1.7180925608,"39":1.711127758,"40":1.710013628,"41":1.710038662,"42":1.7124536037,"43":1.7157725096,"44":1.7061328888,"45":1.7051897049,"46":1.7017755508,"47":1.7009766102,"48":1.7020782232,"49":1.699021697},"val_recall":{"0":0.0,"1":0.0,"2":0.0,"3":0.0,"4":0.0,"5":0.0,"6":0.0,"7":0.0,"8":0.0,"9":0.0,"10":0.0,"11":0.0,"12":0.0,"13":0.0,"14":0.0,"15":0.0,"16":0.0,"17":0.0,"18":0.0,"19":0.0,"20":0.0,"21":0.0,"22":0.0,"23":0.0,"24":0.0,"25":0.0,"26":0.0,"27":0.0,"28":0.0,"29":0.0,"30":0.0,"31":0.0,"32":0.0,"33":0.0,"34":0.0,"35":0.0,"36":0.0,"37":0.0,"38":0.0,"39":0.0,"40":0.0,"41":0.0,"42":0.0,"43":0.0,"44":0.0,"45":0.0,"46":0.0,"47":0.0,"48":0.0,"49":0.0}}