{"loss":{"0":2.4327912331,"1":2.2134623528,"2":2.0897755623,"3":1.9985105991,"4":1.9540473223,"5":1.9283297062,"6":1.9535337687,"7":1.8924719095,"8":1.8910036087,"9":1.8897773027,"10":1.8656878471,"11":1.8649088144,"12":1.8544101715,"13":1.8408123255,"14":1.8684029579,"15":1.8250883818,"16":1.834587574,"17":1.8290659189,"18":1.8104182482,"19":1.7847095728,"20":1.7955420017,"21":1.7910856009,"22":1.7807506323,"23":1.8145936728,"24":1.805103898,"25":1.7839481831,"26":1.7803273201,"27":1.7698053122,"28":1.7453352213,"29":1.7797759771,"30":1.770603776,"31":1.7545084953,"32":1.7439036369,"33":1.7449998856,"34":1.7433553934,"35":1.7557507753,"36":1.7455474138,"37":1.7471898794,"38":1.7053693533,"39":1.7267062664,"40":1.7338541746,"41":1.7147994041,"42":1.7197327614,"43":1.7262724638,"44":1.6967340708,"45":1.6942504644,"46":1.6808896065,"47":1.6814676523,"48":1.6607313156,"49":1.6508567333},"recall":{"0":0.0014194464,"1":0.0021291696,"2":0.0035486161,"3":0.0056777857,"4":0.0035486161,"5":0.009936125,"6":0.0085166786,"7":0.0120652942,"8":0.0106458478,"9":0.0134847406,"10":0.0113555714,"11":0.0106458478,"12":0.0170333572,"13":0.0149041871,"14":0.0141944643,"15":0.0106458478,"16":0.0134847406,"17":0.0163236335,"18":0.0134847406,"19":0.01987225,"20":0.0170333572,"21":0.0156139107,"22":0.0149041871,"23":0.0141944643,"24":0.0177430809,"25":0.0191625264,"26":0.0156139107,"27":0.0191625264,"28":0.0220014192,"29":0.0184528027,"30":0.0149041871,"31":0.0234208666,"32":0.0184528027,"33":0.0149041871,"34":0.0205819737,"35":0.0156139107,"36":0.0234208666,"37":0.0184528027,"38":0.034776438,"39":0.032647267,"40":0.0298083741,"41":0.0269694813,"42":0.0191625264,"43":0.0212916955,"44":0.0290986523,"45":0.032647267,"46":0.0361958854,"47":0.0404542238,"48":0.0369056053,"49":0.0440028384},"val_loss":{"0":2.2883701324,"1":2.1862661839,"2":2.1056921482,"3":2.0594553947,"4":2.0208132267,"5":1.9457730055,"6":1.8710427284,"7":1.8249881268,"8":1.7997860909,"9":1.7836351395,"10":1.7741036415,"11":1.7734969854,"12":1.7692011595,"13":1.7644770145,"14":1.7637546062,"15":1.7599623203,"16":1.7606981993,"17":1.761400938,"18":1.7569679022,"19":1.7587916851,"20":1.7561858892,"21":1.7565261126,"22":1.7568582296,"23":1.7572339773,"24":1.7610558271,"25":1.7589834929,"26":1.7585432529,"27":1.7553273439,"28":1.7510371208,"29":1.7491289377,"30":1.7517374754,"31":1.7484682798,"32":1.7531762123,"33":1.7509286404,"34":1.7528479099,"35":1.7548855543,"36":1.7548832893,"37":1.7574130297,"38":1.7570109367,"39":1.7548508644,"40":1.7538598776,"41":1.7456936836,"42":1.7477853298,"43":1.7403168678,"44":1.73051548,"45":1.7361135483,"46":1.7390958071,"47":1.7484285831,"48":1.736371994,"49":1.7350511551},"val_recall":{"0":0.0,"1":0.0,"2":0.0,"3":0.0,"4":0.0,"5":0.0,"6":0.0,"7":0.0,"8":0.0,"9":0.0,"10":0.0,"11":0.0,"12":0.0,"13":0.0,"14":0.0,"15":0.0,"16":0.0,"17":0.0,"18":0.0,"19":0.0,"20":0.0,"21":0.0,"22":0.0,"23":0.0,"24":0.0,"25":0.0,"26":0.0,"27":0.0,"28":0.0,"29":0.0,"30":0.0,"31":0.0,"32":0.0,"33":0.0,"34":0.0,"35":0.0,"36":0.0,"37":0.0,"38":0.0,"39":0.0,"40":0.0,"41":0.0,"42":0.0,"43":0.0,"44":0.0,"45":0.0,"46":0.0,"47":0.0,"48":0.0,"49":0.0}}