{"loss":{"0":2.031755209,"1":1.880304575,"2":1.8455907106,"3":1.8019113541,"4":1.7896356583,"5":1.7816764116,"6":1.7765835524,"7":1.7587536573,"8":1.7823281288,"9":1.7488739491,"10":1.7631598711,"11":1.7303942442,"12":1.7151455879,"13":1.6839028597,"14":1.6600220203,"15":1.6183825731,"16":1.6127378941,"17":1.6222499609,"18":1.5998058319,"19":1.5498272181,"20":1.5227028131,"21":1.5489982367,"22":1.4907437563,"23":1.4552623034,"24":1.4161957502,"25":1.4318450689,"26":1.4137513638,"27":1.4155322313,"28":1.3622413874,"29":1.3438849449,"30":1.332790494,"31":1.3281210661,"32":1.289270997,"33":1.2780584097,"34":1.2614321709,"35":1.2964223623,"36":1.3758467436,"37":1.3213077784,"38":1.3258081675,"39":1.2662792206,"40":1.2750805616,"41":1.2796338797,"42":1.2863717079,"43":1.272709012,"44":1.2522594929,"45":1.1841402054,"46":1.1685962677,"47":1.1394461393,"48":1.1576836109,"49":1.1462899446},"recall":{"0":0.0127750179,"1":0.0191625264,"2":0.0106458478,"3":0.0042583393,"4":0.0078069554,"5":0.0113555714,"6":0.0078069554,"7":0.009936125,"8":0.0134847406,"9":0.0085166786,"10":0.0070972322,"11":0.0092264013,"12":0.0163236335,"13":0.0227111429,"14":0.037615329,"15":0.0411639474,"16":0.0581973046,"17":0.0518097952,"18":0.065294534,"19":0.0965223536,"20":0.1114265472,"21":0.102200143,"22":0.1554293782,"23":0.168204397,"24":0.2193044722,"25":0.2001419514,"26":0.2193044722,"27":0.2044002861,"28":0.2484031171,"29":0.2597586811,"30":0.2817601264,"31":0.2682753801,"32":0.3094393313,"33":0.2931156754,"34":0.3058907092,"35":0.3066004217,"36":0.2576295137,"37":0.2796309292,"38":0.2817601264,"39":0.2909865081,"40":0.308729589,"41":0.3073101342,"42":0.3115684986,"43":0.3243435025,"44":0.3243435025,"45":0.3846699893,"46":0.3626685739,"47":0.4130589068,"48":0.3974449933,"49":0.4201561511},"val_loss":{"0":1.9229096174,"1":1.8579536676,"2":1.7593679428,"3":1.7426780462,"4":1.7421928644,"5":1.7383949757,"6":1.7370636463,"7":1.7467247248,"8":1.7433712482,"9":1.737885952,"10":1.738202095,"11":1.7320188284,"12":1.7846095562,"13":1.7853934765,"14":1.6383837461,"15":1.6139540672,"16":1.8612259626,"17":1.6314797401,"18":1.5669937134,"19":1.7073562145,"20":1.481528759,"21":1.7469117641,"22":2.3566155434,"23":1.7127511501,"24":1.3982796669,"25":1.4277501106,"26":2.3545591831,"27":2.2339859009,"28":1.4957792759,"29":2.1085858345,"30":1.7564845085,"31":1.6651796103,"32":1.4360089302,"33":1.4720505476,"34":1.4103266001,"35":1.4050204754,"36":3.4181544781,"37":2.8693041801,"38":2.4196984768,"39":3.1167092323,"40":3.7169356346,"41":3.769497633,"42":2.7238886356,"43":2.9849495888,"44":3.2460136414,"45":1.9607247114,"46":3.3786139488,"47":2.9047832489,"48":3.3730947971,"49":2.8059177399},"val_recall":{"0":0.0,"1":0.0,"2":0.0,"3":0.0,"4":0.0,"5":0.0,"6":0.0,"7":0.0,"8":0.0,"9":0.0,"10":0.0,"11":0.0,"12":0.0,"13":0.0,"14":0.0,"15":0.0,"16":0.0,"17":0.0,"18":0.0,"19":0.0553359687,"20":0.0632411093,"21":0.1976284534,"22":0.252964437,"23":0.2411067188,"24":0.2173912972,"25":0.2490118593,"26":0.252964437,"27":0.252964437,"28":0.2411067188,"29":0.2490118593,"30":0.2450592816,"31":0.2411067188,"32":0.2450592816,"33":0.2806324065,"34":0.3003952503,"35":0.1936758906,"36":0.252964437,"37":0.252964437,"38":0.252964437,"39":0.252964437,"40":0.252964437,"41":0.252964437,"42":0.252964437,"43":0.252964437,"44":0.252964437,"45":0.252964437,"46":0.252964437,"47":0.252964437,"48":0.252964437,"49":0.252964437}}