{"loss":{"0":2.6042413712,"1":2.1350026131,"2":2.1525559425,"3":2.0701262951,"4":1.9829316139,"5":1.9563097954,"6":1.9000350237,"7":1.8567963839,"8":1.9617630243,"9":1.9163553715,"10":1.8782613277,"11":1.8154200315,"12":1.7795674801,"13":1.8800834417,"14":1.8783098459,"15":1.8294625282,"16":1.7753478289,"17":1.8316851854,"18":1.852956295,"19":1.7878733873,"20":1.7768703699,"21":1.8143959045,"22":1.797073245,"23":1.823066473,"24":1.8141448498,"25":1.7768337727,"26":1.7567778826,"27":1.7908513546,"28":1.77404356,"29":1.7662626505,"30":1.7368836403,"31":1.7342755795,"32":1.7488094568,"33":1.7179698944,"34":1.7303403616,"35":1.7028075457,"36":1.6988344193,"37":1.7040145397,"38":1.7103655338,"39":1.7075914145,"40":1.677649498,"41":1.6665443182,"42":1.6306477785,"43":1.6806132793,"44":1.6627645493,"45":1.6507915258,"46":1.6793066263,"47":1.643283844,"48":1.6481463909,"49":1.6222473383},"recall":{"0":0.0468417332,"1":0.0383250527,"2":0.070262596,"3":0.0404542238,"4":0.0369056053,"5":0.0290986523,"6":0.0553584099,"7":0.0305180978,"8":0.0262597594,"9":0.0333569907,"10":0.0454222858,"11":0.0191625264,"12":0.0177430809,"13":0.0241305884,"14":0.0220014192,"15":0.0170333572,"16":0.0085166786,"17":0.0227111429,"18":0.0319375433,"19":0.0134847406,"20":0.0106458478,"21":0.0184528027,"22":0.034776438,"23":0.0298083741,"24":0.0163236335,"25":0.0049680625,"26":0.0078069554,"27":0.0113555714,"28":0.0113555714,"29":0.0269694813,"30":0.0149041871,"31":0.0170333572,"32":0.0127750179,"33":0.0234208666,"34":0.0170333572,"35":0.0227111429,"36":0.0248403121,"37":0.0212916955,"38":0.0276792049,"39":0.032647267,"40":0.0290986523,"41":0.0454222858,"42":0.0468417332,"43":0.0503903478,"44":0.0603264719,"45":0.0546486862,"46":0.0553584099,"47":0.0511000715,"48":0.0681334287,"49":0.064584814},"val_loss":{"0":2.1432161331,"1":1.985491991,"2":1.8525547981,"3":1.7523131371,"4":1.760384202,"5":1.7899045944,"6":1.7539219856,"7":1.7675641775,"8":1.7461041212,"9":1.7676417828,"10":1.7577878237,"11":1.7422596216,"12":1.751822114,"13":1.74748981,"14":1.7508045435,"15":1.7495565414,"16":1.7449775934,"17":1.7448339462,"18":1.7541056871,"19":1.7435483932,"20":1.7496501207,"21":1.7414405346,"22":1.7446656227,"23":1.765832901,"24":1.74586308,"25":1.7396298647,"26":1.7452548742,"27":1.7392264605,"28":1.740768671,"29":1.7432750463,"30":1.7420402765,"31":1.7431753874,"32":1.7407902479,"33":1.7405445576,"34":1.7407572269,"35":1.740932107,"36":1.7415603399,"37":1.7394223213,"38":1.7435014248,"39":1.7460567951,"40":1.7404729128,"41":1.7415099144,"42":1.7396876812,"43":1.7439956665,"44":1.7450674772,"45":1.7444841862,"46":1.7448532581,"47":1.7449696064,"48":1.7421139479,"49":1.742323041},"val_recall":{"0":0.0,"1":0.0,"2":0.0,"3":0.0,"4":0.0,"5":0.0,"6":0.0,"7":0.0,"8":0.0,"9":0.0,"10":0.0,"11":0.0,"12":0.0,"13":0.0,"14":0.0,"15":0.0,"16":0.0,"17":0.0,"18":0.0,"19":0.0,"20":0.0,"21":0.0,"22":0.0,"23":0.0,"24":0.0,"25":0.0,"26":0.0,"27":0.0,"28":0.0,"29":0.0,"30":0.0,"31":0.0,"32":0.0,"33":0.0,"34":0.0,"35":0.0,"36":0.0,"37":0.0,"38":0.0,"39":0.0,"40":0.0,"41":0.0,"42":0.0,"43":0.0,"44":0.0,"45":0.0,"46":0.0,"47":0.0,"48":0.0,"49":0.0}}