{"loss":{"0":2.4783408642,"1":2.2260985374,"2":2.1109497547,"3":2.1610431671,"4":2.0243282318,"5":1.990708828,"6":2.004267931,"7":2.0209152699,"8":2.0462729931,"9":2.0011796951,"10":1.9472942352,"11":2.0950229168,"12":2.1204693317,"13":2.0919716358,"14":1.8097664118,"15":2.0380928516,"16":1.9690560102,"17":2.07710886,"18":1.9345897436,"19":2.0494699478,"20":2.0653560162,"21":1.8429255486,"22":1.9149622917,"23":1.957854867,"24":1.845712781,"25":1.8574750423,"26":1.876667738,"27":1.9079704285,"28":1.8271389008,"29":1.8591756821,"30":1.7819736004,"31":1.7905253172,"32":1.8111389875,"33":1.8116595745,"34":1.8174010515,"35":1.8475794792,"36":1.7608793974,"37":1.7731876373,"38":1.8001030684,"39":1.8164321184,"40":1.7855590582,"41":1.8039133549,"42":1.7956650257,"43":1.7413552999,"44":1.7608038187,"45":1.7154841423,"46":1.7473813295,"47":1.7267944813,"48":1.7457147837,"49":1.7202619314},"recall":{"0":0.0440028384,"1":0.0596167482,"2":0.0773598328,"3":0.0475514531,"4":0.0418736711,"5":0.0674237013,"6":0.0383250527,"7":0.0290986523,"8":0.0319375433,"9":0.0511000715,"10":0.0340667143,"11":0.0567778572,"12":0.0560681336,"13":0.0220014192,"14":0.0070972322,"15":0.0227111429,"16":0.0539389625,"17":0.0227111429,"18":0.0262597594,"19":0.070262596,"20":0.0248403121,"21":0.0220014192,"22":0.0511000715,"23":0.0319375433,"24":0.0269694813,"25":0.0127750179,"26":0.0120652942,"27":0.0156139107,"28":0.0056777857,"29":0.0156139107,"30":0.0120652942,"31":0.0056777857,"32":0.0070972322,"33":0.0220014192,"34":0.0156139107,"35":0.0298083741,"36":0.0127750179,"37":0.0163236335,"38":0.0383250527,"39":0.0163236335,"40":0.0156139107,"41":0.0220014192,"42":0.0369056053,"43":0.0035486161,"44":0.0049680625,"45":0.009936125,"46":0.0177430809,"47":0.0113555714,"48":0.0141944643,"49":0.0163236335},"val_loss":{"0":2.0439682007,"1":1.7921535969,"2":1.7918140888,"3":1.7886953354,"4":1.7702293396,"5":1.7986963987,"6":1.7516065836,"7":1.7893340588,"8":1.8172920942,"9":1.7922629118,"10":1.7679824829,"11":1.7584130764,"12":1.8486118317,"13":1.7557835579,"14":1.7600724697,"15":1.7452528477,"16":1.7714990377,"17":1.7551481724,"18":1.7925636768,"19":1.881868124,"20":1.7512831688,"21":1.7446345091,"22":1.788459897,"23":1.7476273775,"24":1.7426732779,"25":1.7422474623,"26":1.7576481104,"27":1.7523672581,"28":1.74958992,"29":1.7595897913,"30":1.7405838966,"31":1.7395068407,"32":1.7397041321,"33":1.7573763132,"34":1.7419219017,"35":1.7446888685,"36":1.7374925613,"37":1.7505725622,"38":1.7567563057,"39":1.744853735,"40":1.7380232811,"41":1.7449383736,"42":1.7636181116,"43":1.7453795671,"44":1.7463265657,"45":1.740406394,"46":1.7418496609,"47":1.7427560091,"48":1.7439945936,"49":1.7386914492},"val_recall":{"0":0.0,"1":0.0,"2":0.0,"3":0.0,"4":0.0,"5":0.0,"6":0.0,"7":0.0,"8":0.0,"9":0.0,"10":0.0,"11":0.0,"12":0.0,"13":0.0,"14":0.0,"15":0.0,"16":0.0,"17":0.0,"18":0.0,"19":0.0,"20":0.0,"21":0.0,"22":0.0,"23":0.0,"24":0.0,"25":0.0,"26":0.0,"27":0.0,"28":0.0,"29":0.0,"30":0.0,"31":0.0,"32":0.0,"33":0.0,"34":0.0,"35":0.0,"36":0.0,"37":0.0,"38":0.0,"39":0.0,"40":0.0,"41":0.0,"42":0.0,"43":0.0,"44":0.0,"45":0.0,"46":0.0,"47":0.0,"48":0.0,"49":0.0}}