{"loss":{"0":2.4455153942,"1":2.1280004978,"2":1.9503029585,"3":1.9044232368,"4":1.9456273317,"5":1.8801188469,"6":1.8263496161,"7":1.8037984371,"8":1.8063960075,"9":1.8345764875,"10":1.7911779881,"11":1.7953932285,"12":1.7676987648,"13":1.7966067791,"14":1.7713669538,"15":1.7586420774,"16":1.7478444576,"17":1.7620579004,"18":1.7512969971,"19":1.7415598631,"20":1.750469923,"21":1.7322593927,"22":1.7380459309,"23":1.7404731512,"24":1.7352074385,"25":1.7254568338,"26":1.7493979931,"27":1.7095381021,"28":1.7054969072,"29":1.7202675343,"30":1.7048641443,"31":1.6842739582,"32":1.6781821251,"33":1.668977499,"34":1.6811014414,"35":1.6618324518,"36":1.6766867638,"37":1.6471885443,"38":1.6432424784,"39":1.6466964483,"40":1.6324267387,"41":1.6195015907,"42":1.5989694595,"43":1.5937758684,"44":1.5776046515,"45":1.5824086666,"46":1.5684766769,"47":1.525957346,"48":1.5140305758,"49":1.5076347589},"recall":{"0":0.0440028384,"1":0.0447125621,"2":0.01987225,"3":0.0319375433,"4":0.0212916955,"5":0.0170333572,"6":0.0156139107,"7":0.0149041871,"8":0.0177430809,"9":0.0056777857,"10":0.0056777857,"11":0.0106458478,"12":0.0070972322,"13":0.0021291696,"14":0.0063875089,"15":0.0049680625,"16":0.0035486161,"17":0.0085166786,"18":0.0120652942,"19":0.0070972322,"20":0.0063875089,"21":0.0092264013,"22":0.0063875089,"23":0.0163236335,"24":0.0078069554,"25":0.0078069554,"26":0.0156139107,"27":0.0127750179,"28":0.0156139107,"29":0.0276792049,"30":0.0149041871,"31":0.0248403121,"32":0.034776438,"33":0.0397445001,"34":0.0425833911,"35":0.0447125621,"36":0.0447125621,"37":0.0503903478,"38":0.0617459193,"39":0.0532292388,"40":0.0631653666,"41":0.0780695528,"42":0.0851667821,"43":0.0936834663,"44":0.0901348442,"45":0.0830376148,"46":0.107877925,"47":0.1121362671,"48":0.1242015585,"49":0.1298793405},"val_loss":{"0":1.9428282976,"1":1.754642725,"2":1.7681163549,"3":1.7714657784,"4":1.7733764648,"5":1.747938633,"6":1.7424881458,"7":1.7427740097,"8":1.748475194,"9":1.7503728867,"10":1.7476912737,"11":1.7460125685,"12":1.7464824915,"13":1.751365304,"14":1.7503482103,"15":1.7437673807,"16":1.7421441078,"17":1.7404289246,"18":1.7436000109,"19":1.7453042269,"20":1.7430545092,"21":1.7431936264,"22":1.7463074923,"23":1.7428791523,"24":1.7445977926,"25":1.7405223846,"26":1.7474081516,"27":1.7392966747,"28":1.7447142601,"29":1.7410351038,"30":1.7403270006,"31":1.7426767349,"32":1.7421740294,"33":1.7419323921,"34":1.7434803247,"35":1.7400081158,"36":1.7395361662,"37":1.7413259745,"38":1.7410629988,"39":1.737803936,"40":1.7378783226,"41":1.735996604,"42":1.7368746996,"43":1.7332633734,"44":1.7279076576,"45":1.7215166092,"46":1.7116473913,"47":1.7043225765,"48":1.6786015034,"49":1.7084167004},"val_recall":{"0":0.0,"1":0.0,"2":0.0,"3":0.0,"4":0.0,"5":0.0,"6":0.0,"7":0.0,"8":0.0,"9":0.0,"10":0.0,"11":0.0,"12":0.0,"13":0.0,"14":0.0,"15":0.0,"16":0.0,"17":0.0,"18":0.0,"19":0.0,"20":0.0,"21":0.0,"22":0.0,"23":0.0,"24":0.0,"25":0.0,"26":0.0,"27":0.0,"28":0.0,"29":0.0,"30":0.0,"31":0.0,"32":0.0,"33":0.0,"34":0.0,"35":0.0,"36":0.0,"37":0.0,"38":0.0,"39":0.0,"40":0.0,"41":0.0,"42":0.0,"43":0.0,"44":0.0,"45":0.0,"46":0.0,"47":0.0,"48":0.0,"49":0.0}}