{"loss":{"0":2.0270426273,"1":1.9084274769,"2":1.8601346016,"3":1.8003637791,"4":1.8008680344,"5":1.7947349548,"6":1.8062359095,"7":1.7864916325,"8":1.8049445152,"9":1.759589076,"10":1.7630742788,"11":1.7683702707,"12":1.7664175034,"13":1.7519396544,"14":1.726175189,"15":1.7037681341,"16":1.6677700281,"17":1.7069774866,"18":1.6769526005,"19":1.6458861828,"20":1.6155790091,"21":1.5904558897,"22":1.5734122992,"23":1.5329055786,"24":1.4635072947,"25":1.4388948679,"26":1.4358062744,"27":1.4224054813,"28":1.3962538242,"29":1.3649221659,"30":1.3348487616,"31":1.331443429,"32":1.321267724,"33":1.2674646378,"34":1.2625610828,"35":1.2700161934,"36":1.2442947626,"37":1.2003552914,"38":1.2358622551,"39":1.1400717497,"40":1.1917508841,"41":1.1817743778,"42":1.1785610914,"43":1.1269081831,"44":1.1506799459,"45":1.0881333351,"46":1.0480518341,"47":1.0445454121,"48":1.0228264332,"49":1.0085999966},"recall":{"0":0.0298083741,"1":0.0369056053,"2":0.01987225,"3":0.0170333572,"4":0.0290986523,"5":0.0149041871,"6":0.0113555714,"7":0.0120652942,"8":0.0141944643,"9":0.0085166786,"10":0.0156139107,"11":0.0255500358,"12":0.0177430809,"13":0.0177430809,"14":0.0134847406,"15":0.0227111429,"16":0.0312278215,"17":0.0312278215,"18":0.034776438,"19":0.0312278215,"20":0.070262596,"21":0.0823278949,"22":0.1071682051,"23":0.1192334965,"24":0.1845280379,"25":0.2029808313,"26":0.2185947448,"27":0.2370475531,"28":0.2164655775,"29":0.2817601264,"30":0.2732434273,"31":0.2987934649,"32":0.2796309292,"33":0.3073101342,"34":0.3335699141,"35":0.3435060382,"36":0.3534421623,"37":0.3598296642,"38":0.351312995,"39":0.4109297395,"40":0.3896380365,"41":0.3662171662,"42":0.426543653,"43":0.4237047434,"44":0.4017033279,"45":0.4421575665,"46":0.4513839483,"47":0.4662881494,"48":0.4662881494,"49":0.4911284745},"val_loss":{"0":1.940771699,"1":1.8085410595,"2":1.7599701881,"3":1.7491981983,"4":1.7779613733,"5":1.743612051,"6":1.7383500338,"7":1.7463433743,"8":1.7448054552,"9":1.7459622622,"10":1.7401775122,"11":1.7756670713,"12":1.7631417513,"13":1.7938665152,"14":1.7391840219,"15":1.737837553,"16":1.7078227997,"17":1.6955574751,"18":1.6519091129,"19":1.6133790016,"20":1.6287045479,"21":1.624984026,"22":2.250440836,"23":1.6404485703,"24":1.9670650959,"25":1.4483681917,"26":2.126916647,"27":2.1620664597,"28":2.8536250591,"29":2.669510603,"30":2.5001244545,"31":2.0806970596,"32":1.7792390585,"33":1.7969862223,"34":1.6420022249,"35":3.7342317104,"36":1.7726153135,"37":1.5466309786,"38":1.6299264431,"39":1.7997270823,"40":2.7450101376,"41":1.8722785711,"42":1.5230225325,"43":1.5663430691,"44":2.5604858398,"45":1.8678495884,"46":1.7371542454,"47":1.7966586351,"48":1.9349911213,"49":1.7138986588},"val_recall":{"0":0.0,"1":0.0,"2":0.0,"3":0.0,"4":0.0,"5":0.0,"6":0.0,"7":0.0,"8":0.0,"9":0.0,"10":0.0,"11":0.0,"12":0.0,"13":0.0,"14":0.0,"15":0.0,"16":0.0,"17":0.0,"18":0.0237154141,"19":0.0039525693,"20":0.0,"21":0.0276679844,"22":0.252964437,"23":0.2569169998,"24":0.252964437,"25":0.2134387344,"26":0.252964437,"27":0.2569169998,"28":0.252964437,"29":0.252964437,"30":0.252964437,"31":0.2569169998,"32":0.2411067188,"33":0.252964437,"34":0.2608695626,"35":0.252964437,"36":0.2569169998,"37":0.252964437,"38":0.3043478131,"39":0.2727272809,"40":0.252964437,"41":0.252964437,"42":0.2292490155,"43":0.2332015783,"44":0.252964437,"45":0.2806324065,"46":0.2727272809,"47":0.237154156,"48":0.252964437,"49":0.3083004057}}