{"loss":{"0":2.6508135796,"1":2.4631605148,"2":2.825232029,"3":2.3682789803,"4":2.0513386726,"5":2.5507719517,"6":2.4264287949,"7":2.0352265835,"8":2.1603996754,"9":1.8970296383,"10":2.1172437668,"11":2.1092913151,"12":2.7797088623,"13":2.2493596077,"14":2.3776948452,"15":1.9418127537,"16":1.9342405796,"17":2.1479508877,"18":2.2525644302,"19":1.9336125851,"20":2.5066995621,"21":2.1170606613,"22":1.8765512705,"23":2.5253238678,"24":1.9255959988,"25":1.9905450344,"26":1.8249137402,"27":2.004830122,"28":1.8090771437,"29":1.8798156977,"30":1.8748369217,"31":1.7932668924,"32":1.7974168062,"33":1.7646619081,"34":1.8527792692,"35":2.1359770298,"36":2.0058095455,"37":1.9880974293,"38":1.9685302973,"39":1.9570400715,"40":1.9710298777,"41":1.9612358809,"42":1.9954122305,"43":1.980831027,"44":2.3321158886,"45":2.2858235836,"46":2.1462440491,"47":2.2617995739,"48":2.1034784317,"49":2.1189095974},"recall":{"0":0.0489709005,"1":0.0823278949,"2":0.0603264719,"3":0.0539389625,"4":0.0205819737,"5":0.0475514531,"6":0.0801987201,"7":0.0234208666,"8":0.034776438,"9":0.0156139107,"10":0.0411639474,"11":0.0475514531,"12":0.0574875809,"13":0.0418736711,"14":0.0567778572,"15":0.0191625264,"16":0.0212916955,"17":0.0120652942,"18":0.0255500358,"19":0.0220014192,"20":0.0319375433,"21":0.0276792049,"22":0.0184528027,"23":0.037615329,"24":0.0227111429,"25":0.0106458478,"26":0.0092264013,"27":0.0163236335,"28":0.0014194464,"29":0.0134847406,"30":0.0042583393,"31":0.0021291696,"32":0.0007097232,"33":0.0014194464,"34":0.0063875089,"35":0.0149041871,"36":0.0078069554,"37":0.0021291696,"38":0.0,"39":0.0021291696,"40":0.0042583393,"41":0.0007097232,"42":0.0021291696,"43":0.0035486161,"44":0.0170333572,"45":0.0369056053,"46":0.009936125,"47":0.0177430809,"48":0.0049680625,"49":0.0085166786},"val_loss":{"0":1.9119273424,"1":3.2621729374,"2":2.2310621738,"3":1.9113982916,"4":2.3895969391,"5":1.7910937071,"6":1.8220536709,"7":1.7755273581,"8":1.7527620792,"9":1.7531151772,"10":1.8280164003,"11":1.7759035826,"12":1.7522141933,"13":1.8843376637,"14":1.7518504858,"15":1.7425183058,"16":1.8612519503,"17":1.8539214134,"18":1.7540867329,"19":1.7451375723,"20":1.7454195023,"21":1.760424614,"22":1.8670469522,"23":1.8104225397,"24":1.7500554323,"25":1.7460005283,"26":1.7541348934,"27":1.7452441454,"28":1.7589917183,"29":1.7441382408,"30":1.7517092228,"31":1.7503919601,"32":1.7458267212,"33":1.7427283525,"34":1.765532136,"35":1.8908102512,"36":1.8865654469,"37":1.8887203932,"38":1.8977802992,"39":1.901001811,"40":1.9027444124,"41":1.9095039368,"42":1.9148541689,"43":1.9129706621,"44":1.9081236124,"45":1.9072369337,"46":1.9075223207,"47":1.9029226303,"48":1.9046040773,"49":1.9096522331},"val_recall":{"0":0.2015810311,"1":0.2332015783,"2":0.2332015783,"3":0.0,"4":0.0,"5":0.0,"6":0.0,"7":0.0,"8":0.0,"9":0.0,"10":0.0,"11":0.0,"12":0.0,"13":0.0,"14":0.0,"15":0.0,"16":0.0,"17":0.0,"18":0.0,"19":0.0,"20":0.0,"21":0.0,"22":0.0,"23":0.0,"24":0.0,"25":0.0,"26":0.0,"27":0.0,"28":0.0,"29":0.0,"30":0.0,"31":0.0,"32":0.0,"33":0.0,"34":0.0,"35":0.0,"36":0.0,"37":0.0,"38":0.0,"39":0.0,"40":0.0,"41":0.0,"42":0.0,"43":0.0,"44":0.0,"45":0.0,"46":0.0,"47":0.0,"48":0.0,"49":0.0}}