{"loss":{"0":2.2512190342,"1":2.0334875584,"2":1.9710240364,"3":1.9157091379,"4":1.8840401173,"5":1.9025783539,"6":1.8746440411,"7":1.8685598373,"8":1.846162796,"9":1.8367546797,"10":1.8164287806,"11":1.8389211893,"12":1.8116312027,"13":1.796377182,"14":1.7870742083,"15":1.7890046835,"16":1.781953454,"17":1.7748149633,"18":1.7765891552,"19":1.7546554804,"20":1.792455554,"21":1.7427582741,"22":1.7699943781,"23":1.7488752604,"24":1.7171736956,"25":1.7326995134,"26":1.7359979153,"27":1.7204127312,"28":1.7496634722,"29":1.7395054102,"30":1.7350701094,"31":1.7372589111,"32":1.7211565971,"33":1.7138131857,"34":1.6748876572,"35":1.6584148407,"36":1.6652866602,"37":1.6560971737,"38":1.6290616989,"39":1.6226212978,"40":1.5966186523,"41":1.6029455662,"42":1.5816655159,"43":1.5745990276,"44":1.5624949932,"45":1.5701853037,"46":1.5334198475,"47":1.52511549,"48":1.5145742893,"49":1.539619565},"recall":{"0":0.0042583393,"1":0.0042583393,"2":0.0078069554,"3":0.0092264013,"4":0.009936125,"5":0.0163236335,"6":0.0120652942,"7":0.0127750179,"8":0.0106458478,"9":0.0134847406,"10":0.0156139107,"11":0.0120652942,"12":0.0149041871,"13":0.0092264013,"14":0.01987225,"15":0.0141944643,"16":0.0141944643,"17":0.0120652942,"18":0.0141944643,"19":0.0177430809,"20":0.0134847406,"21":0.0170333572,"22":0.0191625264,"23":0.0255500358,"24":0.0220014192,"25":0.0205819737,"26":0.0191625264,"27":0.0333569907,"28":0.0227111429,"29":0.0170333572,"30":0.0220014192,"31":0.0283889286,"32":0.0255500358,"33":0.01987225,"34":0.0383250527,"35":0.0482611768,"36":0.0312278215,"37":0.0560681336,"38":0.0596167482,"39":0.062455643,"40":0.0844570622,"41":0.0794890001,"42":0.0816181675,"43":0.102200143,"44":0.1007806957,"45":0.0830376148,"46":0.1121362671,"47":0.1071682051,"48":0.1057487577,"49":0.0986515284},"val_loss":{"0":2.1129875183,"1":2.0135450363,"2":1.9210270643,"3":1.8364323378,"4":1.7823585272,"5":1.7873214483,"6":1.7696913481,"7":1.7590126991,"8":1.752600193,"9":1.7534304857,"10":1.7469363213,"11":1.7446227074,"12":1.7437121868,"13":1.7425862551,"14":1.738022089,"15":1.7372742891,"16":1.7422798872,"17":1.7383630276,"18":1.7365051508,"19":1.7334568501,"20":1.7384688854,"21":1.7267633677,"22":1.7279878855,"23":1.7245995998,"24":1.7193690538,"25":1.7156946659,"26":1.7132726908,"27":1.7196202278,"28":1.7515496016,"29":1.7430081367,"30":1.7406449318,"31":1.7400403023,"32":1.7770338058,"33":1.7715989351,"34":1.7050002813,"35":1.6861473322,"36":1.7014935017,"37":1.6769807339,"38":1.6634870768,"39":1.6528124809,"40":1.6378083229,"41":1.6195232868,"42":1.6108504534,"43":1.5826398134,"44":1.5804384947,"45":1.6021865606,"46":1.5513285398,"47":1.5404294729,"48":1.516469717,"49":1.793910265},"val_recall":{"0":0.0,"1":0.0,"2":0.0,"3":0.0,"4":0.0,"5":0.0,"6":0.0,"7":0.0,"8":0.0,"9":0.0,"10":0.0,"11":0.0,"12":0.0,"13":0.0,"14":0.0,"15":0.0,"16":0.0,"17":0.0,"18":0.0,"19":0.0,"20":0.0,"21":0.0,"22":0.0,"23":0.0,"24":0.0,"25":0.0,"26":0.0,"27":0.0,"28":0.0,"29":0.0,"30":0.0,"31":0.0,"32":0.0,"33":0.0,"34":0.0,"35":0.0,"36":0.0,"37":0.0,"38":0.0039525693,"39":0.0118577071,"40":0.0158102773,"41":0.0276679844,"42":0.0355731212,"43":0.0553359687,"44":0.059288539,"45":0.1106719375,"46":0.0553359687,"47":0.0434782617,"48":0.0553359687,"49":0.2569169998}}