{"loss":{"0":55.1338920593,"1":653.8126831055,"2":3.0209150314,"3":2.2725880146,"4":2.1373763084,"5":4.6228442192,"6":2.1440186501,"7":2.0719022751,"8":2.0933346748,"9":2.0615422726,"10":2.0671708584,"11":2.0398721695,"12":2.2753961086,"13":2.2036375999,"14":2.1937186718,"15":2.1868104935,"16":2.1784079075,"17":2.1736299992,"18":2.1698777676,"19":2.1685023308,"20":2.1674213409,"21":2.168140173,"22":2.1702568531,"23":2.169252634,"24":2.1634845734,"25":2.1597044468,"26":2.1608233452,"27":2.1633412838,"28":2.1600270271,"29":2.1589262486,"30":2.1585972309,"31":2.1636312008,"32":2.162709713,"33":2.1600100994,"34":2.1562616825,"35":2.1562199593,"36":2.1637673378,"37":2.1606485844,"38":2.1615869999,"39":2.1612536907,"40":2.1569633484,"41":2.1629993916,"42":2.1588556767,"43":2.1583173275,"44":2.1592507362,"45":2.1557972431,"46":2.1586408615,"47":2.1578042507,"48":2.1541721821,"49":2.1534132957},"recall":{"0":0.1206529438,"1":0.1483321488,"2":0.0305180978,"3":0.0134847406,"4":0.0134847406,"5":0.0319375433,"6":0.0113555714,"7":0.0212916955,"8":0.0227111429,"9":0.0085166786,"10":0.0262597594,"11":0.0205819737,"12":0.0,"13":0.0,"14":0.0,"15":0.0,"16":0.0,"17":0.0,"18":0.0,"19":0.0,"20":0.0007097232,"21":0.0007097232,"22":0.0,"23":0.0,"24":0.0,"25":0.0007097232,"26":0.0007097232,"27":0.0,"28":0.0,"29":0.0,"30":0.0007097232,"31":0.0,"32":0.0007097232,"33":0.0,"34":0.0,"35":0.0,"36":0.0,"37":0.0,"38":0.0,"39":0.0,"40":0.0,"41":0.0,"42":0.0,"43":0.0,"44":0.0007097232,"45":0.0,"46":0.0,"47":0.0,"48":0.0007097232,"49":0.0007097232},"val_loss":{"0":9.7239456177,"1":4.3143835068,"2":1.7655869722,"3":1.7601277828,"4":1.7487196922,"5":1.8640797138,"6":1.9051582813,"7":1.828212142,"8":1.8505767584,"9":1.7706116438,"10":1.8479729891,"11":1.7123068571,"12":2.1139786243,"13":2.078956604,"14":2.0579252243,"15":2.0403909683,"16":2.0209262371,"17":2.0041387081,"18":1.9912719727,"19":1.9883656502,"20":1.9783216715,"21":1.9733481407,"22":1.9725443125,"23":1.9665368795,"24":1.9642517567,"25":1.9605882168,"26":1.9564366341,"27":1.9557391405,"28":1.9518356323,"29":1.9516434669,"30":1.9521354437,"31":1.9537403584,"32":1.951028347,"33":1.9492274523,"34":1.94594872,"35":1.9463962317,"36":1.9437686205,"37":1.9423516989,"38":1.9415886402,"39":1.9413123131,"40":1.941398263,"41":1.9459466934,"42":1.9451885223,"43":1.9451143742,"44":1.9445817471,"45":1.9462513924,"46":1.9451831579,"47":1.9436973333,"48":1.9450873137,"49":1.9460963011},"val_recall":{"0":0.0118577071,"1":0.2845849693,"2":0.0,"3":0.0,"4":0.0,"5":0.0,"6":0.0,"7":0.0,"8":0.0,"9":0.0,"10":0.0,"11":0.0,"12":0.0,"13":0.0,"14":0.0,"15":0.0,"16":0.0,"17":0.0,"18":0.0,"19":0.0,"20":0.0,"21":0.0,"22":0.0,"23":0.0,"24":0.0,"25":0.0,"26":0.0,"27":0.0,"28":0.0,"29":0.0,"30":0.0,"31":0.0,"32":0.0,"33":0.0,"34":0.0,"35":0.0,"36":0.0,"37":0.0,"38":0.0,"39":0.0,"40":0.0,"41":0.0,"42":0.0,"43":0.0,"44":0.0,"45":0.0,"46":0.0,"47":0.0,"48":0.0,"49":0.0}}