{"loss":{"0":2.1181871891,"1":1.9108580351,"2":1.8545883894,"3":1.8061759472,"4":1.79908216,"5":1.7950456142,"6":1.7724027634,"7":1.7479085922,"8":1.7212915421,"9":1.7138377428,"10":1.7166290283,"11":1.7217378616,"12":1.7094783783,"13":1.7082897425,"14":1.6647604704,"15":1.6463518143,"16":1.6238621473,"17":1.5963109732,"18":1.6007281542,"19":1.5489300489,"20":1.5458723307,"21":1.5738592148,"22":1.5084145069,"23":1.4974347353,"24":1.4410865307,"25":1.4283902645,"26":1.4128601551,"27":1.4228063822,"28":1.3036395311,"29":1.3048878908,"30":1.277583003,"31":1.2354747057,"32":1.3018007278,"33":1.2581576109,"34":1.1748490334,"35":1.1556648016,"36":1.131403923,"37":1.2132096291,"38":1.1332674026,"39":1.1261764765,"40":1.1036384106,"41":1.0722252131,"42":1.0680330992,"43":1.0707894564,"44":1.1206313372,"45":1.1675544977,"46":1.1451218128,"47":1.142914772,"48":1.126101613,"49":1.070258975},"recall":{"0":0.0070972322,"1":0.0149041871,"2":0.0149041871,"3":0.0163236335,"4":0.0177430809,"5":0.0085166786,"6":0.0127750179,"7":0.0134847406,"8":0.0248403121,"9":0.0227111429,"10":0.0276792049,"11":0.0305180978,"12":0.0390347764,"13":0.0369056053,"14":0.0397445001,"15":0.0532292388,"16":0.0731014907,"17":0.0787792727,"18":0.0858765095,"19":0.1100070998,"20":0.1178140491,"21":0.1149751619,"22":0.1348474026,"23":0.1454932541,"24":0.1667849571,"25":0.1795599759,"26":0.2036905587,"27":0.1902058125,"28":0.2590489686,"29":0.2625975907,"30":0.2732434273,"31":0.3066004217,"32":0.2675656378,"33":0.308729589,"34":0.3733144104,"35":0.3733144104,"36":0.3995741606,"37":0.3683463335,"38":0.40525195,"39":0.4208658636,"40":0.4123491943,"41":0.4471256137,"42":0.4371894896,"43":0.4563520253,"44":0.4378992319,"45":0.3882185817,"46":0.3938963711,"47":0.3917672038,"48":0.4059616625,"49":0.4457061887},"val_loss":{"0":2.1226782799,"1":2.0857131481,"2":2.0336384773,"3":1.9361726046,"4":1.7903698683,"5":1.7496086359,"6":1.7440286875,"7":1.7435224056,"8":1.7380692959,"9":1.7328901291,"10":1.7349703312,"11":1.7418928146,"12":1.7384448051,"13":1.7360628843,"14":1.7355624437,"15":1.7320729494,"16":1.7314424515,"17":1.7286435366,"18":1.7228989601,"19":1.741979599,"20":1.70705688,"21":1.6996738911,"22":1.7031527758,"23":1.6863259077,"24":1.6743944883,"25":1.7274147272,"26":1.7834175825,"27":1.6741873026,"28":1.633317709,"29":1.7062872648,"30":1.5053033829,"31":1.8664053679,"32":2.6432645321,"33":2.7636301517,"34":1.5447204113,"35":1.5069469213,"36":1.8153628111,"37":2.7335262299,"38":3.1341888905,"39":2.930034399,"40":2.9653484821,"41":2.2370021343,"42":1.5226225853,"43":1.5106221437,"44":4.963312149,"45":4.4516596794,"46":3.8653049469,"47":1.5150365829,"48":1.4657268524,"49":2.8693058491},"val_recall":{"0":0.0,"1":0.0,"2":0.0,"3":0.0,"4":0.0,"5":0.0,"6":0.0,"7":0.0,"8":0.0,"9":0.0,"10":0.0,"11":0.0,"12":0.0,"13":0.0,"14":0.0,"15":0.0,"16":0.0,"17":0.0,"18":0.0,"19":0.0,"20":0.0,"21":0.0,"22":0.0,"23":0.0,"24":0.0,"25":0.059288539,"26":0.0039525693,"27":0.1501976252,"28":0.1304347813,"29":0.118577078,"30":0.0750988126,"31":0.1976284534,"32":0.2924901247,"33":0.2924901247,"34":0.2015810311,"35":0.252964437,"36":0.2252964377,"37":0.2924901247,"38":0.2924901247,"39":0.2924901247,"40":0.2845849693,"41":0.2608695626,"42":0.2134387344,"43":0.2450592816,"44":0.2924901247,"45":0.2924901247,"46":0.2924901247,"47":0.2490118593,"48":0.252964437,"49":0.2845849693}}