{"loss":{"0":2.0085663795,"1":1.9204604626,"2":1.8700457811,"3":1.8283270597,"4":1.7953799963,"5":1.7902935743,"6":1.8026219606,"7":1.7756786346,"8":1.7667719126,"9":1.7477350235,"10":1.7499423027,"11":1.7270935774,"12":1.7264772654,"13":1.7242619991,"14":1.6816632748,"15":1.7132329941,"16":1.7226225138,"17":1.6973125935,"18":1.6621944904,"19":1.6537359953,"20":1.6250575781,"21":1.6323879957,"22":1.6233136654,"23":1.5900691748,"24":1.617017746,"25":1.5774301291,"26":1.6750227213,"27":1.602935195,"28":1.6176515818,"29":1.567412138,"30":1.5732851028,"31":1.5825420618,"32":1.523732543,"33":1.5180060863,"34":1.5112564564,"35":1.5083935261,"36":1.5006769896,"37":1.507645607,"38":1.5264333487,"39":1.4950970411,"40":1.5084604025,"41":1.502209425,"42":1.4641376734,"43":1.4418420792,"44":1.4588887691,"45":1.4620689154,"46":1.4521776438,"47":1.4073683023,"48":1.4878965616,"49":1.4240709543},"recall":{"0":0.0262597594,"1":0.0248403121,"2":0.0205819737,"3":0.0170333572,"4":0.0092264013,"5":0.0078069554,"6":0.0092264013,"7":0.0170333572,"8":0.0149041871,"9":0.0156139107,"10":0.0149041871,"11":0.0312278215,"12":0.0269694813,"13":0.0290986523,"14":0.0369056053,"15":0.0298083741,"16":0.0383250527,"17":0.0397445001,"18":0.0454222858,"19":0.0723917708,"20":0.0716820434,"21":0.0787792727,"22":0.0816181675,"23":0.0965223536,"24":0.1043293104,"25":0.1163946092,"26":0.0943931863,"27":0.0993612483,"28":0.0887154043,"29":0.1284599006,"30":0.1277501732,"31":0.1192334965,"32":0.1334279627,"33":0.156848833,"34":0.1646557897,"35":0.1639460623,"36":0.1753016263,"37":0.161816895,"38":0.1589780003,"39":0.1696238518,"40":0.1753016263,"41":0.1724627465,"42":0.199432224,"43":0.1987224966,"44":0.2001419514,"45":0.1909155399,"46":0.2044002861,"47":0.2178850174,"48":0.1831085831,"49":0.2143364102},"val_loss":{"0":1.9367463589,"1":1.8606266975,"2":1.7554591894,"3":1.7572495937,"4":1.7430865765,"5":1.7696202993,"6":1.7477502823,"7":1.7579516172,"8":1.7422934771,"9":1.7445479631,"10":1.7427458763,"11":1.7477607727,"12":1.7475147247,"13":1.7447773218,"14":1.7425088882,"15":1.7457480431,"16":1.7568702698,"17":1.7459017038,"18":1.7391196489,"19":1.741081953,"20":1.7401016951,"21":1.7429022789,"22":1.7422944307,"23":1.7423244715,"24":1.7397861481,"25":1.7489446402,"26":1.7401127815,"27":1.7402943373,"28":1.7394754887,"29":1.7402755022,"30":1.7412232161,"31":1.7429571152,"32":1.7453142405,"33":1.7423678637,"34":1.7517285347,"35":1.748126626,"36":1.7391922474,"37":1.7402538061,"38":1.7403628826,"39":1.7401150465,"40":1.7452257872,"41":1.7432307005,"42":1.7414007187,"43":1.7398991585,"44":1.7413058281,"45":1.7403895855,"46":1.7407224178,"47":1.7396689653,"48":1.739495635,"49":1.742861867},"val_recall":{"0":0.0,"1":0.0,"2":0.0,"3":0.0,"4":0.0,"5":0.0,"6":0.0,"7":0.0,"8":0.0,"9":0.0,"10":0.0,"11":0.0,"12":0.0,"13":0.0,"14":0.0,"15":0.0,"16":0.0,"17":0.0,"18":0.0,"19":0.0,"20":0.0,"21":0.0,"22":0.0,"23":0.0,"24":0.0,"25":0.0,"26":0.0,"27":0.0,"28":0.0,"29":0.0,"30":0.0,"31":0.0,"32":0.0,"33":0.0,"34":0.0,"35":0.0,"36":0.0,"37":0.0,"38":0.0,"39":0.0,"40":0.0,"41":0.0,"42":0.0,"43":0.0,"44":0.0,"45":0.0,"46":0.0,"47":0.0,"48":0.0,"49":0.0}}