{"loss":{"0":2.3606419563,"1":2.1600112915,"2":2.0692923069,"3":1.9958516359,"4":1.9830174446,"5":1.948969245,"6":1.9205434322,"7":1.9028193951,"8":1.881927371,"9":1.8746618032,"10":1.8802568913,"11":1.8880623579,"12":1.8787248135,"13":1.833720088,"14":1.8469532728,"15":1.856852293,"16":1.8470215797,"17":1.8195483685,"18":1.820174098,"19":1.8189358711,"20":1.7854123116,"21":1.7909442186,"22":1.7923986912,"23":1.7993947268,"24":1.8014075756,"25":1.7971435785,"26":1.7893586159,"27":1.8074373007,"28":1.7852274179,"29":1.7971473932,"30":1.7789943218,"31":1.7649002075,"32":1.7704356909,"33":1.7632782459,"34":1.7789117098,"35":1.7697165012,"36":1.7466237545,"37":1.7525618076,"38":1.7556465864,"39":1.7523669004,"40":1.7567900419,"41":1.7472105026,"42":1.7334955931,"43":1.7346049547,"44":1.7144987583,"45":1.7424324751,"46":1.7268643379,"47":1.7428305149,"48":1.7347273827,"49":1.7304623127},"recall":{"0":0.0021291696,"1":0.0070972322,"2":0.0056777857,"3":0.0035486161,"4":0.0042583393,"5":0.0070972322,"6":0.0141944643,"7":0.0085166786,"8":0.0156139107,"9":0.0120652942,"10":0.0063875089,"11":0.0163236335,"12":0.0156139107,"13":0.0141944643,"14":0.0212916955,"15":0.0120652942,"16":0.0113555714,"17":0.0149041871,"18":0.0163236335,"19":0.0234208666,"20":0.0234208666,"21":0.0149041871,"22":0.0191625264,"23":0.0205819737,"24":0.0163236335,"25":0.0177430809,"26":0.0227111429,"27":0.0177430809,"28":0.0141944643,"29":0.0156139107,"30":0.0156139107,"31":0.0220014192,"32":0.0141944643,"33":0.0170333572,"34":0.0205819737,"35":0.0191625264,"36":0.0170333572,"37":0.0234208666,"38":0.0191625264,"39":0.0191625264,"40":0.0227111429,"41":0.0227111429,"42":0.0234208666,"43":0.0241305884,"44":0.0255500358,"45":0.0212916955,"46":0.0220014192,"47":0.01987225,"48":0.0191625264,"49":0.0220014192},"val_loss":{"0":2.2706427574,"1":2.179330349,"2":2.0781900883,"3":1.9483344555,"4":1.8539607525,"5":1.805527091,"6":1.7824810743,"7":1.7701979876,"8":1.765034914,"9":1.7581760883,"10":1.7554721832,"11":1.7525556087,"12":1.750993371,"13":1.7479150295,"14":1.7464219332,"15":1.7454583645,"16":1.7443828583,"17":1.7430393696,"18":1.7432180643,"19":1.7412765026,"20":1.7399997711,"21":1.7405068874,"22":1.7379864454,"23":1.7380049229,"24":1.7386535406,"25":1.736892581,"26":1.7374385595,"27":1.7362084389,"28":1.7357239723,"29":1.7367249727,"30":1.7358372211,"31":1.7334419489,"32":1.7334877253,"33":1.73183465,"34":1.7306780815,"35":1.7324968576,"36":1.7324665785,"37":1.7297910452,"38":1.7283513546,"39":1.7296081781,"40":1.7290099859,"41":1.7290385962,"42":1.7306236029,"43":1.7297021151,"44":1.7287517786,"45":1.7273670435,"46":1.7258474827,"47":1.7250406742,"48":1.7242102623,"49":1.7231702805},"val_recall":{"0":0.0,"1":0.0,"2":0.0,"3":0.0,"4":0.0,"5":0.0,"6":0.0,"7":0.0,"8":0.0,"9":0.0,"10":0.0,"11":0.0,"12":0.0,"13":0.0,"14":0.0,"15":0.0,"16":0.0,"17":0.0,"18":0.0,"19":0.0,"20":0.0,"21":0.0,"22":0.0,"23":0.0,"24":0.0,"25":0.0,"26":0.0,"27":0.0,"28":0.0,"29":0.0,"30":0.0,"31":0.0,"32":0.0,"33":0.0,"34":0.0,"35":0.0,"36":0.0,"37":0.0,"38":0.0,"39":0.0,"40":0.0,"41":0.0,"42":0.0,"43":0.0,"44":0.0,"45":0.0,"46":0.0,"47":0.0,"48":0.0,"49":0.0}}