{"loss":{"0":2.8092927933,"1":2.6011292934,"2":2.5629005432,"3":2.5057899952,"4":2.020127058,"5":2.186327219,"6":2.8449239731,"7":2.2946274281,"8":2.1109294891,"9":1.9642778635,"10":1.9586747885,"11":1.989359498,"12":1.9030501842,"13":2.362735033,"14":2.2525222301,"15":2.0327534676,"16":2.2389588356,"17":1.9941043854,"18":1.845664978,"19":1.8017994165,"20":1.9303350449,"21":1.8209191561,"22":1.9070380926,"23":1.7985970974,"24":1.7962599993,"25":1.7830559015,"26":1.7837349176,"27":1.7793763876,"28":1.7986494303,"29":1.7777161598,"30":1.7774863243,"31":1.7831783295,"32":1.7607132196,"33":1.780792594,"34":1.7668654919,"35":1.778477788,"36":1.7547587156,"37":1.7998306751,"38":1.7612303495,"39":1.7556080818,"40":1.7807514668,"41":1.7705860138,"42":1.7455718517,"43":1.7525972128,"44":1.7506266832,"45":1.7409290075,"46":2.1095352173,"47":1.7714198828,"48":1.7993985415,"49":1.7670586109},"recall":{"0":0.0503903478,"1":0.0418736711,"2":0.0546486862,"3":0.0546486862,"4":0.0149041871,"5":0.0454222858,"6":0.0227111429,"7":0.0383250527,"8":0.0283889286,"9":0.0262597594,"10":0.0241305884,"11":0.0163236335,"12":0.0141944643,"13":0.0212916955,"14":0.0212916955,"15":0.0262597594,"16":0.0290986523,"17":0.0170333572,"18":0.0049680625,"19":0.0021291696,"20":0.009936125,"21":0.0063875089,"22":0.0106458478,"23":0.0014194464,"24":0.0078069554,"25":0.0049680625,"26":0.0021291696,"27":0.0063875089,"28":0.0035486161,"29":0.0028388929,"30":0.0035486161,"31":0.0028388929,"32":0.0007097232,"33":0.0049680625,"34":0.0021291696,"35":0.0,"36":0.0007097232,"37":0.0049680625,"38":0.0,"39":0.0028388929,"40":0.0021291696,"41":0.0,"42":0.0007097232,"43":0.0014194464,"44":0.0,"45":0.0014194464,"46":0.0078069554,"47":0.0007097232,"48":0.0056777857,"49":0.0042583393},"val_loss":{"0":2.6260364056,"1":1.973154664,"2":2.1397647858,"3":1.7544159889,"4":1.7668800354,"5":1.9564362764,"6":1.7492541075,"7":1.7629089355,"8":1.7460452318,"9":1.7446364164,"10":1.7441177368,"11":1.7487176657,"12":1.7470678091,"13":1.7504138947,"14":1.7424453497,"15":1.7792580128,"16":1.7415602207,"17":1.7419139147,"18":1.7401610613,"19":1.7450400591,"20":1.7436909676,"21":1.7413307428,"22":1.74632442,"23":1.748693943,"24":1.7401534319,"25":1.7406641245,"26":1.7494791746,"27":1.7404735088,"28":1.7405539751,"29":1.745023489,"30":1.7403569221,"31":1.742056489,"32":1.7426658869,"33":1.7401669025,"34":1.7413288355,"35":1.7404572964,"36":1.7410421371,"37":1.7411546707,"38":1.7445997,"39":1.7399537563,"40":1.739579916,"41":1.745557189,"42":1.743708849,"43":1.7421191931,"44":1.7398896217,"45":1.7396708727,"46":1.7406872511,"47":1.74188447,"48":1.7413011789,"49":1.7395355701},"val_recall":{"0":0.0,"1":0.0,"2":0.2924901247,"3":0.0,"4":0.0,"5":0.0,"6":0.0,"7":0.0,"8":0.0,"9":0.0,"10":0.0,"11":0.0,"12":0.0,"13":0.0,"14":0.0,"15":0.0,"16":0.0,"17":0.0,"18":0.0,"19":0.0,"20":0.0,"21":0.0,"22":0.0,"23":0.0,"24":0.0,"25":0.0,"26":0.0,"27":0.0,"28":0.0,"29":0.0,"30":0.0,"31":0.0,"32":0.0,"33":0.0,"34":0.0,"35":0.0,"36":0.0,"37":0.0,"38":0.0,"39":0.0,"40":0.0,"41":0.0,"42":0.0,"43":0.0,"44":0.0,"45":0.0,"46":0.0,"47":0.0,"48":0.0,"49":0.0}}