{"loss":{"0":23.3155975342,"1":18.0820789337,"2":6.2443795204,"3":4.0265727043,"4":3.1722915173,"5":2.6311509609,"6":2.3134505749,"7":2.1221315861,"8":2.0719890594,"9":2.0350372791,"10":1.9758671522,"11":1.9705120325,"12":1.9195891619,"13":1.9244058132,"14":1.8809028864,"15":1.8931299448,"16":1.8911517859,"17":1.8486250639,"18":1.8634417057,"19":1.8584766388,"20":1.8132107258,"21":1.8114019632,"22":1.7859566212,"23":1.7748923302,"24":1.7167415619,"25":1.7521520853,"26":1.7537586689,"27":1.7341244221,"28":1.7221091986,"29":1.6987843513,"30":1.7115740776,"31":1.6619638205,"32":1.6722067595,"33":1.6557149887,"34":1.6443791389,"35":1.6266475916,"36":1.6387505531,"37":1.6525757313,"38":1.612745285,"39":1.6650291681,"40":1.6207441092,"41":1.6293399334,"42":1.6367683411,"43":1.6178659201,"44":1.6185714006,"45":1.6035752296,"46":1.5796188116,"47":1.5575847626,"48":1.5852758884,"49":1.5213358402},"recall":{"0":0.1114265472,"1":0.1220723912,"2":0.1249112859,"3":0.102200143,"4":0.1135557145,"5":0.0887154043,"6":0.0816181675,"7":0.0773598328,"8":0.0738112107,"9":0.0787792727,"10":0.0787792727,"11":0.0858765095,"12":0.0745209381,"13":0.0695528761,"14":0.0901348442,"15":0.092264019,"16":0.0752306581,"17":0.0951029062,"18":0.0837473422,"19":0.0958126336,"20":0.0936834663,"21":0.0986515284,"22":0.1043293104,"23":0.1100070998,"24":0.1369765848,"25":0.1114265472,"26":0.1107168198,"27":0.1071682051,"28":0.1249112859,"29":0.1227821186,"30":0.1199432239,"31":0.1362668574,"32":0.1440738142,"33":0.1398154646,"34":0.1497516036,"35":0.1476224214,"36":0.1511710435,"37":0.1589780003,"38":0.1426543593,"39":0.1433640867,"40":0.156848833,"41":0.1724627465,"42":0.1710432917,"43":0.1674946845,"44":0.1831085831,"45":0.178140521,"46":0.1795599759,"47":0.2072391808,"48":0.1823988706,"49":0.1987224966},"val_loss":{"0":2.0113649368,"1":1.8753757477,"2":1.786958456,"3":1.7634904385,"4":1.7658708096,"5":1.7357560396,"6":1.731235981,"7":1.717423439,"8":1.7132006884,"9":1.6967481375,"10":1.6811881065,"11":1.6832063198,"12":1.6905897856,"13":1.6679247618,"14":1.6533253193,"15":1.6570233107,"16":1.647711277,"17":1.6361614466,"18":1.6342378855,"19":1.6270905733,"20":1.6227020025,"21":1.6173468828,"22":1.6007407904,"23":1.595285058,"24":1.5900434256,"25":1.5858038664,"26":1.5867573023,"27":1.5948148966,"28":1.5815109015,"29":1.5743507147,"30":1.5675507784,"31":1.5597113371,"32":1.5577553511,"33":1.5504176617,"34":1.5448487997,"35":1.545312047,"36":1.5399724245,"37":1.5373921394,"38":1.5357966423,"39":1.5376728773,"40":1.5260539055,"41":1.520226717,"42":1.5149079561,"43":1.5085179806,"44":1.5090780258,"45":1.5050094128,"46":1.5060442686,"47":1.5016450882,"48":1.4996607304,"49":1.4897361994},"val_recall":{"0":0.0632411093,"1":0.0039525693,"2":0.0079051387,"3":0.0039525693,"4":0.0039525693,"5":0.0,"6":0.0039525693,"7":0.0,"8":0.0,"9":0.0079051387,"10":0.0039525693,"11":0.0,"12":0.0039525693,"13":0.0,"14":0.0039525693,"15":0.0079051387,"16":0.0079051387,"17":0.0118577071,"18":0.0118577071,"19":0.0118577071,"20":0.0118577071,"21":0.0197628457,"22":0.0276679844,"23":0.0316205546,"24":0.0276679844,"25":0.0276679844,"26":0.0276679844,"27":0.0276679844,"28":0.0355731212,"29":0.0355731212,"30":0.0316205546,"31":0.0434782617,"32":0.059288539,"33":0.0513833985,"34":0.0750988126,"35":0.059288539,"36":0.0790513828,"37":0.0750988126,"38":0.0790513828,"39":0.0869565234,"40":0.0948616564,"41":0.0948616564,"42":0.0948616564,"43":0.0909090936,"44":0.1106719375,"45":0.1264822185,"46":0.1383399218,"47":0.134387359,"48":0.1383399218,"49":0.1422924846}}