{"loss":{"0":20.6771888733,"1":2.1223003864,"2":2.0026450157,"3":1.9013524055,"4":1.8456329107,"5":1.7998067141,"6":1.7584078312,"7":1.7179389,"8":1.6930682659,"9":1.6653131247,"10":1.6278837919,"11":1.5899809599,"12":1.573574543,"13":1.5128278732,"14":1.5202537775,"15":1.5025480986,"16":1.4703730345,"17":1.4216444492,"18":1.4419162273,"19":1.3772729635,"20":1.3398483992,"21":1.3233739138,"22":1.312466979,"23":1.3115797043,"24":1.2444697618,"25":1.2563762665,"26":1.2118797302,"27":1.1890362501,"28":1.1385395527,"29":1.1297752857,"30":1.1539932489,"31":1.1000511646,"32":1.0774409771,"33":1.0386623144,"34":1.0665062666,"35":1.0341949463,"36":1.0708253384,"37":0.996779561,"38":1.0236241817,"39":0.9671126604,"40":0.9434694648,"41":0.9531943798,"42":0.9374141693,"43":0.887052536,"44":0.8962475061,"45":0.8819879889,"46":0.8846614957,"47":0.8561441898,"48":0.8372006416,"49":0.8279209733},"recall":{"0":0.0766501054,"1":0.0269694813,"2":0.0205819737,"3":0.034776438,"4":0.0546486862,"5":0.0816181675,"6":0.0723917708,"7":0.0958126336,"8":0.1107168198,"9":0.1376862973,"10":0.1462029815,"11":0.1589780003,"12":0.1703335643,"13":0.1831085831,"14":0.1958836019,"15":0.2051100135,"16":0.2093683481,"17":0.2420156151,"18":0.2505322993,"19":0.2654364705,"20":0.2753725946,"21":0.3030517995,"22":0.3009226322,"23":0.3158268332,"24":0.32363379,"25":0.3193754554,"26":0.3491838276,"27":0.3456352055,"28":0.3917672038,"29":0.3761532903,"30":0.3655074537,"31":0.4031227827,"32":0.4166075289,"33":0.4300922751,"34":0.4059616625,"35":0.4407381117,"36":0.4180269837,"37":0.4563520253,"38":0.4464159012,"39":0.4669978619,"40":0.4861603975,"41":0.4762242734,"42":0.491838187,"43":0.5060326457,"44":0.514549315,"45":0.5209368467,"46":0.5202271342,"47":0.5244854689,"48":0.5450674295,"49":0.544357717},"val_loss":{"0":1.7713301182,"1":1.7164392471,"2":1.690826416,"3":1.6328445673,"4":1.5718361139,"5":1.5444350243,"6":1.5049462318,"7":1.4965006113,"8":1.460703969,"9":1.4336965084,"10":1.4246811867,"11":1.4129027128,"12":1.4023538828,"13":1.3753716946,"14":1.3660537004,"15":1.3518124819,"16":1.3863778114,"17":1.3577843904,"18":1.3508176804,"19":1.3399701118,"20":1.3405169249,"21":1.3272179365,"22":1.3627289534,"23":1.3815741539,"24":1.3330180645,"25":1.358929038,"26":1.3220902681,"27":1.3344646692,"28":1.3450083733,"29":1.3221669197,"30":1.3518863916,"31":1.3461917639,"32":1.3304877281,"33":1.387450695,"34":1.3989560604,"35":1.3710436821,"36":1.3153915405,"37":1.3487045765,"38":1.3397737741,"39":1.371669054,"40":1.4067922831,"41":1.4123471975,"42":1.4112347364,"43":1.4740282297,"44":1.4629108906,"45":1.4567878246,"46":1.4268043041,"47":1.4681749344,"48":1.541238308,"49":1.448287487},"val_recall":{"0":0.0039525693,"1":0.0,"2":0.0039525693,"3":0.0474308282,"4":0.0513833985,"5":0.0711462423,"6":0.0750988126,"7":0.134387359,"8":0.1106719375,"9":0.1304347813,"10":0.1976284534,"11":0.2490118593,"12":0.1976284534,"13":0.2411067188,"14":0.2490118593,"15":0.2569169998,"16":0.2885375619,"17":0.2924901247,"18":0.3083004057,"19":0.3043478131,"20":0.3122529685,"21":0.3320158124,"22":0.3557312191,"23":0.3438735306,"24":0.3873517811,"25":0.3754940629,"26":0.3557312191,"27":0.3873517811,"28":0.3557312191,"29":0.422924906,"30":0.4150197506,"31":0.422924906,"32":0.4268774688,"33":0.4387351871,"34":0.4150197506,"35":0.4466403127,"36":0.4387351871,"37":0.4466403127,"38":0.422924906,"39":0.4782608747,"40":0.4545454681,"41":0.4901185632,"42":0.5019763112,"43":0.4624505937,"44":0.4743083119,"45":0.4822134376,"46":0.4822134376,"47":0.5217391253,"48":0.4940711558,"49":0.4940711558}}