{"loss":{"0":3.0546514988,"1":2.3283414841,"2":2.1567797661,"3":2.0471584797,"4":2.0097234249,"5":1.9627046585,"6":1.9620039463,"7":1.8782705069,"8":1.9506607056,"9":1.9223564863,"10":1.9015376568,"11":1.8568028212,"12":1.8601205349,"13":1.8341716528,"14":1.8130705357,"15":1.8250286579,"16":1.8389047384,"17":1.7844392061,"18":1.7707136869,"19":1.7836322784,"20":1.7768419981,"21":1.7874429226,"22":1.7615964413,"23":1.7463103533,"24":1.7410186529,"25":1.7435564995,"26":1.7597817183,"27":1.7253575325,"28":1.6953200102,"29":1.7163850069,"30":1.735188365,"31":1.7262920141,"32":1.6950858831,"33":1.6959861517,"34":1.6740539074,"35":1.7071703672,"36":1.6877872944,"37":1.6570760012,"38":1.6636973619,"39":1.6509304047,"40":1.6439043283,"41":1.6489452124,"42":1.6548429728,"43":1.6437208652,"44":1.6451113224,"45":1.6254580021,"46":1.6307410002,"47":1.6342084408,"48":1.6332924366,"49":1.6237426996},"recall":{"0":0.0432931148,"1":0.0603264719,"2":0.0511000715,"3":0.0560681336,"4":0.0447125621,"5":0.0454222858,"6":0.0418736711,"7":0.0525195189,"8":0.0475514531,"9":0.0411639474,"10":0.0418736711,"11":0.0475514531,"12":0.0447125621,"13":0.0447125621,"14":0.0397445001,"15":0.0411639474,"16":0.0454222858,"17":0.0461320095,"18":0.0440028384,"19":0.0390347764,"20":0.0482611768,"21":0.0482611768,"22":0.0496806242,"23":0.0482611768,"24":0.0447125621,"25":0.0496806242,"26":0.0525195189,"27":0.0574875809,"28":0.0596167482,"29":0.062455643,"30":0.0440028384,"31":0.0546486862,"32":0.0681334287,"33":0.0766501054,"34":0.0745209381,"35":0.0610361956,"36":0.065294534,"37":0.0709723234,"38":0.0759403855,"39":0.0830376148,"40":0.0851667821,"41":0.0872959569,"42":0.0837473422,"43":0.0809084475,"44":0.0837473422,"45":0.0951029062,"46":0.0929737389,"47":0.0958126336,"48":0.1014904156,"49":0.1043293104},"val_loss":{"0":2.2332055569,"1":2.1451547146,"2":2.0892219543,"3":1.9746545553,"4":1.8508138657,"5":1.7876645327,"6":1.7809375525,"7":1.7680331469,"8":1.7670900822,"9":1.7604503632,"10":1.7643433809,"11":1.7612936497,"12":1.753354311,"13":1.7532095909,"14":1.7513606548,"15":1.7488242388,"16":1.7471661568,"17":1.7476056814,"18":1.7564450502,"19":1.7492609024,"20":1.7523566484,"21":1.7486635447,"22":1.7455272675,"23":1.7446317673,"24":1.7449654341,"25":1.7485789061,"26":1.7436265945,"27":1.7437524796,"28":1.7445790768,"29":1.7474583387,"30":1.7489900589,"31":1.7456834316,"32":1.7452825308,"33":1.7462888956,"34":1.7469528913,"35":1.7478842735,"36":1.7446619272,"37":1.7417800426,"38":1.7443100214,"39":1.7458012104,"40":1.746376276,"41":1.7451953888,"42":1.7483412027,"43":1.7446432114,"44":1.7461104393,"45":1.7421611547,"46":1.7425078154,"47":1.7418529987,"48":1.7502765656,"49":1.747410655},"val_recall":{"0":0.0,"1":0.0,"2":0.0,"3":0.0,"4":0.0,"5":0.0,"6":0.0,"7":0.0,"8":0.0,"9":0.0,"10":0.0,"11":0.0,"12":0.0,"13":0.0,"14":0.0,"15":0.0,"16":0.0,"17":0.0,"18":0.0,"19":0.0,"20":0.0,"21":0.0,"22":0.0,"23":0.0,"24":0.0,"25":0.0,"26":0.0,"27":0.0,"28":0.0,"29":0.0,"30":0.0,"31":0.0,"32":0.0,"33":0.0,"34":0.0,"35":0.0,"36":0.0,"37":0.0,"38":0.0,"39":0.0,"40":0.0,"41":0.0,"42":0.0,"43":0.0,"44":0.0,"45":0.0,"46":0.0,"47":0.0,"48":0.0,"49":0.0}}