{"loss":{"0":13.1366910934,"1":19.5344390869,"2":4.6078119278,"3":2.36536026,"4":2.095074892,"5":2.0015997887,"6":1.9497792721,"7":1.9041979313,"8":1.9373501539,"9":1.8015273809,"10":1.7935897112,"11":1.7502602339,"12":1.7456820011,"13":1.7787562609,"14":1.7199467421,"15":1.7120923996,"16":1.6704692841,"17":1.6609550714,"18":1.6240099669,"19":1.5953184366,"20":1.6018544436,"21":1.5872195959,"22":1.5630735159,"23":1.5665553808,"24":1.5200203657,"25":1.504986763,"26":1.4813617468,"27":1.4769265652,"28":1.4447546005,"29":1.4275836945,"30":1.430421114,"31":1.4013432264,"32":1.3863550425,"33":1.3883749247,"34":1.3436135054,"35":1.3214803934,"36":1.3309338093,"37":1.3227213621,"38":1.3154653311,"39":1.2755435705,"40":1.2881774902,"41":1.2407746315,"42":1.2083625793,"43":1.2533112764,"44":1.2011752129,"45":1.1857305765,"46":1.1980823278,"47":1.2165431976,"48":1.1676539183,"49":1.1552511454},"recall":{"0":0.0723917708,"1":0.0723917708,"2":0.0631653666,"3":0.0489709005,"4":0.0411639474,"5":0.0248403121,"6":0.0461320095,"7":0.0305180978,"8":0.0610361956,"9":0.0574875809,"10":0.0674237013,"11":0.0894251242,"12":0.1114265472,"13":0.1057487577,"14":0.1263307333,"15":0.1327182353,"16":0.1270404607,"17":0.1490418762,"18":0.1667849571,"19":0.1689141244,"20":0.1795599759,"21":0.1909155399,"22":0.1859474778,"23":0.2036905587,"24":0.2015613914,"25":0.2129169554,"26":0.2200141996,"27":0.2278211564,"28":0.2441447824,"29":0.2668559253,"30":0.2562100887,"31":0.2654364705,"32":0.2604684234,"33":0.2760823369,"34":0.302342087,"35":0.2938254178,"36":0.2987934649,"37":0.2945351303,"38":0.2945351303,"39":0.3179560006,"40":0.3129879236,"41":0.325053215,"42":0.3392477036,"43":0.3264726698,"44":0.3534421623,"45":0.3548616171,"46":0.3626685739,"47":0.3506032526,"48":0.3626685739,"49":0.383960247},"val_loss":{"0":1.9363105297,"1":1.7702914476,"2":1.7324203253,"3":1.704847455,"4":1.6903551817,"5":1.6603685617,"6":1.6406754255,"7":1.6148402691,"8":1.5989242792,"9":1.5736244917,"10":1.5510944128,"11":1.5287656784,"12":1.5130569935,"13":1.5034319162,"14":1.4822093248,"15":1.4693139791,"16":1.4530149698,"17":1.4515333176,"18":1.4390523434,"19":1.4301787615,"20":1.4214615822,"21":1.4116150141,"22":1.4149503708,"23":1.4027736187,"24":1.4027752876,"25":1.3830827475,"26":1.3733780384,"27":1.3739625216,"28":1.3761132956,"29":1.3630193472,"30":1.3535227776,"31":1.3627958298,"32":1.3644948006,"33":1.3666810989,"34":1.3424522877,"35":1.3490395546,"36":1.3582504988,"37":1.3532630205,"38":1.3411984444,"39":1.3405205011,"40":1.3335846663,"41":1.3162128925,"42":1.3470883369,"43":1.3542913198,"44":1.319196701,"45":1.3215225935,"46":1.3050363064,"47":1.3508455753,"48":1.3111300468,"49":1.3194841146},"val_recall":{"0":0.0,"1":0.0,"2":0.0,"3":0.0,"4":0.0,"5":0.0,"6":0.0039525693,"7":0.0039525693,"8":0.0039525693,"9":0.0355731212,"10":0.0395256914,"11":0.0830039531,"12":0.0830039531,"13":0.0553359687,"14":0.1146245077,"15":0.0948616564,"16":0.1383399218,"17":0.1501976252,"18":0.1501976252,"19":0.1818181872,"20":0.1620553434,"21":0.1660079062,"22":0.1739130467,"23":0.169960469,"24":0.1660079062,"25":0.2134387344,"26":0.2094861716,"27":0.2055335939,"28":0.2332015783,"29":0.2490118593,"30":0.2292490155,"31":0.2213438749,"32":0.237154156,"33":0.2885375619,"34":0.252964437,"35":0.3083004057,"36":0.2411067188,"37":0.2806324065,"38":0.3122529685,"39":0.2924901247,"40":0.3241106868,"41":0.3122529685,"42":0.3557312191,"43":0.3715415001,"44":0.3675889373,"45":0.3794466257,"46":0.3913043439,"47":0.339920938,"48":0.3833992183,"49":0.3992094994}}