{"loss":{"0":2.1113491058,"1":1.901068449,"2":1.8468573093,"3":1.8249459267,"4":1.8062803745,"5":1.7881600857,"6":1.7742760181,"7":1.7793292999,"8":1.7465415001,"9":1.7227056026,"10":1.7435239553,"11":1.7136948109,"12":1.6779265404,"13":1.6522016525,"14":1.6298664808,"15":1.6057450771,"16":1.5677683353,"17":1.512519598,"18":1.5174677372,"19":1.4554735422,"20":1.4507601261,"21":1.4040158987,"22":1.3931163549,"23":1.3573572636,"24":1.3328398466,"25":1.3020131588,"26":1.2846744061,"27":1.2871609926,"28":1.2618775368,"29":1.2147196531,"30":1.1825945377,"31":1.1332758665,"32":1.0911314487,"33":1.1154874563,"34":1.0962746143,"35":1.1214431524,"36":1.0344176292,"37":1.0056613684,"38":0.9783030152,"39":0.9365755916,"40":0.9060789943,"41":0.8836758137,"42":0.9095185399,"43":0.8794995546,"44":0.8596585393,"45":0.7867933512,"46":0.7450946569,"47":0.7499029636,"48":0.7030702233,"49":0.7081965804},"recall":{"0":0.0042583393,"1":0.0191625264,"2":0.0156139107,"3":0.0156139107,"4":0.0177430809,"5":0.0141944643,"6":0.0156139107,"7":0.0120652942,"8":0.0149041871,"9":0.0163236335,"10":0.0184528027,"11":0.0234208666,"12":0.0290986523,"13":0.0496806242,"14":0.0688431486,"15":0.0794890001,"16":0.1036195904,"17":0.1227821186,"18":0.1419446468,"19":0.1873669326,"20":0.1894960999,"21":0.2242725343,"22":0.2427253425,"23":0.2689850926,"24":0.2725337148,"25":0.2966642976,"26":0.3122782111,"27":0.32363379,"28":0.3307310045,"29":0.3768630326,"30":0.3697657883,"31":0.3967352808,"32":0.4258339107,"33":0.4194464087,"34":0.4222853184,"35":0.4414478242,"36":0.4471256137,"37":0.4733853936,"38":0.4833215177,"39":0.5358410478,"40":0.5535840988,"41":0.5592618585,"42":0.5542938113,"43":0.5812633038,"44":0.5677785873,"45":0.6238467097,"46":0.6451383829,"47":0.6295244694,"48":0.6699787378,"49":0.6664301157},"val_loss":{"0":2.0581920147,"1":1.9349842072,"2":1.8270819187,"3":1.7832442522,"4":1.75900352,"5":1.7358146906,"6":1.7487812042,"7":1.7271472216,"8":1.7228798866,"9":1.7092757225,"10":1.7347127199,"11":1.7126505375,"12":1.6854606867,"13":1.8035248518,"14":1.6702139378,"15":1.927905798,"16":1.5502465963,"17":1.814707756,"18":1.6640799046,"19":1.7639552355,"20":1.4631559849,"21":1.6620948315,"22":1.4540661573,"23":1.4217025042,"24":1.8106616735,"25":1.449945569,"26":2.0792796612,"27":1.8871475458,"28":1.541582346,"29":1.6186646223,"30":1.4599744081,"31":1.5067187548,"32":1.5150885582,"33":1.4914476871,"34":1.8742311001,"35":2.3719267845,"36":2.1104178429,"37":1.5198574066,"38":1.742685914,"39":1.8541332483,"40":1.5824575424,"41":2.3737344742,"42":1.548973918,"43":1.661200881,"44":1.4782389402,"45":1.7205631733,"46":1.6529254913,"47":1.5916866064,"48":1.8116250038,"49":1.936036706},"val_recall":{"0":0.0,"1":0.0,"2":0.0,"3":0.0,"4":0.0,"5":0.0,"6":0.0,"7":0.0,"8":0.0,"9":0.0,"10":0.0,"11":0.0,"12":0.0,"13":0.2055335939,"14":0.0671936795,"15":0.2727272809,"16":0.1264822185,"17":0.2845849693,"18":0.2648221254,"19":0.2252964377,"20":0.2450592816,"21":0.2766798437,"22":0.3320158124,"23":0.2964426875,"24":0.2569169998,"25":0.2766798437,"26":0.252964437,"27":0.2569169998,"28":0.3003952503,"29":0.2727272809,"30":0.3359683752,"31":0.2885375619,"32":0.3715415001,"33":0.237154156,"34":0.3320158124,"35":0.2055335939,"36":0.2490118593,"37":0.3754940629,"38":0.2924901247,"39":0.2766798437,"40":0.339920938,"41":0.2608695626,"42":0.3873517811,"43":0.2252964377,"44":0.3557312191,"45":0.2213438749,"46":0.2727272809,"47":0.3083004057,"48":0.3478260934,"49":0.4545454681}}