{"loss":{"0":7.553290844,"1":2.6174106598,"2":2.0058262348,"3":1.872413516,"4":1.8989437819,"5":1.8463053703,"6":1.7345368862,"7":1.662035346,"8":1.6465734243,"9":1.6396007538,"10":1.6210758686,"11":1.5589528084,"12":1.5445367098,"13":1.4768663645,"14":1.479242444,"15":1.4742234945,"16":1.4723483324,"17":1.4135870934,"18":1.4663813114,"19":1.4177093506,"20":1.4209198952,"21":1.4924468994,"22":1.3117516041,"23":1.3231408596,"24":1.2952429056,"25":1.3142014742,"26":1.3500291109,"27":1.3027095795,"28":1.2703871727,"29":1.2509183884,"30":1.2573583126,"31":1.3040020466,"32":1.243568182,"33":1.2595970631,"34":1.3431030512,"35":1.2825270891,"36":1.3125652075,"37":1.2734539509,"38":1.2620552778,"39":1.2071502209,"40":1.1624814272,"41":1.1316322088,"42":1.1479669809,"43":1.0902858973,"44":1.1151131392,"45":1.1578933001,"46":1.1164015532,"47":1.1043176651,"48":1.095733881,"49":1.2467867136},"recall":{"0":0.1263307333,"1":0.1007806957,"2":0.102909863,"3":0.1007806957,"4":0.0965223536,"5":0.1014904156,"6":0.1327182353,"7":0.1398154646,"8":0.1646557897,"9":0.1795599759,"10":0.1788502485,"11":0.194464162,"12":0.2114975154,"13":0.2143364102,"14":0.2114975154,"15":0.2242725343,"16":0.2029808313,"17":0.2228530943,"18":0.2484031171,"19":0.2448545098,"20":0.2427253425,"21":0.2618878782,"22":0.2562100887,"23":0.2533711791,"24":0.2831795514,"25":0.27111426,"26":0.2895670831,"27":0.3101490438,"28":0.3058907092,"29":0.3129879236,"30":0.325053215,"31":0.3115684986,"32":0.302342087,"33":0.3151170909,"34":0.2980837524,"35":0.3172462881,"36":0.3037615418,"37":0.2959545851,"38":0.3044712543,"39":0.3271824121,"40":0.346344918,"41":0.3718949556,"42":0.3733144104,"43":0.3832505345,"44":0.3832505345,"45":0.3974449933,"46":0.3924769461,"47":0.3967352808,"48":0.3938963711,"49":0.3506032526},"val_loss":{"0":1.9642550945,"1":1.789131403,"2":1.7550777197,"3":1.681501627,"4":1.7700668573,"5":1.711132288,"6":1.6825487614,"7":1.6521192789,"8":1.6131618023,"9":1.6611815691,"10":1.5900073051,"11":1.6676688194,"12":1.5298793316,"13":1.5866985321,"14":1.5263127089,"15":1.5194289684,"16":1.4605206251,"17":1.4458225965,"18":1.4632439613,"19":1.5887931585,"20":1.4803971052,"21":1.4231721163,"22":1.4289596081,"23":1.436021924,"24":1.4606050253,"25":1.3920185566,"26":1.3558576107,"27":1.4099218845,"28":1.311871767,"29":1.434204936,"30":1.3626058102,"31":1.3886090517,"32":1.42969203,"33":1.4000090361,"34":1.4061872959,"35":1.4320281744,"36":1.4289342165,"37":1.3568913937,"38":1.3335888386,"39":1.3138475418,"40":1.3266601562,"41":1.3178696632,"42":1.265260458,"43":1.2839348316,"44":1.2626121044,"45":1.2593820095,"46":1.3841775656,"47":1.3087245226,"48":1.288993597,"49":1.3943538666},"val_recall":{"0":0.0079051387,"1":0.0079051387,"2":0.0079051387,"3":0.0039525693,"4":0.0,"5":0.0,"6":0.0118577071,"7":0.0079051387,"8":0.0434782617,"9":0.0237154141,"10":0.0276679844,"11":0.0079051387,"12":0.0474308282,"13":0.0355731212,"14":0.0276679844,"15":0.0513833985,"16":0.0830039531,"17":0.0948616564,"18":0.0948616564,"19":0.059288539,"20":0.0711462423,"21":0.0513833985,"22":0.0948616564,"23":0.0790513828,"24":0.0632411093,"25":0.0948616564,"26":0.169960469,"27":0.0869565234,"28":0.2055335939,"29":0.1462450624,"30":0.1818181872,"31":0.1462450624,"32":0.1146245077,"33":0.1264822185,"34":0.118577078,"35":0.0830039531,"36":0.1067193672,"37":0.1146245077,"38":0.1541502029,"39":0.1778656095,"40":0.1501976252,"41":0.1660079062,"42":0.2213438749,"43":0.2332015783,"44":0.3122529685,"45":0.2569169998,"46":0.2490118593,"47":0.2332015783,"48":0.2569169998,"49":0.0988142267}}