{"loss":{"0":2.6341991425,"1":2.385256052,"2":2.2329230309,"3":2.1468997002,"4":2.051035881,"5":1.9735167027,"6":1.9360347986,"7":1.8439842463,"8":1.8067128658,"9":1.7573891878,"10":1.7110708952,"11":1.6750252247,"12":1.6370044947,"13":1.5900706053,"14":1.5452228785,"15":1.5397018194,"16":1.4717473984,"17":1.4364258051,"18":1.4330796003,"19":1.3756011724,"20":1.3726483583,"21":1.3586089611,"22":1.3284342289,"23":1.3149671555,"24":1.2928184271,"25":1.2832885981,"26":1.2433452606,"27":1.2304371595,"28":1.2218812704,"29":1.23315382,"30":1.207041502,"31":1.1656291485,"32":1.1480467319,"33":1.1489893198,"34":1.1190714836,"35":1.1169986725,"36":1.1119897366,"37":1.0773955584,"38":1.0657097101,"39":1.0847388506,"40":1.0338095427,"41":1.0318766832,"42":1.0216008425,"43":1.0011396408,"44":1.0191295147,"45":1.0053465366,"46":0.99448663,"47":0.9843313098,"48":0.946921587,"49":0.9605980515},"recall":{"0":0.0092264013,"1":0.0134847406,"2":0.009936125,"3":0.0134847406,"4":0.0234208666,"5":0.0212916955,"6":0.0397445001,"7":0.0468417332,"8":0.0631653666,"9":0.0709723234,"10":0.0844570622,"11":0.1014904156,"12":0.1135557145,"13":0.1391057521,"14":0.1376862973,"15":0.1589780003,"16":0.1831085831,"17":0.1973030567,"18":0.199432224,"19":0.2356280982,"20":0.243435055,"21":0.2448545098,"22":0.2704045475,"23":0.2633073032,"24":0.2853087187,"25":0.2973740101,"26":0.3158268332,"27":0.3016323745,"28":0.3122782111,"29":0.3215046227,"30":0.3286018372,"31":0.3342796266,"32":0.3498935401,"33":0.3541518748,"34":0.3704755008,"35":0.3782824576,"36":0.3669269085,"37":0.3931866586,"38":0.388928324,"39":0.3903477788,"40":0.4123491943,"41":0.4208658636,"42":0.426543653,"43":0.4528034031,"44":0.426543653,"45":0.4428672791,"46":0.4520936906,"47":0.4528034031,"48":0.4776437283,"49":0.4627395272},"val_loss":{"0":1.9655737877,"1":1.9073616266,"2":1.8483709097,"3":1.8005400896,"4":1.7552720308,"5":1.6967746019,"6":1.6733664274,"7":1.6361300945,"8":1.6041096449,"9":1.5765229464,"10":1.545594573,"11":1.5254957676,"12":1.4951905012,"13":1.4781858921,"14":1.454641819,"15":1.4420204163,"16":1.4236533642,"17":1.4042956829,"18":1.3909751177,"19":1.3834363222,"20":1.3690606356,"21":1.3574551344,"22":1.3490338326,"23":1.3371286392,"24":1.3288558722,"25":1.3186217546,"26":1.3083999157,"27":1.3011718988,"28":1.2912278175,"29":1.2842015028,"30":1.2771543264,"31":1.2738329172,"32":1.2671624422,"33":1.2652578354,"34":1.2569417953,"35":1.2494167089,"36":1.2475436926,"37":1.2388645411,"38":1.2337868214,"39":1.2269257307,"40":1.2248568535,"41":1.2167067528,"42":1.2100120783,"43":1.2027432919,"44":1.2043558359,"45":1.1989972591,"46":1.1936705112,"47":1.1915882826,"48":1.1868309975,"49":1.1846023798},"val_recall":{"0":0.0,"1":0.0,"2":0.0,"3":0.0,"4":0.0,"5":0.0,"6":0.0,"7":0.0395256914,"8":0.0553359687,"9":0.0553359687,"10":0.0790513828,"11":0.0988142267,"12":0.134387359,"13":0.1422924846,"14":0.1739130467,"15":0.169960469,"16":0.1936758906,"17":0.2213438749,"18":0.2134387344,"19":0.2292490155,"20":0.2292490155,"21":0.2411067188,"22":0.2411067188,"23":0.2490118593,"24":0.2608695626,"25":0.252964437,"26":0.2569169998,"27":0.2648221254,"28":0.2727272809,"29":0.2806324065,"30":0.268774718,"31":0.2924901247,"32":0.2964426875,"33":0.2885375619,"34":0.3162055314,"35":0.3201580942,"36":0.3359683752,"37":0.339920938,"38":0.3517786562,"39":0.3557312191,"40":0.3517786562,"41":0.3478260934,"42":0.3557312191,"43":0.3636363745,"44":0.3557312191,"45":0.3636363745,"46":0.3794466257,"47":0.3675889373,"48":0.3715415001,"49":0.3636363745}}