{"loss":{"0":5.211994648,"1":2.0414395332,"2":1.8125048876,"3":1.6306262016,"4":1.5422233343,"5":1.4053893089,"6":1.3083240986,"7":1.1952960491,"8":1.1851543188,"9":1.0558767319,"10":0.9702176452,"11":0.9092773199,"12":0.8207497597,"13":0.7606797814,"14":0.7782022357,"15":0.7666275501,"16":0.6538814306,"17":0.7754452229,"18":0.8091253638,"19":0.6539061666,"20":0.6097486615,"21":0.5395200253,"22":0.4659478962,"23":0.4874201417,"24":0.3912357986,"25":0.3827727437,"26":0.3184453249,"27":0.5289883018,"28":0.3054428697,"29":0.5239889622,"30":0.3504473567,"31":0.2648052573,"32":0.2358506918,"33":0.2958233356,"34":0.244315818,"35":0.1932897866,"36":0.2682631016,"37":0.3117374182,"38":0.2489974946,"39":0.1914274395,"40":0.41320315,"41":0.5230910778,"42":0.3395576477,"43":0.2932523191,"44":0.2065035999,"45":0.5593410134,"46":0.2920206785,"47":0.2295973599,"48":0.1858549267,"49":0.15685229},"recall":{"0":0.0738112107,"1":0.0525195189,"2":0.1092973724,"3":0.1561391056,"4":0.1951738894,"5":0.2547906339,"6":0.3058907092,"7":0.346344918,"8":0.3683463335,"9":0.4166075289,"10":0.4719659388,"11":0.5159687996,"12":0.5507451892,"13":0.572036922,"14":0.588360548,"15":0.6103619337,"16":0.6529453397,"17":0.5947480202,"18":0.6068133712,"19":0.6735273004,"20":0.6792051196,"21":0.720369041,"22":0.7572746873,"23":0.7565649152,"24":0.7970191836,"25":0.8069552779,"26":0.8445706367,"27":0.7686302066,"28":0.8552164435,"29":0.7835344076,"30":0.8388928175,"31":0.8729595542,"32":0.8772178888,"33":0.8701206446,"34":0.8949609399,"35":0.9169623852,"36":0.8616039753,"37":0.8573456407,"38":0.8928318024,"39":0.9048970938,"40":0.8339247704,"41":0.8289567232,"42":0.8573456407,"43":0.8708303571,"44":0.9020581841,"45":0.7877927423,"46":0.8757984638,"47":0.8914123774,"48":0.911994338,"49":0.9347054362},"val_loss":{"0":1.9600789547,"1":1.7416423559,"2":1.5803226233,"3":1.4724488258,"4":1.389244318,"5":1.3274332285,"6":1.316647768,"7":1.3857254982,"8":1.2951644659,"9":1.2951664925,"10":1.2476063967,"11":1.1958004236,"12":1.2295172215,"13":1.2188196182,"14":1.296905756,"15":1.377808094,"16":1.22392416,"17":1.400618434,"18":1.2927205563,"19":1.2950079441,"20":1.3228286505,"21":1.4046254158,"22":1.5420337915,"23":1.5076708794,"24":1.3877779245,"25":1.6239700317,"26":1.6564151049,"27":1.6708866358,"28":1.785872221,"29":1.6317641735,"30":1.9974944592,"31":1.7724227905,"32":1.8323225975,"33":1.8526877165,"34":1.7991530895,"35":2.0247817039,"36":1.8261584044,"37":2.0649764538,"38":2.1754176617,"39":2.5366706848,"40":1.9791041613,"41":1.7220896482,"42":1.8187025785,"43":2.0223724842,"44":2.1469359398,"45":2.0192611217,"46":1.8315662146,"47":1.9192477465,"48":2.2154266834,"49":2.4131374359},"val_recall":{"0":0.0,"1":0.0079051387,"2":0.0434782617,"3":0.1541502029,"4":0.2015810311,"5":0.237154156,"6":0.3517786562,"7":0.2411067188,"8":0.2055335939,"9":0.339920938,"10":0.3280632496,"11":0.3754940629,"12":0.4387351871,"13":0.4150197506,"14":0.4387351871,"15":0.3992094994,"16":0.4861660004,"17":0.4387351871,"18":0.4426877499,"19":0.505928874,"20":0.4822134376,"21":0.4940711558,"22":0.4901185632,"23":0.4980237186,"24":0.4743083119,"25":0.5296442509,"26":0.5177865624,"27":0.4980237186,"28":0.5019763112,"29":0.505928874,"30":0.5573122501,"31":0.5296442509,"32":0.5375494361,"33":0.5573122501,"34":0.5454545617,"35":0.5454545617,"36":0.5573122501,"37":0.5019763112,"38":0.5296442509,"39":0.5217391253,"40":0.4584980309,"41":0.5375494361,"42":0.5256916881,"43":0.5335968137,"44":0.5138339996,"45":0.5415019989,"46":0.5296442509,"47":0.5296442509,"48":0.5494071245,"49":0.5494071245}}