{"loss":{"0":9.45383358,"1":3.9720129967,"2":2.9028317928,"3":2.4724571705,"4":2.282617569,"5":2.0820016861,"6":1.9458286762,"7":1.8600320816,"8":1.8120418787,"9":1.7778424025,"10":1.6902366877,"11":1.7036099434,"12":1.6748076677,"13":1.6048719883,"14":1.5355968475,"15":1.5203294754,"16":1.4674283266,"17":1.4534658194,"18":1.490500927,"19":1.3752219677,"20":1.3324074745,"21":1.2984253168,"22":1.3003786802,"23":1.2962089777,"24":1.2415828705,"25":1.2881630659,"26":1.2484743595,"27":1.1772059202,"28":1.1480089426,"29":1.1236667633,"30":1.0823558569,"31":1.1288309097,"32":1.0456309319,"33":1.0646829605,"34":1.0455697775,"35":1.0159145594,"36":0.988248229,"37":0.9682619572,"38":0.9875178337,"39":0.9328344464,"40":0.9289140701,"41":0.9103704095,"42":0.8951387405,"43":0.859752655,"44":0.8611906171,"45":0.8491306305,"46":0.77710253,"47":0.7714221478,"48":0.7693375349,"49":0.7800756693},"recall":{"0":0.1525904834,"1":0.161816895,"2":0.1596877277,"3":0.1419446468,"4":0.1433640867,"5":0.1469127089,"6":0.168204397,"7":0.1646557897,"8":0.1809794158,"9":0.1958836019,"10":0.1958836019,"11":0.2264017016,"12":0.205819726,"13":0.2469836771,"14":0.2427253425,"15":0.2682753801,"16":0.2661462128,"17":0.286018461,"18":0.2853087187,"19":0.3165365458,"20":0.3378282487,"21":0.3548616171,"22":0.3733144104,"23":0.3498935401,"24":0.3683463335,"25":0.3690560758,"26":0.3875088692,"27":0.3882185817,"28":0.4308019876,"29":0.4300922751,"30":0.4520936906,"31":0.4421575665,"32":0.4634492695,"33":0.4691270292,"34":0.4726756513,"35":0.4953868091,"36":0.4861603975,"37":0.5223562717,"38":0.5010645986,"39":0.5273243189,"40":0.5322924256,"41":0.5393896103,"42":0.5670688152,"43":0.5642299652,"44":0.573456347,"45":0.5684882998,"46":0.6096522212,"47":0.6124911308,"48":0.6273953319,"49":0.6046841741},"val_loss":{"0":2.4228839874,"1":2.003827095,"2":2.0179336071,"3":1.871625185,"4":1.811355114,"5":1.6920472383,"6":1.7147774696,"7":1.6754220724,"8":1.665448904,"9":1.6360948086,"10":1.6369940042,"11":1.6078330278,"12":1.558016777,"13":1.5580583811,"14":1.5474338531,"15":1.535582304,"16":1.5088927746,"17":1.4785616398,"18":1.4864996672,"19":1.4568173885,"20":1.4333264828,"21":1.4206109047,"22":1.4237716198,"23":1.4047378302,"24":1.3859186172,"25":1.3910112381,"26":1.3661624193,"27":1.3444510698,"28":1.3399380445,"29":1.3528853655,"30":1.3333057165,"31":1.3323779106,"32":1.3248728514,"33":1.3216017485,"34":1.3133176565,"35":1.3076397181,"36":1.2881851196,"37":1.2984206676,"38":1.2942601442,"39":1.3024101257,"40":1.3048882484,"41":1.2807469368,"42":1.2806737423,"43":1.2653542757,"44":1.2651898861,"45":1.2584506273,"46":1.27039361,"47":1.2617665529,"48":1.2622367144,"49":1.2574056387},"val_recall":{"0":0.0988142267,"1":0.0632411093,"2":0.0395256914,"3":0.0553359687,"4":0.0316205546,"5":0.0474308282,"6":0.0395256914,"7":0.0711462423,"8":0.0632411093,"9":0.0869565234,"10":0.0869565234,"11":0.0909090936,"12":0.0948616564,"13":0.1225296408,"14":0.1422924846,"15":0.1501976252,"16":0.1620553434,"17":0.1778656095,"18":0.1501976252,"19":0.1897233129,"20":0.2094861716,"21":0.2213438749,"22":0.2055335939,"23":0.2292490155,"24":0.252964437,"25":0.2292490155,"26":0.2450592816,"27":0.2490118593,"28":0.252964437,"29":0.2766798437,"30":0.2727272809,"31":0.2964426875,"32":0.2924901247,"33":0.3043478131,"34":0.2924901247,"35":0.3162055314,"36":0.3083004057,"37":0.3241106868,"38":0.3438735306,"39":0.3280632496,"40":0.3359683752,"41":0.3517786562,"42":0.3517786562,"43":0.3596837819,"44":0.3675889373,"45":0.3794466257,"46":0.3715415001,"47":0.3754940629,"48":0.3675889373,"49":0.3833992183}}