{"loss":{"0":5.9916200638,"1":2.0539307594,"2":1.8169068098,"3":1.5734040737,"4":1.4770317078,"5":1.4145038128,"6":1.2944483757,"7":1.2171295881,"8":1.1678925753,"9":1.1714975834,"10":1.227255702,"11":1.1620857716,"12":1.1618340015,"13":1.0196431875,"14":0.9247708917,"15":0.978905201,"16":0.8899380565,"17":0.938857615,"18":0.8323761225,"19":0.6994850039,"20":0.7558809519,"21":0.6275673509,"22":0.5724823475,"23":0.5433427691,"24":0.6000714302,"25":0.6110150814,"26":0.6013998985,"27":0.4888673723,"28":0.5723113418,"29":0.579739809,"30":0.4346869588,"31":0.6494723558,"32":0.5362131,"33":0.5498583317,"34":0.4942885935,"35":0.4083839357,"36":0.4309043884,"37":0.407092154,"38":0.380415976,"39":0.4195558727,"40":0.8233860731,"41":0.4180623293,"42":0.4405429959,"43":0.3920059502,"44":0.3509791493,"45":0.5094711781,"46":0.3460789621,"47":0.2869175076,"48":0.2688710392,"49":0.2166337371},"recall":{"0":0.1227821186,"1":0.1036195904,"2":0.1497516036,"3":0.2200141996,"4":0.243435055,"5":0.2824698389,"6":0.3186657131,"7":0.3577004969,"8":0.3910574913,"9":0.3875088692,"10":0.4017033279,"11":0.4315117002,"12":0.3804116249,"13":0.4336408675,"14":0.4975159764,"15":0.5124201775,"16":0.529453516,"17":0.5386798978,"18":0.5578424335,"19":0.6217175126,"20":0.6132008433,"21":0.6671398282,"22":0.7033357024,"23":0.7303051949,"24":0.6969481707,"25":0.6884315014,"26":0.7161107063,"27":0.7480482459,"28":0.7168204188,"29":0.7224982381,"30":0.7828246951,"31":0.720369041,"32":0.7381121516,"33":0.7409510016,"34":0.7601135373,"35":0.8026969433,"36":0.7885024548,"37":0.7991483212,"38":0.823278904,"39":0.8062455654,"40":0.691270411,"41":0.8019872308,"42":0.7948899865,"43":0.8161816597,"44":0.8261178136,"45":0.794180274,"46":0.8374733925,"47":0.8750886917,"48":0.8715400696,"49":0.9034776688},"val_loss":{"0":1.9487397671,"1":1.795899272,"2":1.589381218,"3":1.5817276239,"4":1.4348955154,"5":1.4279612303,"6":1.3604882956,"7":1.3657925129,"8":1.324652791,"9":1.4127556086,"10":1.3421702385,"11":1.3975644112,"12":1.331332922,"13":1.2605957985,"14":1.308188796,"15":1.2230616808,"16":1.2413911819,"17":1.2621486187,"18":1.2206929922,"19":1.2180973291,"20":1.1829484701,"21":1.2217040062,"22":1.2257521152,"23":1.250505805,"24":1.3097712994,"25":1.2719002962,"26":1.3551087379,"27":1.2857112885,"28":1.2883781195,"29":1.3384723663,"30":1.3626146317,"31":1.4221454859,"32":1.4259740114,"33":1.3489009142,"34":1.3935834169,"35":1.3892222643,"36":1.4582690001,"37":1.5470360518,"38":1.4932283163,"39":1.9460157156,"40":1.4164772034,"41":1.4524133205,"42":1.4201551676,"43":1.5581774712,"44":1.6300605536,"45":1.5236213207,"46":1.5695843697,"47":1.6091436148,"48":1.6366508007,"49":1.7375736237},"val_recall":{"0":0.0434782617,"1":0.0039525693,"2":0.0237154141,"3":0.0434782617,"4":0.0909090936,"5":0.0830039531,"6":0.169960469,"7":0.2055335939,"8":0.2252964377,"9":0.1264822185,"10":0.2094861716,"11":0.2015810311,"12":0.1620553434,"13":0.2885375619,"14":0.2885375619,"15":0.339920938,"16":0.3162055314,"17":0.3122529685,"18":0.3794466257,"19":0.407114625,"20":0.3596837819,"21":0.3913043439,"22":0.3952569067,"23":0.4664031565,"24":0.4387351871,"25":0.4664031565,"26":0.4782608747,"27":0.4861660004,"28":0.4584980309,"29":0.4743083119,"30":0.4664031565,"31":0.4743083119,"32":0.4822134376,"33":0.4150197506,"34":0.4861660004,"35":0.4466403127,"36":0.4940711558,"37":0.5019763112,"38":0.4980237186,"39":0.5098814368,"40":0.4584980309,"41":0.4980237186,"42":0.4743083119,"43":0.505928874,"44":0.5296442509,"45":0.4940711558,"46":0.5217391253,"47":0.5177865624,"48":0.5296442509,"49":0.5454545617}}