{"loss":{"0":6.0437297821,"1":2.1704072952,"2":1.8921598196,"3":1.7224854231,"4":1.6294248104,"5":1.5789681673,"6":1.422134757,"7":1.4644857645,"8":1.3074637651,"9":1.2877380848,"10":1.208656311,"11":1.1514027119,"12":1.1204801798,"13":1.0754281282,"14":1.1014789343,"15":1.1070398092,"16":0.9962138534,"17":0.9892810583,"18":1.020819068,"19":0.815908432,"20":0.8653348088,"21":0.7593690753,"22":1.0810072422,"23":0.8550203443,"24":1.0406955481,"25":0.7786431909,"26":0.7298561335,"27":0.7071760893,"28":0.6179490089,"29":0.5947317481,"30":0.5215742588,"31":0.4820612669,"32":0.4276716411,"33":0.4663107097,"34":0.4418774545,"35":0.6573063731,"36":0.6591332555,"37":0.5462726951,"38":0.5948141813,"39":0.4146885872,"40":0.3768674731,"41":0.3550761044,"42":0.3327303827,"43":0.5215398073,"44":0.4634259045,"45":0.3200494051,"46":0.3332475424,"47":0.255882144,"48":0.2617378533,"49":0.3726578355},"recall":{"0":0.102200143,"1":0.0418736711,"2":0.0766501054,"3":0.1391057521,"4":0.1760113537,"5":0.210787788,"6":0.2462739497,"7":0.2853087187,"8":0.2931156754,"9":0.3186657131,"10":0.3484740853,"11":0.3761532903,"12":0.4073811173,"13":0.4251241982,"14":0.4300922751,"15":0.432931155,"16":0.4833215177,"17":0.4755145609,"18":0.4960965216,"19":0.5386798978,"20":0.5400993824,"21":0.5784243941,"22":0.5166785121,"23":0.5550035238,"24":0.4975159764,"25":0.5656493902,"26":0.6117814183,"27":0.6366217136,"28":0.6813342571,"29":0.6955287457,"30":0.7210787535,"31":0.7665010691,"32":0.777856648,"33":0.779276073,"34":0.7856636047,"35":0.7161107063,"36":0.7075940371,"37":0.7331440449,"38":0.7473385334,"39":0.8034066558,"40":0.8105039001,"41":0.8332150578,"42":0.8488289714,"43":0.7913413644,"44":0.7885024548,"45":0.8474094868,"46":0.83960253,"47":0.8757984638,"48":0.8828956485,"49":0.8417317271},"val_loss":{"0":1.9745500088,"1":1.8777263165,"2":1.6848531961,"3":1.6084679365,"4":1.7162382603,"5":1.484208107,"6":1.4995263815,"7":1.3897782564,"8":1.3664075136,"9":1.3010005951,"10":1.2624799013,"11":1.3182581663,"12":1.3111994267,"13":1.2975832224,"14":1.266446352,"15":1.2545957565,"16":1.1885871887,"17":1.1936661005,"18":1.1912536621,"19":1.2442206144,"20":1.1750496626,"21":1.2349638939,"22":1.2106677294,"23":1.3477441072,"24":1.2046202421,"25":1.1986070871,"26":1.170189023,"27":1.2228616476,"28":1.196485281,"29":1.2328600883,"30":1.2134172916,"31":1.2549189329,"32":1.3714683056,"33":1.3914432526,"34":1.4249668121,"35":1.4474279881,"36":1.2645440102,"37":1.462211132,"38":1.5117144585,"39":1.5343495607,"40":1.538064003,"41":1.6029926538,"42":1.5274915695,"43":1.4990005493,"44":1.4747911692,"45":1.5331863165,"46":1.4876550436,"47":1.6364116669,"48":1.6936334372,"49":1.5855237246},"val_recall":{"0":0.0118577071,"1":0.0,"2":0.0158102773,"3":0.0276679844,"4":0.0079051387,"5":0.0355731212,"6":0.0395256914,"7":0.0988142267,"8":0.0830039531,"9":0.1106719375,"10":0.1897233129,"11":0.1067193672,"12":0.2134387344,"13":0.2173912972,"14":0.1976284534,"15":0.3557312191,"16":0.3003952503,"17":0.3122529685,"18":0.3754940629,"19":0.3794466257,"20":0.3359683752,"21":0.3478260934,"22":0.2964426875,"23":0.2806324065,"24":0.2806324065,"25":0.3754940629,"26":0.3992094994,"27":0.4110671878,"28":0.4466403127,"29":0.4980237186,"30":0.4664031565,"31":0.4901185632,"32":0.5098814368,"33":0.4387351871,"34":0.5019763112,"35":0.4150197506,"36":0.4347825944,"37":0.4466403127,"38":0.4703557193,"39":0.4664031565,"40":0.4822134376,"41":0.4664031565,"42":0.5177865624,"43":0.5098814368,"44":0.5019763112,"45":0.505928874,"46":0.5098814368,"47":0.5217391253,"48":0.505928874,"49":0.5335968137}}