{"loss":{"0":2.2618455887,"1":1.7374333143,"2":1.6091603041,"3":1.4994124174,"4":1.2856158018,"5":1.2595949173,"6":1.1865028143,"7":1.1970869303,"8":1.1641979218,"9":1.0956327915,"10":1.170622468,"11":1.3156038523,"12":1.1512351036,"13":1.0806131363,"14":1.0113661289,"15":1.2882702351,"16":1.0463927984,"17":1.0203373432,"18":1.0368981361,"19":0.9878495336,"20":1.0319159031,"21":0.9528096318,"22":1.0626165867,"23":0.9636157751,"24":0.9898753762,"25":0.9333186746,"26":0.9495022893,"27":0.928460896,"28":0.9285578728,"29":0.9080019593,"30":0.8622910976,"31":0.8414273858,"32":0.8301666379,"33":0.8111556768,"34":0.8259997964,"35":0.8481066823,"36":0.821197927,"37":0.799090445,"38":0.7667368054,"39":0.8233779669,"40":0.8191435933,"41":0.9524901509,"42":0.8090491295,"43":0.8307290077,"44":0.8033240438,"45":0.8767084479,"46":0.9377286434,"47":0.8825890422,"48":0.8053590059,"49":0.9763332009},"recall":{"0":0.0631653666,"1":0.1632363349,"2":0.1980127692,"3":0.2292405963,"4":0.2973740101,"5":0.3066004217,"6":0.3442157507,"7":0.3548616171,"8":0.3697657883,"9":0.3946061134,"10":0.3768630326,"11":0.351312995,"12":0.3797019124,"13":0.4173172414,"14":0.4187366962,"15":0.3811213672,"16":0.4315117002,"17":0.4336408675,"18":0.4272533655,"19":0.4563520253,"20":0.4506742358,"21":0.4520936906,"22":0.4599006474,"23":0.4634492695,"24":0.4599006474,"25":0.4953868091,"26":0.5067423582,"27":0.4939673543,"28":0.4996451437,"29":0.5088715553,"30":0.5159687996,"31":0.5429382324,"32":0.5251951814,"33":0.5528743863,"34":0.5592618585,"35":0.5415188074,"36":0.5684882998,"37":0.5564230084,"38":0.5890702605,"39":0.5656493902,"40":0.5798438787,"41":0.5393896103,"42":0.5571327209,"43":0.5699077249,"44":0.5727466345,"45":0.5351312757,"46":0.5081618428,"47":0.528034091,"48":0.5642299652,"49":0.5102909803},"val_loss":{"0":1.5834310055,"1":1.509524703,"2":1.4600383043,"3":1.4085661173,"4":1.2912769318,"5":1.286462307,"6":1.3094036579,"7":1.2586936951,"8":1.2284785509,"9":1.2459676266,"10":1.2406218052,"11":1.240500927,"12":1.2888618708,"13":1.198472023,"14":1.2029768229,"15":1.320723176,"16":1.1931419373,"17":1.3169597387,"18":1.2251164913,"19":1.1815063953,"20":1.237445116,"21":1.1496235132,"22":1.2345100641,"23":1.1906960011,"24":1.1479762793,"25":1.2806185484,"26":1.1863570213,"27":1.2030749321,"28":1.1601035595,"29":1.2055830956,"30":1.1487951279,"31":1.2019708157,"32":1.1746810675,"33":1.186596632,"34":1.1410659552,"35":1.1423813105,"36":1.1454585791,"37":1.2089759111,"38":1.2327922583,"39":1.1272199154,"40":1.1717585325,"41":1.1356041431,"42":1.1656272411,"43":1.1696596146,"44":1.2320646048,"45":1.250010252,"46":1.2131654024,"47":1.2107015848,"48":1.2216696739,"49":1.2143806219},"val_recall":{"0":0.0790513828,"1":0.0039525693,"2":0.0750988126,"3":0.1739130467,"4":0.237154156,"5":0.2015810311,"6":0.2055335939,"7":0.2608695626,"8":0.2569169998,"9":0.169960469,"10":0.2450592816,"11":0.1304347813,"12":0.2134387344,"13":0.268774718,"14":0.2924901247,"15":0.1936758906,"16":0.2411067188,"17":0.2094861716,"18":0.2490118593,"19":0.3596837819,"20":0.2213438749,"21":0.3241106868,"22":0.2648221254,"23":0.3280632496,"24":0.3596837819,"25":0.3438735306,"26":0.339920938,"27":0.3043478131,"28":0.3162055314,"29":0.2569169998,"30":0.3320158124,"31":0.3003952503,"32":0.3320158124,"33":0.3438735306,"34":0.422924906,"35":0.3478260934,"36":0.339920938,"37":0.3241106868,"38":0.4743083119,"39":0.3596837819,"40":0.3162055314,"41":0.3794466257,"42":0.3992094994,"43":0.407114625,"44":0.268774718,"45":0.3794466257,"46":0.3992094994,"47":0.339920938,"48":0.4110671878,"49":0.3043478131}}