{"loss":{"0":2.2799210548,"1":1.8008606434,"2":1.4894480705,"3":1.3169437647,"4":1.2055330276,"5":1.1054965258,"6":1.0298548937,"7":0.9791398644,"8":0.8912431598,"9":0.8618984222,"10":0.7863226533,"11":0.7325728536,"12":0.694855392,"13":0.6480292082,"14":0.5977689028,"15":0.5395770073,"16":0.5153887272,"17":0.4540303946,"18":0.4282806218,"19":0.3794246316,"20":0.369299382,"21":0.3516622186,"22":0.2823400795,"23":0.3105891645,"24":0.2681833506,"25":0.2428618371,"26":0.2443401515,"27":0.214278996,"28":0.1968155056,"29":0.1899366677,"30":0.1913443953,"31":0.17664738,"32":0.1517392546,"33":0.1417922825,"34":0.1248911545,"35":0.1254497617,"36":0.1141908392,"37":0.1227727681,"38":0.1073199287,"39":0.1167452559,"40":0.1585350782,"41":0.1412345767,"42":0.1153887063,"43":0.123113066,"44":0.1034836099,"45":0.096729435,"46":0.0822158307,"47":0.0919968411,"48":0.0908659622,"49":0.0902750492},"recall":{"0":0.0298083741,"1":0.0816181675,"2":0.1980127692,"3":0.2909865081,"4":0.3413768709,"5":0.3967352808,"6":0.4137686193,"7":0.4662881494,"8":0.5081618428,"9":0.5322924256,"10":0.5798438787,"11":0.6096522212,"12":0.630943954,"13":0.6508162022,"14":0.6884315014,"15":0.7175301909,"16":0.7288857102,"17":0.7757274508,"18":0.7877927423,"19":0.8161816597,"20":0.8133428097,"21":0.8410220146,"22":0.8623136878,"23":0.8573456407,"24":0.8800567985,"25":0.8921220899,"26":0.8935415149,"27":0.9063165188,"28":0.9105748534,"29":0.9233499169,"30":0.9247693419,"31":0.9283179641,"32":0.9418026805,"33":0.9368346334,"34":0.9524485469,"35":0.9467707872,"36":0.9524485469,"37":0.9496096373,"38":0.9609652162,"39":0.9481902122,"40":0.939673543,"41":0.939673543,"42":0.9496096373,"43":0.9552874565,"44":0.9567068815,"45":0.9630944133,"46":0.9652235508,"47":0.9680624604,"48":0.9645138383,"49":0.9659332633},"val_loss":{"0":1.7595751286,"1":1.4891747236,"2":1.3627605438,"3":1.3828777075,"4":1.2483485937,"5":1.247587204,"6":1.2394303083,"7":1.1926047802,"8":1.1506077051,"9":1.1632395983,"10":1.1564860344,"11":1.1819412708,"12":1.1919652224,"13":1.1764005423,"14":1.1938474178,"15":1.2668858767,"16":1.2865848541,"17":1.3198225498,"18":1.3755794764,"19":1.3839359283,"20":1.4963049889,"21":1.466593504,"22":1.6025620699,"23":1.6206965446,"24":1.7071044445,"25":1.7261856794,"26":1.7345036268,"27":1.7327487469,"28":1.8197453022,"29":1.8597707748,"30":1.8574581146,"31":1.9989011288,"32":2.0550224781,"33":2.0796313286,"34":2.1590509415,"35":2.2402591705,"36":2.2249522209,"37":2.1961297989,"38":2.2734601498,"39":2.307518959,"40":2.2153258324,"41":2.1789736748,"42":2.1949799061,"43":2.2266178131,"44":2.2413172722,"45":2.316824913,"46":2.3704826832,"47":2.4016168118,"48":2.3611912727,"49":2.4579901695},"val_recall":{"0":0.0197628457,"1":0.1778656095,"2":0.2490118593,"3":0.3280632496,"4":0.3636363745,"5":0.339920938,"6":0.3794466257,"7":0.407114625,"8":0.422924906,"9":0.4150197506,"10":0.4822134376,"11":0.4505928755,"12":0.4822134376,"13":0.4940711558,"14":0.4940711558,"15":0.5177865624,"16":0.5256916881,"17":0.4980237186,"18":0.505928874,"19":0.5217391253,"20":0.5138339996,"21":0.5335968137,"22":0.5533596873,"23":0.5256916881,"24":0.5256916881,"25":0.5296442509,"26":0.5415019989,"27":0.5612648129,"28":0.5533596873,"29":0.5454545617,"30":0.5494071245,"31":0.5494071245,"32":0.5454545617,"33":0.5454545617,"34":0.5454545617,"35":0.5335968137,"36":0.5573122501,"37":0.5573122501,"38":0.5296442509,"39":0.5612648129,"40":0.5573122501,"41":0.5533596873,"42":0.5652173758,"43":0.5612648129,"44":0.5415019989,"45":0.5494071245,"46":0.5494071245,"47":0.5415019989,"48":0.5335968137,"49":0.5454545617}}