{"loss":{"0":2.4900519848,"1":1.9511400461,"2":1.7395688295,"3":1.6410639286,"4":1.5622141361,"5":1.4965002537,"6":1.386816144,"7":1.375479579,"8":1.2811847925,"9":1.2532869577,"10":1.2174406052,"11":1.2343426943,"12":1.1898800135,"13":1.1761492491,"14":1.1472203732,"15":1.117759347,"16":1.0674006939,"17":1.0642322302,"18":1.0429753065,"19":1.0267065763,"20":1.005215168,"21":0.9524570107,"22":0.9386578202,"23":0.9452133775,"24":0.9659633636,"25":0.8948101997,"26":0.9599786401,"27":0.8732072115,"28":0.859831214,"29":0.8736675978,"30":0.9002125263,"31":0.8386475444,"32":0.9394708276,"33":0.8652397394,"34":0.8322597146,"35":0.8171879053,"36":0.8521081209,"37":0.7703857422,"38":0.7706037164,"39":0.7534765601,"40":0.7672828436,"41":0.7125222683,"42":0.7672830224,"43":0.7041248083,"44":0.7252595425,"45":0.6899615526,"46":0.7300576568,"47":0.6930712461,"48":0.6846418381,"49":0.7292796969},"recall":{"0":0.0404542238,"1":0.0681334287,"2":0.1071682051,"3":0.1589780003,"4":0.1745919138,"5":0.2143364102,"6":0.2448545098,"7":0.2455642372,"8":0.281050384,"9":0.3136976659,"10":0.3286018372,"11":0.3520227075,"12":0.351312995,"13":0.3342796266,"14":0.3782824576,"15":0.3789921999,"16":0.3910574913,"17":0.3946061134,"18":0.4187366962,"19":0.4130589068,"20":0.4286728203,"21":0.4634492695,"22":0.4662881494,"23":0.4762242734,"24":0.4627395272,"25":0.4953868091,"26":0.4968062341,"27":0.5124201775,"28":0.5117104053,"29":0.5024840236,"30":0.5244854689,"31":0.5351312757,"32":0.5010645986,"33":0.5273243189,"34":0.5344215631,"35":0.545777142,"36":0.5273243189,"37":0.5713272095,"38":0.574875772,"39":0.5848119259,"40":0.5805535913,"41":0.616039753,"42":0.5855216384,"43":0.616039753,"44":0.6046841741,"45":0.6210078001,"46":0.6011355519,"47":0.617459178,"48":0.6359120011,"49":0.6146202683},"val_loss":{"0":1.8335573673,"1":1.6735833883,"2":1.563005209,"3":1.4817591906,"4":1.5141099691,"5":1.3978822231,"6":1.4111516476,"7":1.3621739149,"8":1.313159585,"9":1.2925610542,"10":1.2869991064,"11":1.2808618546,"12":1.2634677887,"13":1.2483977079,"14":1.2355271578,"15":1.2239464521,"16":1.2206300497,"17":1.2043001652,"18":1.200298667,"19":1.2125620842,"20":1.2163536549,"21":1.187912941,"22":1.1945505142,"23":1.1721493006,"24":1.1538732052,"25":1.1581741571,"26":1.1562242508,"27":1.1715917587,"28":1.1884258986,"29":1.1507240534,"30":1.1556503773,"31":1.1708879471,"32":1.1838861704,"33":1.1549935341,"34":1.1505289078,"35":1.1538164616,"36":1.1675843,"37":1.1519862413,"38":1.1477415562,"39":1.1200716496,"40":1.1322866678,"41":1.1443496943,"42":1.1660866737,"43":1.1368073225,"44":1.1471430063,"45":1.1539885998,"46":1.127125144,"47":1.1636707783,"48":1.1579086781,"49":1.138027668},"val_recall":{"0":0.0039525693,"1":0.0118577071,"2":0.0395256914,"3":0.0434782617,"4":0.0988142267,"5":0.0988142267,"6":0.1027667969,"7":0.1225296408,"8":0.1660079062,"9":0.169960469,"10":0.2213438749,"11":0.2015810311,"12":0.2292490155,"13":0.2252964377,"14":0.2252964377,"15":0.2806324065,"16":0.2450592816,"17":0.2806324065,"18":0.3083004057,"19":0.2569169998,"20":0.3201580942,"21":0.3320158124,"22":0.3162055314,"23":0.3438735306,"24":0.3517786562,"25":0.3241106868,"26":0.3359683752,"27":0.3517786562,"28":0.3003952503,"29":0.3557312191,"30":0.339920938,"31":0.3517786562,"32":0.3320158124,"33":0.3517786562,"34":0.3794466257,"35":0.3596837819,"36":0.3636363745,"37":0.3873517811,"38":0.3913043439,"39":0.407114625,"40":0.4110671878,"41":0.4189723432,"42":0.3754940629,"43":0.3992094994,"44":0.3952569067,"45":0.3833992183,"46":0.4268774688,"47":0.4031620622,"48":0.3873517811,"49":0.4347825944}}