{"loss":{"0":7.7497901917,"1":3.3052711487,"2":2.4718022346,"3":2.1962664127,"4":2.0556929111,"5":1.9499906301,"6":1.9089163542,"7":1.8382997513,"8":1.7507770061,"9":1.6778470278,"10":1.6432402134,"11":1.6138596535,"12":1.5836728811,"13":1.5656707287,"14":1.5150817633,"15":1.4325016737,"16":1.4974570274,"17":1.4450250864,"18":1.3755016327,"19":1.3626723289,"20":1.3262553215,"21":1.3344413042,"22":1.3325726986,"23":1.272709012,"24":1.2569351196,"25":1.227881074,"26":1.2275042534,"27":1.1734368801,"28":1.1403437853,"29":1.1591228247,"30":1.1153533459,"31":1.0813881159,"32":1.1391631365,"33":1.0901795626,"34":1.0409829617,"35":1.0779739618,"36":1.0619734526,"37":1.031572938,"38":0.9990504384,"39":0.9932842255,"40":0.9462512136,"41":0.9878203273,"42":0.9441798925,"43":0.9323485494,"44":0.9122702479,"45":0.8994295001,"46":0.8791536093,"47":0.8626829386,"48":0.8842697144,"49":0.842240274},"recall":{"0":0.1462029815,"1":0.1831085831,"2":0.1710432917,"3":0.1476224214,"4":0.1511710435,"5":0.1738821864,"6":0.1603974402,"7":0.1703335643,"8":0.1767210811,"9":0.1987224966,"10":0.2015613914,"11":0.2306600362,"12":0.2633073032,"13":0.2597586811,"14":0.2689850926,"15":0.2924059629,"16":0.2725337148,"17":0.2767920494,"18":0.3165365458,"19":0.3108587563,"20":0.3307310045,"21":0.3356990814,"22":0.3307310045,"23":0.361249119,"24":0.3541518748,"25":0.3633782864,"26":0.3811213672,"27":0.4024130702,"28":0.4137686193,"29":0.3946061134,"30":0.4194464087,"31":0.4286728203,"32":0.4201561511,"33":0.4435769916,"34":0.4435769916,"35":0.4464159012,"36":0.4435769916,"37":0.4662881494,"38":0.4875798523,"39":0.4783534408,"40":0.485450685,"41":0.491838187,"42":0.5173882246,"43":0.5110006928,"44":0.5287438035,"45":0.5230659842,"46":0.5251951814,"47":0.5550035238,"48":0.5429382324,"49":0.5656493902},"val_loss":{"0":1.9892250299,"1":1.7245146036,"2":1.6417617798,"3":1.6817600727,"4":1.6425882578,"5":1.5852832794,"6":1.6059789658,"7":1.5479873419,"8":1.5324913263,"9":1.5178956985,"10":1.4619489908,"11":1.46652174,"12":1.4467797279,"13":1.4671894312,"14":1.4156696796,"15":1.3878678083,"16":1.4022142887,"17":1.3779565096,"18":1.3664464951,"19":1.3800783157,"20":1.3605082035,"21":1.3672837019,"22":1.3452582359,"23":1.3560963869,"24":1.3179725409,"25":1.3293967247,"26":1.3089053631,"27":1.2911446095,"28":1.3157691956,"29":1.2869799137,"30":1.2866680622,"31":1.2964692116,"32":1.3047935963,"33":1.2867126465,"34":1.2782247066,"35":1.2412317991,"36":1.2267328501,"37":1.2477961779,"38":1.256952405,"39":1.2307517529,"40":1.2073212862,"41":1.2485221624,"42":1.1972414255,"43":1.1997787952,"44":1.2004505396,"45":1.2078409195,"46":1.1909627914,"47":1.2051116228,"48":1.2129448652,"49":1.1899448633},"val_recall":{"0":0.1462450624,"1":0.0909090936,"2":0.0948616564,"3":0.0671936795,"4":0.0830039531,"5":0.0909090936,"6":0.0948616564,"7":0.0869565234,"8":0.1106719375,"9":0.0988142267,"10":0.118577078,"11":0.1383399218,"12":0.1383399218,"13":0.1501976252,"14":0.1383399218,"15":0.2055335939,"16":0.1739130467,"17":0.1581027657,"18":0.1778656095,"19":0.1541502029,"20":0.1778656095,"21":0.2015810311,"22":0.1936758906,"23":0.1897233129,"24":0.2411067188,"25":0.2332015783,"26":0.2292490155,"27":0.2094861716,"28":0.2134387344,"29":0.2332015783,"30":0.237154156,"31":0.2450592816,"32":0.2450592816,"33":0.2252964377,"34":0.268774718,"35":0.2885375619,"36":0.3320158124,"37":0.268774718,"38":0.2806324065,"39":0.3320158124,"40":0.3162055314,"41":0.3280632496,"42":0.3517786562,"43":0.3241106868,"44":0.3280632496,"45":0.3320158124,"46":0.3833992183,"47":0.3359683752,"48":0.3675889373,"49":0.3636363745}}