{"loss":{"0":2.1070370674,"1":1.4703643322,"2":1.2942425013,"3":1.118247509,"4":1.0157341957,"5":0.863747716,"6":0.8494219184,"7":0.8008583784,"8":0.642150104,"9":0.5910748839,"10":0.5909706354,"11":0.5094003081,"12":0.424211055,"13":0.4014465809,"14":0.3592051268,"15":0.3529844284,"16":0.2603342235,"17":0.2230234742,"18":0.3649924397,"19":0.2138419151,"20":0.2136135846,"21":0.1614691615,"22":0.1314772069,"23":0.1464731246,"24":0.214326188,"25":0.4482428432,"26":0.2341500223,"27":0.2169405669,"28":0.2399463952,"29":0.2234351486,"30":0.1646626443,"31":0.1394951344,"32":0.1933500767,"33":0.1342955232,"34":0.1202781796,"35":0.0961106941,"36":0.0737773627,"37":0.0851167068,"38":0.0729361996,"39":0.2851121128,"40":0.1469264328,"41":0.0845834538,"42":0.0780097619,"43":0.2728214562,"44":0.1087859794,"45":0.1076177061,"46":0.0888038278,"47":0.1474039555,"48":0.0912372693,"49":0.0703066364},"recall":{"0":0.0553584099,"1":0.2526614666,"2":0.3215046227,"3":0.3981547058,"4":0.4428672791,"5":0.5266146064,"6":0.558552146,"7":0.5777146816,"8":0.6678495407,"9":0.7075940371,"10":0.7012065053,"11":0.7402412891,"12":0.7934705615,"13":0.8161816597,"14":0.821859479,"15":0.8360539675,"16":0.8843151331,"17":0.9013484716,"18":0.8488289714,"19":0.9112846255,"20":0.9034776688,"21":0.9219304323,"22":0.9517388344,"23":0.941092968,"24":0.911994338,"25":0.83960253,"26":0.9041873813,"27":0.9084457159,"28":0.9084457159,"29":0.9112846255,"30":0.9354152083,"31":0.9439318776,"32":0.9240596294,"33":0.9432221651,"34":0.954577744,"35":0.9588360786,"36":0.9666430354,"37":0.9638041258,"38":0.9723207951,"39":0.8977998495,"40":0.9446415901,"41":0.9673527479,"42":0.9680624604,"43":0.9169623852,"44":0.9588360786,"45":0.9666430354,"46":0.9623846412,"47":0.9439318776,"48":0.9638041258,"49":0.9765791297},"val_loss":{"0":1.5265479088,"1":1.3238321543,"2":1.3041507006,"3":1.2447786331,"4":1.1528148651,"5":1.2506525517,"6":1.1731035709,"7":1.2017419338,"8":1.2006613016,"9":1.2845622301,"10":1.2600444555,"11":1.4313188791,"12":1.488873601,"13":1.5203745365,"14":1.5492506027,"15":1.4756829739,"16":1.7613369226,"17":2.167132616,"18":1.7003946304,"19":1.9760911465,"20":1.8896868229,"21":2.2075557709,"22":2.5523688793,"23":2.1753957272,"24":2.4925556183,"25":1.9164549112,"26":2.1458377838,"27":2.208240509,"28":2.1825275421,"29":2.2748441696,"30":2.314861536,"31":2.4524636269,"32":2.516726017,"33":2.4770290852,"34":2.607322216,"35":2.6990571022,"36":2.5779280663,"37":2.7370476723,"38":2.7277595997,"39":2.3618392944,"40":2.3894410133,"41":2.4887237549,"42":3.2182915211,"43":2.2250747681,"44":2.3639552593,"45":2.5190315247,"46":2.6693680286,"47":2.4865834713,"48":2.6408338547,"49":2.6172406673},"val_recall":{"0":0.1660079062,"1":0.2055335939,"2":0.2806324065,"3":0.2608695626,"4":0.3438735306,"5":0.3913043439,"6":0.3873517811,"7":0.4466403127,"8":0.4861660004,"9":0.4980237186,"10":0.5098814368,"11":0.5454545617,"12":0.5217391253,"13":0.5138339996,"14":0.5217391253,"15":0.5217391253,"16":0.4980237186,"17":0.505928874,"18":0.5019763112,"19":0.5217391253,"20":0.5296442509,"21":0.5454545617,"22":0.5296442509,"23":0.5612648129,"24":0.4901185632,"25":0.5098814368,"26":0.5375494361,"27":0.5573122501,"28":0.5494071245,"29":0.5098814368,"30":0.5296442509,"31":0.5335968137,"32":0.4822134376,"33":0.5494071245,"34":0.5454545617,"35":0.5454545617,"36":0.5652173758,"37":0.5335968137,"38":0.5256916881,"39":0.5177865624,"40":0.5454545617,"41":0.5573122501,"42":0.5256916881,"43":0.5454545617,"44":0.5415019989,"45":0.5612648129,"46":0.5731225014,"47":0.5296442509,"48":0.5533596873,"49":0.5494071245}}