{"loss":{"0":2.5659892559,"1":2.3735604286,"2":2.2081017494,"3":2.0981588364,"4":2.0497598648,"5":1.9697526693,"6":1.9175488949,"7":1.833245039,"8":1.7758257389,"9":1.7420561314,"10":1.6980543137,"11":1.6510500908,"12":1.5853949785,"13":1.5706055164,"14":1.5095723867,"15":1.4845778942,"16":1.4568691254,"17":1.4572337866,"18":1.3904451132,"19":1.4007349014,"20":1.3719068766,"21":1.3224943876,"22":1.3254739046,"23":1.3076294661,"24":1.2729328871,"25":1.260114193,"26":1.252625823,"27":1.232314229,"28":1.2053028345,"29":1.2027283907,"30":1.1711388826,"31":1.1593770981,"32":1.1321727037,"33":1.1203842163,"34":1.1177738905,"35":1.0982471704,"36":1.0818439722,"37":1.0812424421,"38":1.0557830334,"39":1.0704959631,"40":1.0758678913,"41":1.0392378569,"42":1.0469794273,"43":1.0003437996,"44":0.998444438,"45":0.9765800834,"46":0.995329082,"47":0.9720004201,"48":0.9546061158,"49":0.9390029907},"recall":{"0":0.0312278215,"1":0.0276792049,"2":0.0227111429,"3":0.0290986523,"4":0.0283889286,"5":0.0432931148,"6":0.0440028384,"7":0.0518097952,"8":0.0731014907,"9":0.0880056769,"10":0.1071682051,"11":0.1277501732,"12":0.1277501732,"13":0.1419446468,"14":0.1603974402,"15":0.1852377504,"16":0.2036905587,"17":0.2008516639,"18":0.2391767204,"19":0.2029808313,"20":0.2334989309,"21":0.2633073032,"22":0.2704045475,"23":0.2746628821,"24":0.2718240023,"25":0.2931156754,"26":0.3002129197,"27":0.3172462881,"28":0.3158268332,"29":0.3286018372,"30":0.3470546603,"31":0.346344918,"32":0.3633782864,"33":0.3711852431,"34":0.3711852431,"35":0.3832505345,"36":0.3924769461,"37":0.40525195,"38":0.4031227827,"39":0.4002839029,"40":0.3875088692,"41":0.426543653,"42":0.4095102847,"43":0.4336408675,"44":0.4386089444,"45":0.4315117002,"46":0.4471256137,"47":0.4556423128,"48":0.4620298147,"49":0.4669978619},"val_loss":{"0":1.8191082478,"1":1.7677892447,"2":1.7186396122,"3":1.68663311,"4":1.6507174969,"5":1.6171972752,"6":1.5949448347,"7":1.5537847281,"8":1.5242010355,"9":1.5025184155,"10":1.4730679989,"11":1.4484000206,"12":1.4371054173,"13":1.4169541597,"14":1.3975355625,"15":1.3799425364,"16":1.361805439,"17":1.3501689434,"18":1.3398109674,"19":1.3267449141,"20":1.3119647503,"21":1.3053867817,"22":1.2954063416,"23":1.2862327099,"24":1.2774986029,"25":1.2706648111,"26":1.2593699694,"27":1.2521589994,"28":1.2451012135,"29":1.2351908684,"30":1.2259377241,"31":1.2225739956,"32":1.2187269926,"33":1.2089436054,"34":1.202529788,"35":1.1962032318,"36":1.1918746233,"37":1.1899170876,"38":1.1859443188,"39":1.1817753315,"40":1.1742709875,"41":1.170118928,"42":1.1685072184,"43":1.1666961908,"44":1.1603250504,"45":1.1571475267,"46":1.1536943913,"47":1.1510386467,"48":1.1494501829,"49":1.1447355747},"val_recall":{"0":0.0079051387,"1":0.0079051387,"2":0.0118577071,"3":0.0079051387,"4":0.0079051387,"5":0.0197628457,"6":0.0276679844,"7":0.0474308282,"8":0.0711462423,"9":0.0711462423,"10":0.0750988126,"11":0.0948616564,"12":0.0988142267,"13":0.1027667969,"14":0.1264822185,"15":0.1304347813,"16":0.1541502029,"17":0.169960469,"18":0.1778656095,"19":0.18577075,"20":0.2015810311,"21":0.2055335939,"22":0.2015810311,"23":0.2213438749,"24":0.2332015783,"25":0.237154156,"26":0.237154156,"27":0.252964437,"28":0.2332015783,"29":0.2569169998,"30":0.2569169998,"31":0.2648221254,"32":0.2569169998,"33":0.2766798437,"34":0.2806324065,"35":0.2885375619,"36":0.2845849693,"37":0.3003952503,"38":0.3122529685,"39":0.3003952503,"40":0.2924901247,"41":0.3083004057,"42":0.3241106868,"43":0.3320158124,"44":0.3241106868,"45":0.3320158124,"46":0.3201580942,"47":0.339920938,"48":0.3359683752,"49":0.3359683752}}