{"loss":{"0":13.0143718719,"1":2.1889505386,"2":2.1872577667,"3":2.1646375656,"4":2.1580703259,"5":2.1919240952,"6":2.1576890945,"7":2.1633627415,"8":2.1588523388,"9":2.1592953205,"10":2.1613662243,"11":2.1565635204,"12":2.1586105824,"13":2.1622548103,"14":2.159717083,"15":2.160353899,"16":2.1581318378,"17":2.1573858261,"18":2.1605017185,"19":2.1606283188,"20":2.1572592258,"21":2.1579897404,"22":2.1540033817,"23":2.1570334435,"24":2.1556918621,"25":2.1591527462,"26":2.1573648453,"27":2.1548881531,"28":2.1580479145,"29":2.1575908661,"30":2.1543903351,"31":2.1587724686,"32":2.1561136246,"33":2.1561841965,"34":2.1561648846,"35":2.1550841331,"36":2.158053875,"37":2.1561317444,"38":2.1555857658,"39":2.1567027569,"40":2.1561737061,"41":2.155226469,"42":2.1567194462,"43":2.1561932564,"44":2.1559894085,"45":2.1557145119,"46":2.1572706699,"47":2.1558327675,"48":2.1548380852,"49":2.1570293903},"recall":{"0":0.0369056053,"1":0.0007097232,"2":0.0014194464,"3":0.0,"4":0.0,"5":0.0,"6":0.0,"7":0.0,"8":0.0,"9":0.0,"10":0.0,"11":0.0,"12":0.0,"13":0.0,"14":0.0,"15":0.0,"16":0.0,"17":0.0,"18":0.0,"19":0.0,"20":0.0,"21":0.0,"22":0.0,"23":0.0,"24":0.0,"25":0.0,"26":0.0,"27":0.0,"28":0.0,"29":0.0,"30":0.0,"31":0.0,"32":0.0,"33":0.0,"34":0.0,"35":0.0,"36":0.0,"37":0.0,"38":0.0,"39":0.0,"40":0.0,"41":0.0,"42":0.0,"43":0.0,"44":0.0,"45":0.0,"46":0.0,"47":0.0,"48":0.0,"49":0.0},"val_loss":{"0":2.0462267399,"1":1.9284774065,"2":1.9495801926,"3":1.9525403976,"4":1.9564548731,"5":1.941894412,"6":1.9417241812,"7":1.9655468464,"8":1.9501686096,"9":1.9493750334,"10":1.9519779682,"11":1.9464752674,"12":1.9430711269,"13":1.9602814913,"14":1.9518402815,"15":1.9584701061,"16":1.949172616,"17":1.9489398003,"18":1.9446259737,"19":1.9400668144,"20":1.9462492466,"21":1.949447155,"22":1.9395843744,"23":1.9488316774,"24":1.9433020353,"25":1.9494283199,"26":1.951910615,"27":1.9438711405,"28":1.9448128939,"29":1.9424115419,"30":1.9440685511,"31":1.9456101656,"32":1.9522184134,"33":1.9464011192,"34":1.9413546324,"35":1.9443227053,"36":1.9451713562,"37":1.9462145567,"38":1.9468891621,"39":1.9473398924,"40":1.9440619946,"41":1.94605124,"42":1.9452410936,"43":1.950322032,"44":1.9446851015,"45":1.9421195984,"46":1.9502415657,"47":1.9478648901,"48":1.9502840042,"49":1.9471894503},"val_recall":{"0":0.0,"1":0.0,"2":0.0,"3":0.0,"4":0.0,"5":0.0,"6":0.0,"7":0.0,"8":0.0,"9":0.0,"10":0.0,"11":0.0,"12":0.0,"13":0.0,"14":0.0,"15":0.0,"16":0.0,"17":0.0,"18":0.0,"19":0.0,"20":0.0,"21":0.0,"22":0.0,"23":0.0,"24":0.0,"25":0.0,"26":0.0,"27":0.0,"28":0.0,"29":0.0,"30":0.0,"31":0.0,"32":0.0,"33":0.0,"34":0.0,"35":0.0,"36":0.0,"37":0.0,"38":0.0,"39":0.0,"40":0.0,"41":0.0,"42":0.0,"43":0.0,"44":0.0,"45":0.0,"46":0.0,"47":0.0,"48":0.0,"49":0.0}}