{"loss":{"0":2.7495956421,"1":2.3794608116,"2":2.2366855145,"3":2.1323461533,"4":2.0290794373,"5":1.9563602209,"6":1.8984960318,"7":1.8291192055,"8":1.7877948284,"9":1.7514525652,"10":1.7098875046,"11":1.7038497925,"12":1.6511009932,"13":1.6307687759,"14":1.56942904,"15":1.5482572317,"16":1.5123969316,"17":1.5198744535,"18":1.4907314777,"19":1.472665906,"20":1.4518575668,"21":1.441388607,"22":1.4246897697,"23":1.3990414143,"24":1.3416870832,"25":1.3475750685,"26":1.3344765902,"27":1.3435165882,"28":1.3175048828,"29":1.3258223534,"30":1.2922927141,"31":1.2553693056,"32":1.2595961094,"33":1.2584466934,"34":1.213331461,"35":1.2438813448,"36":1.2470905781,"37":1.2148571014,"38":1.1918939352,"39":1.2025345564,"40":1.170157671,"41":1.1844995022,"42":1.1376031637,"43":1.150728941,"44":1.1324310303,"45":1.1427695751,"46":1.1407566071,"47":1.1156256199,"48":1.1039696932,"49":1.0879920721},"recall":{"0":0.0475514531,"1":0.0369056053,"2":0.037615329,"3":0.0411639474,"4":0.0489709005,"5":0.0468417332,"6":0.0638750866,"7":0.0780695528,"8":0.0958126336,"9":0.1085876524,"10":0.1071682051,"11":0.1171043292,"12":0.1178140491,"13":0.1447835416,"14":0.1589780003,"15":0.1660752296,"16":0.1710432917,"17":0.1880766451,"18":0.2001419514,"19":0.2079488933,"20":0.2072391808,"21":0.2164655775,"22":0.2228530943,"23":0.2370475531,"24":0.2555003464,"25":0.258339256,"26":0.2576295137,"27":0.2775017619,"28":0.2469836771,"29":0.2654364705,"30":0.2902767956,"31":0.2909865081,"32":0.308729589,"33":0.2966642976,"34":0.330021292,"35":0.325053215,"36":0.3002129197,"37":0.3080198765,"38":0.3215046227,"39":0.3172462881,"40":0.346344918,"41":0.3385379612,"42":0.367636621,"43":0.3718949556,"44":0.3633782864,"45":0.3555713296,"46":0.3555713296,"47":0.3917672038,"48":0.383960247,"49":0.3882185817},"val_loss":{"0":1.9288324118,"1":1.8424004316,"2":1.8087693453,"3":1.7659974098,"4":1.7449582815,"5":1.7000722885,"6":1.6536051035,"7":1.6343743801,"8":1.6068426371,"9":1.5687274933,"10":1.5474678278,"11":1.5355995893,"12":1.4985154867,"13":1.487455368,"14":1.4721192122,"15":1.4615383148,"16":1.4432106018,"17":1.4181357622,"18":1.4123015404,"19":1.4037309885,"20":1.38529706,"21":1.3767966032,"22":1.3671102524,"23":1.3568388224,"24":1.3448833227,"25":1.3376801014,"26":1.3342988491,"27":1.3284190893,"28":1.3186662197,"29":1.3179574013,"30":1.3045072556,"31":1.3005162477,"32":1.2914592028,"33":1.283457756,"34":1.2784309387,"35":1.281561017,"36":1.2767022848,"37":1.267717123,"38":1.2592394352,"39":1.261448741,"40":1.2513086796,"41":1.2477352619,"42":1.2424274683,"43":1.2464258671,"44":1.235424161,"45":1.2293329239,"46":1.22671175,"47":1.2249107361,"48":1.2187560797,"49":1.2155855894},"val_recall":{"0":0.0,"1":0.0,"2":0.0,"3":0.0,"4":0.0,"5":0.0039525693,"6":0.0079051387,"7":0.0197628457,"8":0.0395256914,"9":0.0513833985,"10":0.0632411093,"11":0.0750988126,"12":0.0830039531,"13":0.0830039531,"14":0.1264822185,"15":0.1027667969,"16":0.1106719375,"17":0.1264822185,"18":0.1383399218,"19":0.134387359,"20":0.1383399218,"21":0.1422924846,"22":0.1581027657,"23":0.1541502029,"24":0.1581027657,"25":0.1660079062,"26":0.1778656095,"27":0.169960469,"28":0.1818181872,"29":0.18577075,"30":0.1936758906,"31":0.1818181872,"32":0.1936758906,"33":0.2015810311,"34":0.2055335939,"35":0.1976284534,"36":0.2134387344,"37":0.2055335939,"38":0.2213438749,"39":0.237154156,"40":0.2213438749,"41":0.2134387344,"42":0.2332015783,"43":0.2332015783,"44":0.2490118593,"45":0.2648221254,"46":0.237154156,"47":0.2292490155,"48":0.2490118593,"49":0.2332015783}}