{"loss":{"0":1.9633696079,"1":1.3178157806,"2":1.0974087715,"3":0.9007747769,"4":0.7736803293,"5":0.6747099757,"6":0.5657173991,"7":0.5142734647,"8":0.3868172169,"9":0.3101601601,"10":0.2312310189,"11":0.1993862838,"12":0.2419336736,"13":0.2133312821,"14":0.1610166132,"15":0.1290420145,"16":0.1438772678,"17":0.1134959683,"18":0.168431133,"19":0.1085600555,"20":0.1179237664,"21":0.1118608043,"22":0.1131022796,"23":0.1066712588,"24":0.1037942022,"25":0.1227523237,"26":0.0791505724,"27":0.2247257531,"28":0.1313844472,"29":0.0883148164,"30":0.0725661889,"31":0.0842698365,"32":0.073604472,"33":0.0704542026,"34":0.1274352223,"35":0.0723558143,"36":0.0629717782,"37":0.0602680631,"38":0.064531967,"39":0.078909792,"40":0.0582722053,"41":0.1090327874,"42":0.0782756805,"43":0.0941379443,"44":0.0697354451,"45":0.0782076046,"46":0.0904460102,"47":0.0426165164,"48":0.0456148088,"49":0.0478894338},"recall":{"0":0.1050390378,"1":0.2959545851,"2":0.4024130702,"3":0.5195173621,"4":0.5826827288,"5":0.6330730915,"6":0.7139815688,"7":0.7345635295,"8":0.8147622347,"9":0.8566359282,"10":0.9027678967,"11":0.9077360034,"12":0.9098651409,"13":0.9190915823,"14":0.9318665862,"15":0.9517388344,"16":0.9403832555,"17":0.9531582594,"18":0.9318665862,"19":0.954577744,"20":0.9524485469,"21":0.9552874565,"22":0.9595457911,"23":0.9531582594,"24":0.9524485469,"25":0.9453513026,"26":0.9659332633,"27":0.9198012948,"28":0.9481902122,"29":0.9616749287,"30":0.9659332633,"31":0.9659332633,"32":0.9652235508,"33":0.9666430354,"34":0.9446415901,"35":0.9645138383,"36":0.97090137,"37":0.9723207951,"38":0.9737402201,"39":0.9638041258,"40":0.9687721729,"41":0.9659332633,"42":0.9630944133,"43":0.9645138383,"44":0.9701915979,"45":0.9694818854,"46":0.9609652162,"47":0.9808374643,"48":0.9765791297,"49":0.9758694172},"val_loss":{"0":1.5839812756,"1":1.2392114401,"2":1.2529299259,"3":1.2252337933,"4":1.3514481783,"5":1.4953130484,"6":2.2133030891,"7":1.6661735773,"8":1.6023797989,"9":1.9372481108,"10":2.3376317024,"11":2.1723649502,"12":2.1454122066,"13":2.2374267578,"14":2.1000242233,"15":2.2284116745,"16":2.2127981186,"17":2.4549782276,"18":2.4850535393,"19":2.7566504478,"20":2.5451231003,"21":2.3154330254,"22":2.0612175465,"23":2.5801939964,"24":2.614382267,"25":2.4095773697,"26":2.3558804989,"27":2.0220215321,"28":2.2784605026,"29":2.7892222404,"30":2.5775728226,"31":2.8113017082,"32":2.634837389,"33":2.5440058708,"34":2.4563179016,"35":2.7680239677,"36":2.623013258,"37":2.7942605019,"38":2.9738535881,"39":2.7208919525,"40":2.8449804783,"41":2.6537761688,"42":2.8191637993,"43":2.6438996792,"44":2.7681047916,"45":2.479300499,"46":2.397439003,"47":2.5500638485,"48":2.5823123455,"49":2.7663595676},"val_recall":{"0":0.1106719375,"1":0.2964426875,"2":0.3833992183,"3":0.3952569067,"4":0.4505928755,"5":0.4901185632,"6":0.4466403127,"7":0.4426877499,"8":0.4743083119,"9":0.5019763112,"10":0.4901185632,"11":0.4940711558,"12":0.5335968137,"13":0.5138339996,"14":0.5296442509,"15":0.5533596873,"16":0.5573122501,"17":0.5731225014,"18":0.5533596873,"19":0.5652173758,"20":0.5375494361,"21":0.6007905006,"22":0.592885375,"23":0.5375494361,"24":0.5177865624,"25":0.5573122501,"26":0.5494071245,"27":0.5138339996,"28":0.4980237186,"29":0.5177865624,"30":0.5098814368,"31":0.4980237186,"32":0.5256916881,"33":0.5533596873,"34":0.5177865624,"35":0.5098814368,"36":0.5335968137,"37":0.5019763112,"38":0.5138339996,"39":0.5296442509,"40":0.5098814368,"41":0.4861660004,"42":0.5138339996,"43":0.5335968137,"44":0.5217391253,"45":0.505928874,"46":0.505928874,"47":0.5177865624,"48":0.5138339996,"49":0.5217391253}}