{"loss":{"0":2.3776259422,"1":1.958058238,"2":1.6801062822,"3":1.5027893782,"4":1.4079005718,"5":1.3304437399,"6":1.2630316019,"7":1.1638864279,"8":1.1254421473,"9":1.091296196,"10":1.0069206953,"11":0.9800667763,"12":0.9317349792,"13":0.9176078439,"14":0.836861968,"15":0.8152536154,"16":0.7901548147,"17":0.776530683,"18":0.7525424361,"19":0.7268682122,"20":0.6721767783,"21":0.6663669348,"22":0.6655775905,"23":0.6279487014,"24":0.5630378127,"25":0.5697079301,"26":0.543380022,"27":0.5144456029,"28":0.5094044209,"29":0.5062626004,"30":0.4868883491,"31":0.4356691241,"32":0.4213038087,"33":0.4069116414,"34":0.3997093141,"35":0.3932754695,"36":0.3630096316,"37":0.3767866194,"38":0.3430314362,"39":0.367323786,"40":0.328823328,"41":0.319768697,"42":0.2898323536,"43":0.2992821932,"44":0.2570535541,"45":0.232629478,"46":0.2581132352,"47":0.2830626965,"48":0.2794879377,"49":0.2626076639},"recall":{"0":0.0127750179,"1":0.0461320095,"2":0.1007806957,"3":0.1887863725,"4":0.2398864478,"5":0.2675656378,"6":0.3129879236,"7":0.3584102094,"8":0.3683463335,"9":0.4208658636,"10":0.4393186569,"11":0.4627395272,"12":0.4975159764,"13":0.5031937361,"14":0.5486160517,"15":0.5606813431,"16":0.5869410634,"17":0.5940383077,"18":0.5855216384,"19":0.6068133712,"20":0.6380411386,"21":0.6493967175,"22":0.6543648243,"23":0.661462009,"24":0.7146912813,"25":0.7040454149,"26":0.7210787535,"27":0.7416607738,"28":0.7480482459,"29":0.7466288209,"30":0.7629524469,"31":0.7934705615,"32":0.7991483212,"33":0.8012775183,"34":0.8140525222,"35":0.8062455654,"36":0.8325053453,"37":0.821859479,"38":0.8481192589,"39":0.8140525222,"40":0.8459900618,"41":0.8516678214,"42":0.8665720224,"43":0.8608942628,"44":0.8814762235,"45":0.9034776688,"46":0.8850248456,"47":0.8743789792,"48":0.8779276013,"49":0.8928318024},"val_loss":{"0":1.7809735537,"1":1.6162272692,"2":1.4836201668,"3":1.4003121853,"4":1.3504152298,"5":1.3061872721,"6":1.2776060104,"7":1.2395561934,"8":1.2598644495,"9":1.1943929195,"10":1.1911660433,"11":1.1860970259,"12":1.1579174995,"13":1.1533790827,"14":1.1573786736,"15":1.1455208063,"16":1.1515657902,"17":1.1315091848,"18":1.1231108904,"19":1.1079155207,"20":1.1591063738,"21":1.1481106281,"22":1.1569857597,"23":1.1651856899,"24":1.1818434,"25":1.1932097673,"26":1.177744627,"27":1.1976480484,"28":1.1808031797,"29":1.2067247629,"30":1.2559015751,"31":1.2218873501,"32":1.2609306574,"33":1.2681721449,"34":1.2770467997,"35":1.2963348627,"36":1.3621248007,"37":1.4021754265,"38":1.3764356375,"39":1.4228770733,"40":1.3849409819,"41":1.4864586592,"42":1.4791151285,"43":1.4720628262,"44":1.5213854313,"45":1.5884078741,"46":1.5250185728,"47":1.5292760134,"48":1.5502467155,"49":1.6168837547},"val_recall":{"0":0.0,"1":0.0158102773,"2":0.1146245077,"3":0.1976284534,"4":0.2015810311,"5":0.1976284534,"6":0.2213438749,"7":0.3043478131,"8":0.3241106868,"9":0.3241106868,"10":0.3478260934,"11":0.3636363745,"12":0.3913043439,"13":0.3833992183,"14":0.3952569067,"15":0.4031620622,"16":0.4031620622,"17":0.4308300316,"18":0.4466403127,"19":0.4426877499,"20":0.3952569067,"21":0.4664031565,"22":0.4387351871,"23":0.4426877499,"24":0.4268774688,"25":0.4426877499,"26":0.4387351871,"27":0.4505928755,"28":0.4861660004,"29":0.4861660004,"30":0.4822134376,"31":0.4782608747,"32":0.4743083119,"33":0.4940711558,"34":0.5019763112,"35":0.5019763112,"36":0.4980237186,"37":0.5177865624,"38":0.5098814368,"39":0.4901185632,"40":0.5138339996,"41":0.4940711558,"42":0.505928874,"43":0.5296442509,"44":0.5098814368,"45":0.505928874,"46":0.5256916881,"47":0.5296442509,"48":0.5256916881,"49":0.5217391253}}