{"loss":{"0":2.8197712898,"1":2.5915148258,"2":2.4221942425,"3":2.3071219921,"4":2.218439579,"5":2.1372315884,"6":2.0962505341,"7":2.01897645,"8":2.0307297707,"9":1.9587883949,"10":1.9569158554,"11":1.88471663,"12":1.8412321806,"13":1.8533201218,"14":1.8119337559,"15":1.7674145699,"16":1.7639763355,"17":1.7251962423,"18":1.7135294676,"19":1.6679993868,"20":1.6597412825,"21":1.6439826488,"22":1.6194863319,"23":1.6369541883,"24":1.6060521603,"25":1.5887176991,"26":1.5909235477,"27":1.5265269279,"28":1.5512412786,"29":1.4908769131,"30":1.5163673162,"31":1.4927998781,"32":1.4542185068,"33":1.4874941111,"34":1.4653657675,"35":1.43915236,"36":1.4348078966,"37":1.4535797834,"38":1.4333714247,"39":1.4338585138,"40":1.4083887339,"41":1.398717761,"42":1.3970266581,"43":1.3675795794,"44":1.3321231604,"45":1.3510899544,"46":1.3499437571,"47":1.3508033752,"48":1.3128466606,"49":1.3359563351},"recall":{"0":0.0369056053,"1":0.0425833911,"2":0.0234208666,"3":0.0312278215,"4":0.0369056053,"5":0.037615329,"6":0.0447125621,"7":0.0354861617,"8":0.0369056053,"9":0.0511000715,"10":0.0454222858,"11":0.0553584099,"12":0.062455643,"13":0.0589070246,"14":0.0560681336,"15":0.0837473422,"16":0.0872959569,"17":0.0929737389,"18":0.102909863,"19":0.1071682051,"20":0.1163946092,"21":0.1185237765,"22":0.1249112859,"23":0.1298793405,"24":0.1383960247,"25":0.1426543593,"26":0.1575585455,"27":0.1575585455,"28":0.1504613161,"29":0.1632363349,"30":0.178140521,"31":0.1831085831,"32":0.1852377504,"33":0.1894960999,"34":0.2136266828,"35":0.1887863725,"36":0.2093683481,"37":0.1958836019,"38":0.2079488933,"39":0.2129169554,"40":0.2221433669,"41":0.2214336395,"42":0.2264017016,"43":0.2391767204,"44":0.2611781359,"45":0.2413058877,"46":0.2476934046,"47":0.2476934046,"48":0.2661462128,"49":0.2604684234},"val_loss":{"0":1.9519833326,"1":1.8696068525,"2":1.8317686319,"3":1.7948104143,"4":1.7808330059,"5":1.7542251348,"6":1.7273945808,"7":1.7068872452,"8":1.6915687323,"9":1.6621490717,"10":1.6588379145,"11":1.6353451014,"12":1.6196695566,"13":1.6109437943,"14":1.6074271202,"15":1.5795478821,"16":1.5652340651,"17":1.5510469675,"18":1.5433946848,"19":1.5399591923,"20":1.5255317688,"21":1.5142854452,"22":1.4980370998,"23":1.4879407883,"24":1.4840615988,"25":1.4708167315,"26":1.4616359472,"27":1.4550019503,"28":1.4439176321,"29":1.4374216795,"30":1.4250241518,"31":1.4166102409,"32":1.4078993797,"33":1.3993749619,"34":1.3918433189,"35":1.3856247663,"36":1.3836852312,"37":1.383130312,"38":1.3742126226,"39":1.3672282696,"40":1.3672306538,"41":1.3586624861,"42":1.353982091,"43":1.3491489887,"44":1.3422714472,"45":1.3433053493,"46":1.3377039433,"47":1.3351351023,"48":1.3279513121,"49":1.323584199},"val_recall":{"0":0.0,"1":0.0,"2":0.0,"3":0.0,"4":0.0,"5":0.0,"6":0.0039525693,"7":0.0,"8":0.0,"9":0.0039525693,"10":0.0,"11":0.0039525693,"12":0.0039525693,"13":0.0039525693,"14":0.0118577071,"15":0.0158102773,"16":0.0118577071,"17":0.0118577071,"18":0.0158102773,"19":0.0158102773,"20":0.0237154141,"21":0.0316205546,"22":0.0513833985,"23":0.059288539,"24":0.0513833985,"25":0.0750988126,"26":0.0671936795,"27":0.0869565234,"28":0.0790513828,"29":0.0830039531,"30":0.0909090936,"31":0.0948616564,"32":0.0909090936,"33":0.1027667969,"34":0.1027667969,"35":0.0988142267,"36":0.1067193672,"37":0.1027667969,"38":0.118577078,"39":0.1146245077,"40":0.1146245077,"41":0.1264822185,"42":0.1422924846,"43":0.1541502029,"44":0.1501976252,"45":0.1383399218,"46":0.1660079062,"47":0.1462450624,"48":0.1581027657,"49":0.1581027657}}