{"loss":{"0":2.2972164154,"1":1.7744728327,"2":1.6163705587,"3":1.4069573879,"4":1.3465305567,"5":1.2899866104,"6":1.245595932,"7":1.1690070629,"8":1.1959586143,"9":1.1698178053,"10":1.0692930222,"11":1.054191947,"12":1.0218286514,"13":0.9954226613,"14":0.9713981152,"15":0.9338928461,"16":0.9308072925,"17":0.8683128357,"18":0.8607606292,"19":0.8385053277,"20":0.838429749,"21":0.816988647,"22":0.8016418219,"23":0.8063827157,"24":0.7653210759,"25":0.7220281363,"26":0.7743683457,"27":0.7278535366,"28":0.7137117386,"29":0.7200912833,"30":0.678350687,"31":0.6436926126,"32":0.6493316293,"33":0.6215157509,"34":0.6439883113,"35":0.593972683,"36":0.5916802883,"37":0.6113802791,"38":0.5601469874,"39":0.5595126152,"40":0.6147021651,"41":0.5477374196,"42":0.5907517076,"43":0.5175859332,"44":0.5473561883,"45":0.5080765486,"46":0.4945518374,"47":0.4863064587,"48":0.4708620906,"49":0.5575547814},"recall":{"0":0.0603264719,"1":0.1178140491,"2":0.1490418762,"3":0.2370475531,"4":0.2732434273,"5":0.2845990062,"6":0.3278921247,"7":0.346344918,"8":0.346344918,"9":0.3498935401,"10":0.4017033279,"11":0.4080908298,"12":0.4336408675,"13":0.4357700348,"14":0.4606103599,"15":0.4847409427,"16":0.5024840236,"17":0.5244854689,"18":0.5337118506,"19":0.5344215631,"20":0.5393896103,"21":0.5500354767,"22":0.5542938113,"23":0.5500354767,"24":0.5848119259,"25":0.5968772173,"26":0.5954577923,"27":0.6103619337,"28":0.6053938866,"29":0.6195883751,"30":0.6437189579,"31":0.6678495407,"32":0.6621717811,"33":0.661462009,"34":0.6628814936,"35":0.6948190331,"36":0.691270411,"37":0.6735273004,"38":0.7090134621,"39":0.7090134621,"40":0.6884315014,"41":0.7026259899,"42":0.706174612,"43":0.7146912813,"44":0.7281759977,"45":0.7374024391,"46":0.736692667,"47":0.7537260652,"48":0.7430801988,"49":0.7388218641},"val_loss":{"0":1.6599472761,"1":1.5506584644,"2":1.4152643681,"3":1.3479650021,"4":1.3180359602,"5":1.3392062187,"6":1.2570333481,"7":1.2783308029,"8":1.3128290176,"9":1.2313287258,"10":1.2044267654,"11":1.1632095575,"12":1.2058627605,"13":1.1890331507,"14":1.1364717484,"15":1.1904201508,"16":1.1587145329,"17":1.1514078379,"18":1.1793469191,"19":1.1376638412,"20":1.14742136,"21":1.185732007,"22":1.1555889845,"23":1.1743173599,"24":1.1034337282,"25":1.1643100977,"26":1.1203374863,"27":1.1047183275,"28":1.1628118753,"29":1.1639879942,"30":1.1353521347,"31":1.1463298798,"32":1.1459182501,"33":1.1521971226,"34":1.1669671535,"35":1.1656888723,"36":1.255841136,"37":1.1405531168,"38":1.1717144251,"39":1.1732053757,"40":1.1232974529,"41":1.1727749109,"42":1.1666122675,"43":1.1884068251,"44":1.1987215281,"45":1.1988829374,"46":1.1891297102,"47":1.2254337072,"48":1.2027757168,"49":1.2033590078},"val_recall":{"0":0.0,"1":0.0118577071,"2":0.2173912972,"3":0.118577078,"4":0.1501976252,"5":0.1778656095,"6":0.1976284534,"7":0.1976284534,"8":0.2648221254,"9":0.1897233129,"10":0.3241106868,"11":0.3162055314,"12":0.2727272809,"13":0.2806324065,"14":0.3557312191,"15":0.2885375619,"16":0.3833992183,"17":0.3557312191,"18":0.3438735306,"19":0.3715415001,"20":0.3873517811,"21":0.3478260934,"22":0.3715415001,"23":0.3596837819,"24":0.407114625,"25":0.4387351871,"26":0.3715415001,"27":0.4031620622,"28":0.4268774688,"29":0.4664031565,"30":0.4308300316,"31":0.4545454681,"32":0.4347825944,"33":0.4584980309,"34":0.4466403127,"35":0.4466403127,"36":0.4308300316,"37":0.4387351871,"38":0.4466403127,"39":0.4387351871,"40":0.4387351871,"41":0.4861660004,"42":0.4426877499,"43":0.4624505937,"44":0.4703557193,"45":0.4624505937,"46":0.4703557193,"47":0.4664031565,"48":0.4980237186,"49":0.4545454681}}