{"loss":{"0":10.1614179611,"1":4.6878213882,"2":3.2327525616,"3":2.9932184219,"4":2.545582056,"5":2.2975170612,"6":2.1240928173,"7":2.0427217484,"8":1.9944936037,"9":1.9647268057,"10":1.891297698,"11":1.8195208311,"12":1.7953900099,"13":1.7436715364,"14":1.7600289583,"15":1.7156499624,"16":1.664070487,"17":1.6726801395,"18":1.6126694679,"19":1.6414980888,"20":1.6299476624,"21":1.6102334261,"22":1.5117909908,"23":1.5309689045,"24":1.5313634872,"25":1.5216573477,"26":1.4500191212,"27":1.4644637108,"28":1.4703718424,"29":1.4191468954,"30":1.4081604481,"31":1.3824445009,"32":1.3879317045,"33":1.2976135015,"34":1.3628716469,"35":1.356103301,"36":1.2633703947,"37":1.3239076138,"38":1.2793501616,"39":1.2439291477,"40":1.2330861092,"41":1.2038793564,"42":1.2504441738,"43":1.240020752,"44":1.2204887867,"45":1.218264699,"46":1.2067923546,"47":1.1703972816,"48":1.1569905281,"49":1.1906876564},"recall":{"0":0.1490418762,"1":0.1525904834,"2":0.1710432917,"3":0.1603974402,"4":0.1767210811,"5":0.1603974402,"6":0.1660752296,"7":0.1674946845,"8":0.1653655022,"9":0.1753016263,"10":0.161816895,"11":0.1710432917,"12":0.1930447072,"13":0.2114975154,"14":0.2136266828,"15":0.2129169554,"16":0.2207239121,"17":0.2129169554,"18":0.243435055,"19":0.2342086583,"20":0.238466993,"21":0.2413058877,"22":0.2675656378,"23":0.2675656378,"24":0.2562100887,"25":0.2682753801,"26":0.287437886,"27":0.2803406715,"28":0.3002129197,"29":0.2938254178,"30":0.2959545851,"31":0.3264726698,"32":0.3243435025,"33":0.3328601718,"34":0.3215046227,"35":0.3151170909,"36":0.3435060382,"37":0.346344918,"38":0.3484740853,"39":0.3640879989,"40":0.3789921999,"41":0.3711852431,"42":0.3875088692,"43":0.3910574913,"44":0.3875088692,"45":0.3768630326,"46":0.3896380365,"47":0.4017033279,"48":0.4073811173,"49":0.4031227827},"val_loss":{"0":2.6000392437,"1":1.8633093834,"2":1.7964336872,"3":1.7165672779,"4":1.643591404,"5":1.6519577503,"6":1.6480214596,"7":1.6308066845,"8":1.6030064821,"9":1.6429374218,"10":1.6054112911,"11":1.616424799,"12":1.5626775026,"13":1.561181426,"14":1.5423053503,"15":1.5574393272,"16":1.5378986597,"17":1.5224778652,"18":1.5171332359,"19":1.4926012754,"20":1.4995746613,"21":1.4983325005,"22":1.4737514257,"23":1.4730392694,"24":1.4823428392,"25":1.4320726395,"26":1.4501481056,"27":1.4300063848,"28":1.4063870907,"29":1.3987398148,"30":1.4014103413,"31":1.3888494968,"32":1.395331502,"33":1.3890600204,"34":1.3792907,"35":1.3912425041,"36":1.3760722876,"37":1.3840192556,"38":1.3520678282,"39":1.3467904329,"40":1.3256196976,"41":1.3134890795,"42":1.3622758389,"43":1.3311123848,"44":1.3300350904,"45":1.3106335402,"46":1.3123064041,"47":1.3068776131,"48":1.3085484505,"49":1.32510221},"val_recall":{"0":0.2252964377,"1":0.0869565234,"2":0.0553359687,"3":0.0869565234,"4":0.0671936795,"5":0.0632411093,"6":0.0750988126,"7":0.0948616564,"8":0.0948616564,"9":0.0513833985,"10":0.0830039531,"11":0.0869565234,"12":0.0988142267,"13":0.1225296408,"14":0.0909090936,"15":0.0869565234,"16":0.0948616564,"17":0.1106719375,"18":0.1225296408,"19":0.118577078,"20":0.0988142267,"21":0.118577078,"22":0.118577078,"23":0.1264822185,"24":0.0948616564,"25":0.1383399218,"26":0.1422924846,"27":0.1541502029,"28":0.1422924846,"29":0.1264822185,"30":0.1462450624,"31":0.1818181872,"32":0.1620553434,"33":0.1620553434,"34":0.1936758906,"35":0.1739130467,"36":0.2094861716,"37":0.169960469,"38":0.252964437,"39":0.2055335939,"40":0.237154156,"41":0.237154156,"42":0.18577075,"43":0.2055335939,"44":0.2292490155,"45":0.252964437,"46":0.2608695626,"47":0.2332015783,"48":0.252964437,"49":0.252964437}}