{"loss":{"0":1.9675002098,"1":1.3718056679,"2":1.1243146658,"3":0.9450864792,"4":0.8324133754,"5":0.6971259117,"6":0.6434951425,"7":0.548453927,"8":0.4739842117,"9":0.3697840273,"10":0.349756211,"11":0.2787557244,"12":0.2374172211,"13":0.229816854,"14":0.163738355,"15":0.1582305729,"16":0.1492702067,"17":0.1957339644,"18":0.1394465268,"19":0.1937157512,"20":0.2725463212,"21":0.1148698628,"22":0.1089539602,"23":0.0993538722,"24":0.0801923573,"25":0.1231946126,"26":0.1117129624,"27":0.105166316,"28":0.0934902206,"29":0.0847160146,"30":0.1211445183,"31":0.1305330843,"32":0.1389604062,"33":0.0682072043,"34":0.0514091514,"35":0.0629889816,"36":0.05628879,"37":0.0534504503,"38":0.0733266547,"39":0.0839061886,"40":0.0507298224,"41":0.0855568498,"42":0.0615870953,"43":0.0528852232,"44":0.084612906,"45":0.0520291738,"46":0.0476489514,"47":0.1042655185,"48":0.1043314114,"49":0.0573928393},"recall":{"0":0.1100070998,"1":0.2633073032,"2":0.3860894144,"3":0.4826117754,"4":0.5677785873,"5":0.6288147569,"6":0.6671398282,"7":0.7303051949,"8":0.7572746873,"9":0.8211497664,"10":0.8410220146,"11":0.880766511,"12":0.8992193341,"13":0.9056068063,"14":0.9276082516,"15":0.9347054362,"16":0.9403832555,"17":0.9318665862,"18":0.941092968,"19":0.9190915823,"20":0.8963804245,"21":0.9517388344,"22":0.9567068815,"23":0.9588360786,"24":0.9716110826,"25":0.9517388344,"26":0.9517388344,"27":0.955997169,"28":0.9659332633,"29":0.9687721729,"30":0.9517388344,"31":0.9531582594,"32":0.9524485469,"33":0.9716110826,"34":0.9787083268,"35":0.9716110826,"36":0.9744499922,"37":0.9751597047,"38":0.97090137,"39":0.9673527479,"40":0.9737402201,"41":0.9638041258,"42":0.9737402201,"43":0.9758694172,"44":0.9638041258,"45":0.9737402201,"46":0.9737402201,"47":0.957416594,"48":0.9531582594,"49":0.9765791297},"val_loss":{"0":1.4022780657,"1":1.2712622881,"2":1.3467258215,"3":1.1978785992,"4":1.2161649466,"5":1.3019022942,"6":1.3792797327,"7":1.3898818493,"8":1.5343403816,"9":1.7260432243,"10":1.8362214565,"11":1.8373543024,"12":1.9252634048,"13":1.886747241,"14":2.095156908,"15":2.1193828583,"16":2.5007600784,"17":2.2120530605,"18":2.3181855679,"19":2.41680336,"20":2.0561497211,"21":2.3821539879,"22":2.4150927067,"23":2.4326579571,"24":2.5217163563,"25":2.3783688545,"26":2.7429013252,"27":2.6569130421,"28":2.4930841923,"29":2.5111815929,"30":2.6386063099,"31":2.3324685097,"32":2.4478127956,"33":2.8054571152,"34":2.8677277565,"35":2.8835599422,"36":2.8911509514,"37":3.096000433,"38":2.758420229,"39":2.7451059818,"40":2.90062356,"41":2.8652999401,"42":2.7805118561,"43":2.994202137,"44":2.59045434,"45":2.7858371735,"46":2.7269322872,"47":2.9499564171,"48":2.5824534893,"49":2.7585260868},"val_recall":{"0":0.2094861716,"1":0.2608695626,"2":0.2648221254,"3":0.3913043439,"4":0.3992094994,"5":0.4505928755,"6":0.4150197506,"7":0.4545454681,"8":0.4782608747,"9":0.4664031565,"10":0.4664031565,"11":0.5533596873,"12":0.5375494361,"13":0.5652173758,"14":0.505928874,"15":0.5612648129,"16":0.5296442509,"17":0.505928874,"18":0.5652173758,"19":0.5533596873,"20":0.5454545617,"21":0.5652173758,"22":0.5533596873,"23":0.5731225014,"24":0.5652173758,"25":0.5454545617,"26":0.5533596873,"27":0.5731225014,"28":0.5691699386,"29":0.5494071245,"30":0.5691699386,"31":0.5652173758,"32":0.5533596873,"33":0.5810276866,"34":0.5573122501,"35":0.5533596873,"36":0.5612648129,"37":0.5415019989,"38":0.5573122501,"39":0.5612648129,"40":0.5691699386,"41":0.5810276866,"42":0.5454545617,"43":0.5415019989,"44":0.5691699386,"45":0.5612648129,"46":0.5731225014,"47":0.5217391253,"48":0.5889328122,"49":0.592885375}}