{"loss":{"0":2.2549738884,"1":1.7231128216,"2":1.4653607607,"3":1.3023469448,"4":1.1811347008,"5":1.1105605364,"6":1.0372672081,"7":0.9605787992,"8":0.9123715162,"9":0.8417223692,"10":0.7754771113,"11":0.7459823489,"12":0.6875935793,"13":0.6475632191,"14":0.576253593,"15":0.5841949582,"16":0.5245252848,"17":0.5079447627,"18":0.4364635348,"19":0.4271896482,"20":0.4171903729,"21":0.3726690412,"22":0.3768386841,"23":0.3566723764,"24":0.3053226173,"25":0.3005732298,"26":0.2841177881,"27":0.262783587,"28":0.2309818566,"29":0.2212757021,"30":0.2205786258,"31":0.1955191046,"32":0.2068218887,"33":0.160814181,"34":0.1624927372,"35":0.1716917455,"36":0.1422197819,"37":0.1476258934,"38":0.1752275229,"39":0.1604717225,"40":0.1149448454,"41":0.1317060739,"42":0.1230784953,"43":0.1420358419,"44":0.1269280463,"45":0.1151140779,"46":0.1202309877,"47":0.1013106778,"48":0.1063250825,"49":0.0956005678},"recall":{"0":0.0276792049,"1":0.1000709757,"2":0.2157558501,"3":0.2888573408,"4":0.3435060382,"5":0.4031227827,"6":0.4166075289,"7":0.4719659388,"8":0.4960965216,"9":0.5386798978,"10":0.5691980124,"11":0.6004258394,"12":0.6366217136,"13":0.6557842493,"14":0.7083037496,"15":0.7083037496,"16":0.7331440449,"17":0.7487579584,"18":0.7863733172,"19":0.8105039001,"20":0.809084475,"21":0.8176011443,"22":0.8204400539,"23":0.8254081011,"24":0.8665720224,"25":0.8786373138,"26":0.8836054206,"27":0.8857345581,"28":0.9027678967,"29":0.9063165188,"30":0.9098651409,"31":0.9176720977,"32":0.9141234756,"33":0.9368346334,"34":0.9332860112,"35":0.9304471016,"36":0.9467707872,"37":0.9481902122,"38":0.9283179641,"39":0.9418026805,"40":0.9510291219,"41":0.9460610151,"42":0.9524485469,"43":0.9368346334,"44":0.9432221651,"45":0.954577744,"46":0.9517388344,"47":0.9552874565,"48":0.957416594,"49":0.9652235508},"val_loss":{"0":1.6408568621,"1":1.5170279741,"2":1.3518346548,"3":1.2811809778,"4":1.237699151,"5":1.2061448097,"6":1.1688702106,"7":1.1781750917,"8":1.1394040585,"9":1.1197433472,"10":1.1266385317,"11":1.1123102903,"12":1.1469011307,"13":1.1555838585,"14":1.1572121382,"15":1.2123346329,"16":1.2028896809,"17":1.2326716185,"18":1.301063776,"19":1.336545825,"20":1.3620257378,"21":1.4487191439,"22":1.3729308844,"23":1.4597581625,"24":1.5395209789,"25":1.5176997185,"26":1.6033506393,"27":1.6727768183,"28":1.7288861275,"29":1.7436493635,"30":1.7664210796,"31":1.9098739624,"32":1.8514180183,"33":1.9492430687,"34":1.9083433151,"35":2.0813531876,"36":2.1029002666,"37":2.1047277451,"38":2.0323078632,"39":2.0556790829,"40":2.1467058659,"41":2.1662106514,"42":2.1518790722,"43":2.0992424488,"44":2.1768362522,"45":2.3537690639,"46":2.2510261536,"47":2.3160061836,"48":2.339266777,"49":2.4119522572},"val_recall":{"0":0.0197628457,"1":0.1422924846,"2":0.1660079062,"3":0.2924901247,"4":0.2648221254,"5":0.3478260934,"6":0.3794466257,"7":0.3833992183,"8":0.3557312191,"9":0.4031620622,"10":0.4664031565,"11":0.4189723432,"12":0.4545454681,"13":0.4980237186,"14":0.4980237186,"15":0.4624505937,"16":0.4664031565,"17":0.4901185632,"18":0.505928874,"19":0.4743083119,"20":0.5177865624,"21":0.5138339996,"22":0.5573122501,"23":0.5533596873,"24":0.5177865624,"25":0.5494071245,"26":0.5256916881,"27":0.5573122501,"28":0.5731225014,"29":0.5612648129,"30":0.5612648129,"31":0.5375494361,"32":0.5770751238,"33":0.5612648129,"34":0.5612648129,"35":0.5652173758,"36":0.5849802494,"37":0.5849802494,"38":0.5731225014,"39":0.592885375,"40":0.5849802494,"41":0.5573122501,"42":0.5770751238,"43":0.5810276866,"44":0.5731225014,"45":0.5652173758,"46":0.5731225014,"47":0.5849802494,"48":0.5889328122,"49":0.5810276866}}