{"loss":{"0":9.196480751,"1":2.287746191,"2":2.2341959476,"3":2.1908020973,"4":2.1791837215,"5":2.1741411686,"6":2.1629281044,"7":2.167914629,"8":2.1590087414,"9":2.1753554344,"10":2.1589009762,"11":2.1582090855,"12":2.1558656693,"13":2.1575117111,"14":2.1581287384,"15":2.1552481651,"16":2.1557226181,"17":2.1556618214,"18":2.1543843746,"19":2.1562926769,"20":2.1737074852,"21":2.1684222221,"22":2.1573472023,"23":2.1579098701,"24":2.1575405598,"25":2.1545586586,"26":2.1609640121,"27":2.1592547894,"28":2.1553180218,"29":2.1555452347,"30":2.1583628654,"31":2.156036377,"32":2.1581850052,"33":2.1544103622,"34":2.1557767391,"35":2.1568226814,"36":2.157958746,"37":2.1543362141,"38":2.1549453735,"39":2.1549427509,"40":2.1562366486,"41":2.1548006535,"42":2.1561937332,"43":2.1549108028,"44":2.1549839973,"45":2.159085989,"46":2.1544849873,"47":2.1565134525,"48":2.1561820507,"49":2.1549603939},"recall":{"0":0.064584814,"1":0.0035486161,"2":0.0007097232,"3":0.0014194464,"4":0.0,"5":0.0,"6":0.0,"7":0.0007097232,"8":0.0,"9":0.0007097232,"10":0.0,"11":0.0,"12":0.0,"13":0.0,"14":0.0,"15":0.0,"16":0.0,"17":0.0,"18":0.0,"19":0.0,"20":0.0007097232,"21":0.0007097232,"22":0.0007097232,"23":0.0,"24":0.0,"25":0.0,"26":0.0014194464,"27":0.0,"28":0.0,"29":0.0,"30":0.0,"31":0.0,"32":0.0,"33":0.0,"34":0.0,"35":0.0,"36":0.0,"37":0.0,"38":0.0,"39":0.0,"40":0.0,"41":0.0,"42":0.0,"43":0.0,"44":0.0,"45":0.0007097232,"46":0.0,"47":0.0014194464,"48":0.0,"49":0.0},"val_loss":{"0":2.2617418766,"1":2.1734058857,"2":2.0979895592,"3":2.053634882,"4":2.0165367126,"5":1.9929896593,"6":1.9751291275,"7":1.9679234028,"8":1.9575984478,"9":1.9581634998,"10":1.9563704729,"11":1.94904387,"12":1.9459993839,"13":1.9481545687,"14":1.9452182055,"15":1.9451515675,"16":1.9418103695,"17":1.9444289207,"18":1.94203794,"19":1.940122962,"20":1.9444749355,"21":1.9478746653,"22":1.9445841312,"23":1.9420802593,"24":1.9453462362,"25":1.9437468052,"26":1.9426470995,"27":1.9455630779,"28":1.9449964762,"29":1.9420865774,"30":1.9408627748,"31":1.9414377213,"32":1.9445689917,"33":1.9467096329,"34":1.9442914724,"35":1.9432382584,"36":1.9465734959,"37":1.943762064,"38":1.9474867582,"39":1.945592761,"40":1.945237875,"41":1.94181633,"42":1.941259861,"43":1.9398617744,"44":1.9439954758,"45":1.9497073889,"46":1.9447590113,"47":1.942368269,"48":1.9416536093,"49":1.9405816793},"val_recall":{"0":0.0,"1":0.0,"2":0.0,"3":0.0,"4":0.0,"5":0.0,"6":0.0,"7":0.0,"8":0.0,"9":0.0,"10":0.0,"11":0.0,"12":0.0,"13":0.0,"14":0.0,"15":0.0,"16":0.0,"17":0.0,"18":0.0,"19":0.0,"20":0.0,"21":0.0,"22":0.0,"23":0.0,"24":0.0,"25":0.0,"26":0.0,"27":0.0,"28":0.0,"29":0.0,"30":0.0,"31":0.0,"32":0.0,"33":0.0,"34":0.0,"35":0.0,"36":0.0,"37":0.0,"38":0.0,"39":0.0,"40":0.0,"41":0.0,"42":0.0,"43":0.0,"44":0.0,"45":0.0,"46":0.0,"47":0.0,"48":0.0,"49":0.0}}