{"loss":{"0":6.8647985458,"1":2.0553715229,"2":1.9581644535,"3":1.878365159,"4":1.8166973591,"5":1.8213341236,"6":1.8003633022,"7":1.7507791519,"8":1.7281266451,"9":1.669144392,"10":1.6543748379,"11":1.6118574142,"12":1.6415141821,"13":1.6858965158,"14":1.7074751854,"15":1.6825568676,"16":1.6155997515,"17":1.5369780064,"18":1.5993304253,"19":1.5234856606,"20":1.5252457857,"21":1.4973053932,"22":1.4724518061,"23":1.5659821033,"24":1.5614626408,"25":1.5929983854,"26":1.5657132864,"27":1.5219515562,"28":1.5365576744,"29":1.5295898914,"30":1.4499000311,"31":1.5123460293,"32":1.5548731089,"33":1.4866204262,"34":1.4556561708,"35":1.4770768881,"36":1.5228346586,"37":1.4873360395,"38":1.4938055277,"39":1.4812096357,"40":1.4990903139,"41":1.390335083,"42":1.4054961205,"43":1.4121346474,"44":1.4352195263,"45":1.5038121939,"46":1.4459638596,"47":1.4346734285,"48":1.4365552664,"49":1.3540779352},"recall":{"0":0.1014904156,"1":0.064584814,"2":0.0738112107,"3":0.1163946092,"4":0.1185237765,"5":0.1199432239,"6":0.1341376901,"7":0.1185237765,"8":0.1256210059,"9":0.1469127089,"10":0.1454932541,"11":0.1646557897,"12":0.1738821864,"13":0.1518807709,"14":0.1398154646,"15":0.1376862973,"16":0.1540099382,"17":0.1774308085,"18":0.1596877277,"19":0.1951738894,"20":0.1816891432,"21":0.1802696884,"22":0.2086586207,"23":0.1980127692,"24":0.2185947448,"25":0.1802696884,"26":0.1965933293,"27":0.2001419514,"28":0.2065294534,"29":0.1973030567,"30":0.2171753049,"31":0.1845280379,"32":0.1838183105,"33":0.1866572052,"34":0.2114975154,"35":0.2136266828,"36":0.1795599759,"37":0.1937544346,"38":0.2015613914,"39":0.199432224,"40":0.178140521,"41":0.2207239121,"42":0.2292405963,"43":0.2349183857,"44":0.2214336395,"45":0.2143364102,"46":0.2178850174,"47":0.2285308689,"48":0.2249822617,"49":0.258339256},"val_loss":{"0":1.9389853477,"1":1.9264808893,"2":1.7338234186,"3":1.7137960196,"4":1.6384347677,"5":1.6497069597,"6":1.7429003716,"7":1.6691735983,"8":1.6217468977,"9":1.5428030491,"10":1.5266398191,"11":1.6134757996,"12":1.5113563538,"13":1.6290199757,"14":1.5966063738,"15":1.5666913986,"16":1.6105585098,"17":1.4958206415,"18":1.4324090481,"19":1.5037412643,"20":1.4600381851,"21":1.4649162292,"22":1.404628396,"23":1.4547580481,"24":1.5784904957,"25":1.7099692822,"26":1.5259726048,"27":1.5705842972,"28":1.5615198612,"29":1.6618635654,"30":1.5290820599,"31":1.6546176672,"32":1.5448830128,"33":1.4913802147,"34":1.5095478296,"35":1.5469241142,"36":1.570469141,"37":1.5765564442,"38":1.467754364,"39":1.5652917624,"40":1.5684428215,"41":1.4856549501,"42":1.5923663378,"43":1.5347030163,"44":1.494756937,"45":1.5000977516,"46":1.4870122671,"47":1.4837870598,"48":1.6501492262,"49":1.4478298426},"val_recall":{"0":0.0,"1":0.0,"2":0.0,"3":0.0039525693,"4":0.0830039531,"5":0.0553359687,"6":0.0197628457,"7":0.0118577071,"8":0.0474308282,"9":0.0790513828,"10":0.0316205546,"11":0.0671936795,"12":0.0671936795,"13":0.0355731212,"14":0.0118577071,"15":0.0118577071,"16":0.0355731212,"17":0.1501976252,"18":0.0790513828,"19":0.1383399218,"20":0.0513833985,"21":0.0790513828,"22":0.1146245077,"23":0.1897233129,"24":0.1146245077,"25":0.0553359687,"26":0.0988142267,"27":0.0750988126,"28":0.0434782617,"29":0.0237154141,"30":0.0474308282,"31":0.0553359687,"32":0.0316205546,"33":0.0632411093,"34":0.0830039531,"35":0.0355731212,"36":0.0671936795,"37":0.0237154141,"38":0.0671936795,"39":0.0276679844,"40":0.0434782617,"41":0.0988142267,"42":0.0909090936,"43":0.0711462423,"44":0.0790513828,"45":0.1027667969,"46":0.0909090936,"47":0.1067193672,"48":0.1541502029,"49":0.1462450624}}