{"loss":{"0":2.6960186958,"1":2.3901488781,"2":2.3413112164,"3":2.2819347382,"4":2.2170927525,"5":2.1531217098,"6":2.1026966572,"7":2.0840706825,"8":2.0035085678,"9":1.9793388844,"10":1.9876958132,"11":1.9397560358,"12":1.8899793625,"13":1.8552452326,"14":1.8254960775,"15":1.7852208614,"16":1.776843667,"17":1.7549753189,"18":1.7271466255,"19":1.6994446516,"20":1.679672122,"21":1.6454325914,"22":1.6386119127,"23":1.6339895725,"24":1.6088700294,"25":1.5937683582,"26":1.5596164465,"27":1.5339686871,"28":1.5339341164,"29":1.5048698187,"30":1.4926490784,"31":1.4673845768,"32":1.465515852,"33":1.4188646078,"34":1.4133492708,"35":1.431897521,"36":1.4194812775,"37":1.3947792053,"38":1.3686541319,"39":1.3623679876,"40":1.3464752436,"41":1.339769125,"42":1.3383556604,"43":1.3026566505,"44":1.3118723631,"45":1.286842227,"46":1.3231557608,"47":1.264572978,"48":1.2473145723,"49":1.2493151426},"recall":{"0":0.0070972322,"1":0.0205819737,"2":0.01987225,"3":0.01987225,"4":0.0120652942,"5":0.0212916955,"6":0.0290986523,"7":0.0234208666,"8":0.0269694813,"9":0.0305180978,"10":0.0312278215,"11":0.0468417332,"12":0.0482611768,"13":0.0461320095,"14":0.0581973046,"15":0.0567778572,"16":0.0780695528,"17":0.0887154043,"18":0.0872959569,"19":0.0929737389,"20":0.1114265472,"21":0.1071682051,"22":0.1171043292,"23":0.1185237765,"24":0.1220723912,"25":0.1582682729,"26":0.1518807709,"27":0.1674946845,"28":0.1497516036,"29":0.161816895,"30":0.1809794158,"31":0.1916252673,"32":0.1923349947,"33":0.2008516639,"34":0.2193044722,"35":0.2079488933,"36":0.2178850174,"37":0.2193044722,"38":0.2363378257,"39":0.2398864478,"40":0.2427253425,"41":0.2441447824,"42":0.2611781359,"43":0.2625975907,"44":0.2689850926,"45":0.2753725946,"46":0.2746628821,"47":0.3009226322,"48":0.3066004217,"49":0.2959545851},"val_loss":{"0":1.9199299812,"1":1.8445866108,"2":1.8163782358,"3":1.809220314,"4":1.7779983282,"5":1.7701737881,"6":1.7491381168,"7":1.734924078,"8":1.7165203094,"9":1.7005491257,"10":1.69069314,"11":1.6706010103,"12":1.6540966034,"13":1.6322332621,"14":1.615660429,"15":1.6030801535,"16":1.5931050777,"17":1.574696064,"18":1.5557037592,"19":1.5451362133,"20":1.5350134373,"21":1.5192992687,"22":1.5104502439,"23":1.4951699972,"24":1.4786385298,"25":1.4656885862,"26":1.4542415142,"27":1.4489585161,"28":1.4381645918,"29":1.428008914,"30":1.4148391485,"31":1.4078637362,"32":1.4003500938,"33":1.3914990425,"34":1.3815574646,"35":1.3725049496,"36":1.3675074577,"37":1.3664560318,"38":1.3545517921,"39":1.3461543322,"40":1.3390654325,"41":1.3324724436,"42":1.3275375366,"43":1.3202136755,"44":1.3147310019,"45":1.3098987341,"46":1.3066757917,"47":1.2986245155,"48":1.2951518297,"49":1.2922929525},"val_recall":{"0":0.0,"1":0.0,"2":0.0,"3":0.0,"4":0.0,"5":0.0,"6":0.0,"7":0.0079051387,"8":0.0158102773,"9":0.0197628457,"10":0.0237154141,"11":0.0316205546,"12":0.0316205546,"13":0.0316205546,"14":0.0395256914,"15":0.0434782617,"16":0.0355731212,"17":0.0474308282,"18":0.059288539,"19":0.059288539,"20":0.0632411093,"21":0.0711462423,"22":0.0750988126,"23":0.0790513828,"24":0.0988142267,"25":0.0869565234,"26":0.1027667969,"27":0.1067193672,"28":0.1146245077,"29":0.1383399218,"30":0.1422924846,"31":0.1501976252,"32":0.1422924846,"33":0.1541502029,"34":0.1581027657,"35":0.1818181872,"36":0.1778656095,"37":0.1739130467,"38":0.1818181872,"39":0.18577075,"40":0.1897233129,"41":0.1936758906,"42":0.1897233129,"43":0.2213438749,"44":0.2213438749,"45":0.2292490155,"46":0.2292490155,"47":0.2490118593,"48":0.2450592816,"49":0.2411067188}}