{"loss":{"0":2.2198309898,"1":1.6872081757,"2":1.5423141718,"3":1.4122632742,"4":1.3372373581,"5":1.3150532246,"6":1.2933284044,"7":1.2574951649,"8":1.2208744287,"9":1.2045872211,"10":1.1688714027,"11":1.2232823372,"12":1.1757545471,"13":1.1500394344,"14":1.0990231037,"15":1.0880265236,"16":1.1289571524,"17":1.1827940941,"18":1.1028189659,"19":1.0637249947,"20":1.0735131502,"21":1.0319530964,"22":1.0538598299,"23":1.0528769493,"24":1.0484112501,"25":1.0361776352,"26":1.0343588591,"27":1.0371031761,"28":1.0010281801,"29":0.9139410257,"30":0.9710794091,"31":0.944904685,"32":1.0037537813,"33":1.0423965454,"34":0.9926319718,"35":0.9524741173,"36":0.9686649442,"37":0.9313794374,"38":0.9164676666,"39":0.9203689098,"40":1.0182955265,"41":1.0073904991,"42":0.9585617781,"43":0.9201793671,"44":0.9479911327,"45":0.951325655,"46":0.8972975612,"47":0.8739870787,"48":0.8663066626,"49":0.8587746024},"recall":{"0":0.0986515284,"1":0.1937544346,"2":0.2086586207,"3":0.2405961603,"4":0.2725337148,"5":0.2803406715,"6":0.3101490438,"7":0.308729589,"8":0.3406671286,"9":0.3328601718,"10":0.3541518748,"11":0.3427962959,"12":0.3555713296,"13":0.3697657883,"14":0.3938963711,"15":0.4024130702,"16":0.4038324952,"17":0.382540822,"18":0.4066714048,"19":0.4144783616,"20":0.3924769461,"21":0.4293825328,"22":0.4137686193,"23":0.426543653,"24":0.4286728203,"25":0.4407381117,"26":0.4428672791,"27":0.4286728203,"28":0.4719659388,"29":0.4960965216,"30":0.4712561965,"31":0.4719659388,"32":0.470546484,"33":0.4677076042,"34":0.4421575665,"35":0.4648686945,"36":0.4606103599,"37":0.4719659388,"38":0.5024840236,"39":0.4939673543,"40":0.4776437283,"41":0.4485450685,"42":0.4790631533,"43":0.4911284745,"44":0.4755145609,"45":0.4655784369,"46":0.5173882246,"47":0.5138396025,"48":0.5202271342,"49":0.5287438035},"val_loss":{"0":1.6168973446,"1":1.599925518,"2":1.4086586237,"3":1.3502913713,"4":1.3615460396,"5":1.3369193077,"6":1.4082220793,"7":1.2815513611,"8":1.3072515726,"9":1.4072506428,"10":1.285363555,"11":1.2516986132,"12":1.308028698,"13":1.3270810843,"14":1.2509794235,"15":1.2853313684,"16":1.2762259245,"17":1.2670947313,"18":1.2000150681,"19":1.2431055307,"20":1.2154229879,"21":1.2352284193,"22":1.2077533007,"23":1.2400934696,"24":1.201208353,"25":1.2454346418,"26":1.3166459799,"27":1.1830245256,"28":1.1682560444,"29":1.1542311907,"30":1.178367734,"31":1.1963982582,"32":1.2622354031,"33":1.2219458818,"34":1.2035040855,"35":1.2177773714,"36":1.1502982378,"37":1.2062573433,"38":1.1645138264,"39":1.3032096624,"40":1.3468570709,"41":1.1770837307,"42":1.1970880032,"43":1.1849794388,"44":1.1680076122,"45":1.1937100887,"46":1.1442159414,"47":1.1776026487,"48":1.1656224728,"49":1.1335041523},"val_recall":{"0":0.059288539,"1":0.0355731212,"2":0.0790513828,"3":0.1106719375,"4":0.1462450624,"5":0.1146245077,"6":0.1739130467,"7":0.3162055314,"8":0.169960469,"9":0.1106719375,"10":0.2569169998,"11":0.1976284534,"12":0.1936758906,"13":0.1660079062,"14":0.3438735306,"15":0.3003952503,"16":0.2608695626,"17":0.268774718,"18":0.2411067188,"19":0.2094861716,"20":0.3162055314,"21":0.3201580942,"22":0.3201580942,"23":0.2885375619,"24":0.2648221254,"25":0.18577075,"26":0.2134387344,"27":0.2411067188,"28":0.339920938,"29":0.3517786562,"30":0.3083004057,"31":0.3122529685,"32":0.1818181872,"33":0.2766798437,"34":0.252964437,"35":0.3359683752,"36":0.339920938,"37":0.3557312191,"38":0.3241106868,"39":0.3043478131,"40":0.2766798437,"41":0.1897233129,"42":0.2411067188,"43":0.2885375619,"44":0.3162055314,"45":0.3003952503,"46":0.3478260934,"47":0.3083004057,"48":0.3992094994,"49":0.339920938}}