{"loss":{"0":6.8747253418,"1":2.8643622398,"2":2.2823598385,"3":2.0473241806,"4":1.8262321949,"5":1.760594368,"6":1.6277348995,"7":1.5621607304,"8":1.5332945585,"9":1.4479700327,"10":1.3636573553,"11":1.3689565659,"12":1.3213137388,"13":1.2685741186,"14":1.1862465143,"15":1.1460888386,"16":1.1324752569,"17":1.090405941,"18":1.0550690889,"19":1.0440255404,"20":0.9898207784,"21":0.973483026,"22":0.9361945391,"23":0.9150089025,"24":0.8748638034,"25":0.8981081843,"26":0.8469954729,"27":0.8023602962,"28":0.810900867,"29":0.8022150993,"30":0.7756997347,"31":0.7170881629,"32":0.7168976068,"33":0.6762296557,"34":0.6585893631,"35":0.6838846803,"36":0.6569228768,"37":0.6225922704,"38":0.564378202,"39":0.5561798811,"40":0.5722484589,"41":0.5355051756,"42":0.5204451084,"43":0.5081630945,"44":0.482714653,"45":0.485978812,"46":0.5074638724,"47":0.4558516443,"48":0.4235565066,"49":0.435341686},"recall":{"0":0.1462029815,"1":0.1703335643,"2":0.1738821864,"3":0.1689141244,"4":0.1930447072,"5":0.2029808313,"6":0.2540809214,"7":0.2739531696,"8":0.2640170455,"9":0.2952448428,"10":0.3293115795,"11":0.3378282487,"12":0.3456352055,"13":0.3782824576,"14":0.388928324,"15":0.4066714048,"16":0.4343506098,"17":0.4414478242,"18":0.4662881494,"19":0.4613200724,"20":0.5039034486,"21":0.4847409427,"22":0.5251951814,"23":0.5358410478,"24":0.5514549613,"25":0.5528743863,"26":0.5819730163,"27":0.5919091702,"28":0.5855216384,"29":0.5819730163,"30":0.6153300405,"31":0.6288147569,"32":0.6380411386,"33":0.6465578675,"34":0.6706884503,"35":0.6770759225,"36":0.6699787378,"37":0.6756564975,"38":0.718949616,"39":0.7196593285,"40":0.7182399035,"41":0.7402412891,"42":0.7487579584,"43":0.7473385334,"44":0.7707594037,"45":0.7601135373,"46":0.7544357777,"47":0.7764371634,"48":0.8005678058,"49":0.7877927423},"val_loss":{"0":1.8060948849,"1":1.8055522442,"2":1.6412210464,"3":1.6200026274,"4":1.6035641432,"5":1.562476635,"6":1.504185915,"7":1.4993343353,"8":1.4809474945,"9":1.4212071896,"10":1.4309666157,"11":1.4626684189,"12":1.3974894285,"13":1.3612902164,"14":1.3606886864,"15":1.3313820362,"16":1.3031797409,"17":1.3182394505,"18":1.3216658831,"19":1.3016244173,"20":1.2965384722,"21":1.2807250023,"22":1.2719506025,"23":1.274638176,"24":1.2696068287,"25":1.2810612917,"26":1.2494856119,"27":1.2406692505,"28":1.246258378,"29":1.2362524271,"30":1.243894577,"31":1.2437413931,"32":1.2336262465,"33":1.2382069826,"34":1.2709825039,"35":1.2520749569,"36":1.2502864599,"37":1.2773429155,"38":1.2786322832,"39":1.2474262714,"40":1.2590389252,"41":1.2661361694,"42":1.2755554914,"43":1.2852807045,"44":1.2876756191,"45":1.3093717098,"46":1.2992788553,"47":1.3063488007,"48":1.3101511002,"49":1.3087214231},"val_recall":{"0":0.0513833985,"1":0.0474308282,"2":0.0790513828,"3":0.0869565234,"4":0.0869565234,"5":0.0988142267,"6":0.0909090936,"7":0.1067193672,"8":0.1146245077,"9":0.1778656095,"10":0.1304347813,"11":0.1581027657,"12":0.1739130467,"13":0.2332015783,"14":0.2292490155,"15":0.2924901247,"16":0.252964437,"17":0.2648221254,"18":0.2569169998,"19":0.2964426875,"20":0.3241106868,"21":0.3122529685,"22":0.3043478131,"23":0.3162055314,"24":0.3596837819,"25":0.339920938,"26":0.3913043439,"27":0.3596837819,"28":0.3636363745,"29":0.4031620622,"30":0.3833992183,"31":0.3952569067,"32":0.4110671878,"33":0.4110671878,"34":0.4347825944,"35":0.3992094994,"36":0.4110671878,"37":0.4426877499,"38":0.4466403127,"39":0.4347825944,"40":0.4347825944,"41":0.4505928755,"42":0.4545454681,"43":0.4782608747,"44":0.4624505937,"45":0.4664031565,"46":0.4584980309,"47":0.4624505937,"48":0.4822134376,"49":0.4782608747}}