{"loss":{"0":5.8751859665,"1":2.2300319672,"2":2.1612832546,"3":2.0471966267,"4":1.9093593359,"5":1.9218922853,"6":1.7360244989,"7":1.4785622358,"8":1.4572111368,"9":1.356939435,"10":1.4478135109,"11":1.6204240322,"12":1.4468295574,"13":1.3376642466,"14":1.3007749319,"15":1.1683810949,"16":1.0637862682,"17":0.9969207048,"18":0.9852023125,"19":0.9341580272,"20":0.9058001637,"21":1.352460146,"22":0.970856905,"23":0.9461052418,"24":0.9626321793,"25":0.8994887471,"26":0.8683300614,"27":1.382794261,"28":0.9016548991,"29":0.9329018593,"30":0.883280158,"31":1.3465476036,"32":0.8199930787,"33":0.7677072287,"34":0.708116889,"35":0.7671889663,"36":0.8774698377,"37":0.6565559506,"38":0.5590261221,"39":0.9290297627,"40":0.6860490441,"41":0.6106926203,"42":0.6052188277,"43":0.5542461276,"44":0.5465614796,"45":0.5307893157,"46":0.6242673397,"47":0.6700004935,"48":0.5817949176,"49":0.8453820348},"recall":{"0":0.0475514531,"1":0.0014194464,"2":0.0014194464,"3":0.0248403121,"4":0.0432931148,"5":0.0709723234,"6":0.1163946092,"7":0.2015613914,"8":0.2079488933,"9":0.27111426,"10":0.238466993,"11":0.2327892184,"12":0.2853087187,"13":0.3108587563,"14":0.2931156754,"15":0.374024123,"16":0.4073811173,"17":0.470546484,"18":0.4591909051,"19":0.5003548861,"20":0.4953868091,"21":0.3818310797,"22":0.4606103599,"23":0.4882895648,"24":0.4946770668,"25":0.5017743111,"26":0.5351312757,"27":0.4577714801,"28":0.5039034486,"29":0.5152590275,"30":0.5599716306,"31":0.4499645233,"32":0.5649396777,"33":0.5862313509,"34":0.6124911308,"35":0.5706174374,"36":0.5826827288,"37":0.6465578675,"38":0.6962384582,"39":0.5741660595,"40":0.6302341819,"41":0.6728175879,"42":0.6820440292,"43":0.7175301909,"44":0.7075940371,"45":0.7274662852,"46":0.7033357024,"47":0.6770759225,"48":0.7118523717,"49":0.5727466345},"val_loss":{"0":2.0667300224,"1":2.0963685513,"2":1.8220695257,"3":2.1076850891,"4":1.734521389,"5":1.8215358257,"6":1.666544795,"7":1.5925022364,"8":1.4103980064,"9":1.573743701,"10":1.6457861662,"11":1.4650020599,"12":1.425732255,"13":1.4017881155,"14":1.3657901287,"15":1.34844172,"16":1.3744523525,"17":1.2951294184,"18":1.3149192333,"19":1.3627765179,"20":1.3896943331,"21":3.6184198856,"22":1.9331917763,"23":1.5474745035,"24":1.5111327171,"25":1.3546574116,"26":1.5403419733,"27":1.369335413,"28":1.4270672798,"29":1.4142715931,"30":1.9853541851,"31":1.4862710238,"32":1.699074626,"33":1.5709891319,"34":1.5990891457,"35":1.7345650196,"36":1.5605275631,"37":1.5784542561,"38":2.8496000767,"39":2.4025697708,"40":2.0816299915,"41":1.7174166441,"42":1.8800740242,"43":2.0279092789,"44":1.8867249489,"45":2.0083591938,"46":2.6185157299,"47":1.9380004406,"48":1.5796444416,"49":1.5139571428},"val_recall":{"0":0.0,"1":0.0,"2":0.0,"3":0.0,"4":0.0,"5":0.0,"6":0.0158102773,"7":0.0,"8":0.2411067188,"9":0.0553359687,"10":0.0948616564,"11":0.0474308282,"12":0.1936758906,"13":0.18577075,"14":0.1067193672,"15":0.1541502029,"16":0.3992094994,"17":0.237154156,"18":0.3162055314,"19":0.3241106868,"20":0.3952569067,"21":0.134387359,"22":0.169960469,"23":0.2806324065,"24":0.2964426875,"25":0.3754940629,"26":0.3596837819,"27":0.2845849693,"28":0.3794466257,"29":0.3241106868,"30":0.2648221254,"31":0.2845849693,"32":0.3873517811,"33":0.4347825944,"34":0.4150197506,"35":0.422924906,"36":0.3675889373,"37":0.4150197506,"38":0.4466403127,"39":0.422924906,"40":0.4426877499,"41":0.4584980309,"42":0.4268774688,"43":0.4110671878,"44":0.4150197506,"45":0.3833992183,"46":0.4545454681,"47":0.4703557193,"48":0.4347825944,"49":0.3438735306}}