{"loss":{"0":6.134657383,"1":2.2298002243,"2":2.1999192238,"3":2.167869091,"4":2.0772745609,"5":2.0155465603,"6":1.9029160738,"7":1.7871135473,"8":1.6663479805,"9":1.7007217407,"10":1.8470121622,"11":1.5440183878,"12":1.4193630219,"13":1.3970321417,"14":1.3063949347,"15":1.3404575586,"16":1.3035427332,"17":1.2500933409,"18":1.1554372311,"19":1.0781099796,"20":1.0107496977,"21":0.9818283319,"22":1.0387316942,"23":0.9905229807,"24":0.9654581547,"25":0.9202134013,"26":0.8489049077,"27":0.8235277534,"28":1.0011936426,"29":0.8266450763,"30":0.8043686748,"31":0.8564420342,"32":0.7664018869,"33":0.7982586026,"34":0.816675961,"35":0.8062613606,"36":0.7928202748,"37":0.6700191498,"38":0.6825925112,"39":0.9753929973,"40":0.8397336602,"41":0.6595265865,"42":0.7895139456,"43":0.6967269182,"44":1.1451765299,"45":0.7404752374,"46":0.6807062626,"47":0.7894462347,"48":0.6283969879,"49":0.5352768898},"recall":{"0":0.0511000715,"1":0.0014194464,"2":0.0021291696,"3":0.0070972322,"4":0.0177430809,"5":0.034776438,"6":0.0525195189,"7":0.0475514531,"8":0.0823278949,"9":0.097232081,"10":0.1043293104,"11":0.1760113537,"12":0.1930447072,"13":0.2413058877,"14":0.2633073032,"15":0.2363378257,"16":0.2689850926,"17":0.3286018372,"18":0.3456352055,"19":0.4059616625,"20":0.4130589068,"21":0.4407381117,"22":0.4173172414,"23":0.4485450685,"24":0.4677076042,"25":0.4861603975,"26":0.5124201775,"27":0.5301632285,"28":0.4790631533,"29":0.5259048939,"30":0.545777142,"31":0.5691980124,"32":0.5777146816,"33":0.5890702605,"34":0.5826827288,"35":0.5514549613,"36":0.5791341662,"37":0.6330730915,"38":0.6352022886,"39":0.6096522212,"40":0.589779973,"41":0.6387509108,"42":0.6295244694,"43":0.6444286704,"44":0.5848119259,"45":0.6139105558,"46":0.6217175126,"47":0.617459178,"48":0.6529453397,"49":0.6784954071},"val_loss":{"0":2.1245996952,"1":1.9528216124,"2":1.8739184141,"3":1.8089535236,"4":1.722312212,"5":1.8572156429,"6":1.7718199492,"7":1.7059751749,"8":1.8002892733,"9":1.5913307667,"10":1.6503119469,"11":1.6136313677,"12":1.6431127787,"13":1.7367421389,"14":1.4019367695,"15":1.3813148737,"16":1.322450757,"17":1.556861043,"18":1.3909329176,"19":1.48519063,"20":1.5123926401,"21":1.4193021059,"22":1.4041427374,"23":1.5003846884,"24":1.6342558861,"25":1.4124364853,"26":1.3755064011,"27":1.39004457,"28":1.4956907034,"29":1.4077744484,"30":1.4677321911,"31":1.5022704601,"32":1.6171754599,"33":1.563262105,"34":1.6279728413,"35":1.8275660276,"36":1.7257152796,"37":1.9327759743,"38":1.4728956223,"39":1.4427548647,"40":1.5776656866,"41":1.6460651159,"42":1.8693863153,"43":1.790353775,"44":2.0289592743,"45":1.736012578,"46":1.6613124609,"47":2.7726306915,"48":1.9553356171,"49":1.9555866718},"val_recall":{"0":0.0,"1":0.0,"2":0.0,"3":0.0,"4":0.0,"5":0.252964437,"6":0.0,"7":0.1304347813,"8":0.0,"9":0.0039525693,"10":0.2411067188,"11":0.0197628457,"12":0.0158102773,"13":0.2252964377,"14":0.2213438749,"15":0.237154156,"16":0.3122529685,"17":0.2055335939,"18":0.268774718,"19":0.1818181872,"20":0.3201580942,"21":0.3794466257,"22":0.2411067188,"23":0.3754940629,"24":0.3873517811,"25":0.2134387344,"26":0.2924901247,"27":0.1897233129,"28":0.1936758906,"29":0.3003952503,"30":0.2490118593,"31":0.2806324065,"32":0.2845849693,"33":0.2173912972,"34":0.2332015783,"35":0.339920938,"36":0.3043478131,"37":0.3359683752,"38":0.3241106868,"39":0.2252964377,"40":0.3003952503,"41":0.3201580942,"42":0.2332015783,"43":0.2094861716,"44":0.2490118593,"45":0.3675889373,"46":0.3241106868,"47":0.2213438749,"48":0.2569169998,"49":0.3280632496}}