{"loss":{"0":2.7488789558,"1":2.4616487026,"2":2.4049537182,"3":2.2822809219,"4":2.2350873947,"5":2.1991765499,"6":2.1590826511,"7":2.0949265957,"8":2.038091898,"9":1.960986495,"10":1.9540795088,"11":1.9428465366,"12":1.9204621315,"13":1.87940979,"14":1.8406591415,"15":1.7964704037,"16":1.781948328,"17":1.7649273872,"18":1.7330641747,"19":1.7105929852,"20":1.6520556211,"21":1.6597198248,"22":1.6257617474,"23":1.5947629213,"24":1.5975260735,"25":1.5700787306,"26":1.530302763,"27":1.5486272573,"28":1.5185421705,"29":1.4893265963,"30":1.4494034052,"31":1.4484934807,"32":1.433978796,"33":1.4105391502,"34":1.3894159794,"35":1.3976669312,"36":1.3535752296,"37":1.3553603888,"38":1.3351211548,"39":1.3294970989,"40":1.3224275112,"41":1.3079775572,"42":1.2741661072,"43":1.2945199013,"44":1.2594448328,"45":1.2448710203,"46":1.247081399,"47":1.2591942549,"48":1.208920598,"49":1.1978311539},"recall":{"0":0.0141944643,"1":0.0234208666,"2":0.0212916955,"3":0.032647267,"4":0.0241305884,"5":0.0234208666,"6":0.0227111429,"7":0.0191625264,"8":0.0305180978,"9":0.0468417332,"10":0.0319375433,"11":0.037615329,"12":0.0383250527,"13":0.0596167482,"14":0.0723917708,"15":0.0745209381,"16":0.0716820434,"17":0.070262596,"18":0.0908445716,"19":0.0908445716,"20":0.1064584777,"21":0.1057487577,"22":0.1185237765,"23":0.1412349194,"24":0.1398154646,"25":0.1469127089,"26":0.1667849571,"27":0.1717530191,"28":0.1880766451,"29":0.194464162,"30":0.2015613914,"31":0.1973030567,"32":0.2242725343,"33":0.205819726,"34":0.2484031171,"35":0.2398864478,"36":0.2413058877,"37":0.2448545098,"38":0.264726758,"39":0.2725337148,"40":0.2725337148,"41":0.2732434273,"42":0.2718240023,"43":0.2753725946,"44":0.3051809669,"45":0.2952448428,"46":0.3186657131,"47":0.2973740101,"48":0.3342796266,"49":0.3335699141},"val_loss":{"0":2.0307729244,"1":1.9465848207,"2":1.914195776,"3":1.8950275183,"4":1.8634455204,"5":1.8386259079,"6":1.8069556952,"7":1.7873697281,"8":1.7568646669,"9":1.7229245901,"10":1.707868576,"11":1.6875499487,"12":1.665150404,"13":1.6430100203,"14":1.6187762022,"15":1.5906624794,"16":1.5734888315,"17":1.5561175346,"18":1.5358041525,"19":1.5273094177,"20":1.5193243027,"21":1.5039503574,"22":1.4813956022,"23":1.4746757746,"24":1.461486578,"25":1.4518424273,"26":1.4406272173,"27":1.4300019741,"28":1.4198806286,"29":1.4100904465,"30":1.3987269402,"31":1.3972076178,"32":1.3817083836,"33":1.377412796,"34":1.3653316498,"35":1.3574914932,"36":1.3487520218,"37":1.3437299728,"38":1.3402317762,"39":1.3326423168,"40":1.3291444778,"41":1.3206168413,"42":1.3105530739,"43":1.3062405586,"44":1.3030949831,"45":1.2974542379,"46":1.297776103,"47":1.2909551859,"48":1.2875001431,"49":1.2845821381},"val_recall":{"0":0.0,"1":0.0,"2":0.0,"3":0.0,"4":0.0,"5":0.0,"6":0.0039525693,"7":0.0039525693,"8":0.0039525693,"9":0.0039525693,"10":0.0039525693,"11":0.0039525693,"12":0.0039525693,"13":0.0039525693,"14":0.0079051387,"15":0.0158102773,"16":0.0276679844,"17":0.0395256914,"18":0.0474308282,"19":0.0553359687,"20":0.0632411093,"21":0.0948616564,"22":0.0909090936,"23":0.0988142267,"24":0.1027667969,"25":0.1146245077,"26":0.1264822185,"27":0.134387359,"28":0.134387359,"29":0.1422924846,"30":0.1541502029,"31":0.1541502029,"32":0.169960469,"33":0.1778656095,"34":0.1660079062,"35":0.18577075,"36":0.1897233129,"37":0.1976284534,"38":0.18577075,"39":0.2055335939,"40":0.2015810311,"41":0.2055335939,"42":0.2134387344,"43":0.2252964377,"44":0.2292490155,"45":0.2213438749,"46":0.237154156,"47":0.2411067188,"48":0.237154156,"49":0.237154156}}