{"loss":{"0":5.5563077927,"1":2.2163863182,"2":2.179847002,"3":2.1331534386,"4":2.1867589951,"5":2.1121478081,"6":2.1019470692,"7":2.0845148563,"8":1.8879600763,"9":1.7985067368,"10":1.6907371283,"11":1.6864988804,"12":1.6275777817,"13":1.59854877,"14":1.5973885059,"15":1.5306177139,"16":1.4782931805,"17":1.4271777868,"18":1.3181095123,"19":1.3812682629,"20":1.2190037966,"21":1.2946435213,"22":1.2109612226,"23":1.2372413874,"24":1.180746913,"25":1.1549445391,"26":1.0979368687,"27":1.0993374586,"28":1.0265886784,"29":0.9436239004,"30":1.1151584387,"31":0.9098684192,"32":0.8615157604,"33":0.8837328553,"34":0.9832105041,"35":1.2299981117,"36":0.9539533854,"37":0.8332154155,"38":0.8020567298,"39":0.8109488487,"40":0.7575723529,"41":0.7650737166,"42":0.7675859332,"43":0.8279613256,"44":0.6856316328,"45":0.6884288788,"46":0.7100588083,"47":0.6731219888,"48":0.7302111983,"49":0.6331204176},"recall":{"0":0.0390347764,"1":0.0,"2":0.0,"3":0.0056777857,"4":0.0035486161,"5":0.0127750179,"6":0.0191625264,"7":0.0170333572,"8":0.0383250527,"9":0.0432931148,"10":0.0383250527,"11":0.0525195189,"12":0.070262596,"13":0.1206529438,"14":0.1312987953,"15":0.1454932541,"16":0.2008516639,"17":0.1909155399,"18":0.2718240023,"19":0.2562100887,"20":0.32363379,"21":0.2952448428,"22":0.3378282487,"23":0.3215046227,"24":0.3427962959,"25":0.3647977412,"26":0.4272533655,"27":0.4130589068,"28":0.4393186569,"29":0.4826117754,"30":0.4300922751,"31":0.4769339859,"32":0.5195173621,"33":0.5237757564,"34":0.5067423582,"35":0.4414478242,"36":0.4968062341,"37":0.5464868546,"38":0.5621007681,"39":0.5322924256,"40":0.5741660595,"41":0.5635202527,"42":0.5471965671,"43":0.5890702605,"44":0.6025549769,"45":0.6408800483,"46":0.6039744616,"47":0.6344925761,"48":0.6281050444,"49":0.6458480954},"val_loss":{"0":2.1704945564,"1":2.0759649277,"2":2.0364093781,"3":1.9708830118,"4":1.8812688589,"5":1.8196231127,"6":1.921495676,"7":1.7213902473,"8":1.6781215668,"9":1.6037722826,"10":1.6000196934,"11":1.5836085081,"12":1.507255435,"13":1.4370740652,"14":1.5851134062,"15":1.5727965832,"16":1.7837266922,"17":1.815196991,"18":2.3976998329,"19":1.4077237844,"20":1.9740223885,"21":1.9845831394,"22":2.1463036537,"23":1.8103505373,"24":1.6602966785,"25":2.2319877148,"26":1.746191144,"27":2.4158730507,"28":1.7551121712,"29":1.6152701378,"30":2.5156862736,"31":2.7420370579,"32":3.1331677437,"33":3.7967038155,"34":2.1797983646,"35":1.6689220667,"36":1.7061874866,"37":1.4236559868,"38":1.4875559807,"39":2.0255231857,"40":1.552693367,"41":1.5567185879,"42":1.7754535675,"43":1.6539324522,"44":1.7573502064,"45":1.6415603161,"46":1.9977548122,"47":1.4194246531,"48":1.5240683556,"49":1.4674725533},"val_recall":{"0":0.0,"1":0.0,"2":0.0,"3":0.0,"4":0.0,"5":0.0,"6":0.0,"7":0.0988142267,"8":0.0276679844,"9":0.0,"10":0.0,"11":0.0079051387,"12":0.0118577071,"13":0.1897233129,"14":0.1739130467,"15":0.2411067188,"16":0.0039525693,"17":0.0237154141,"18":0.0276679844,"19":0.0632411093,"20":0.1541502029,"21":0.0276679844,"22":0.0909090936,"23":0.0750988126,"24":0.252964437,"25":0.0711462423,"26":0.2964426875,"27":0.3201580942,"28":0.3754940629,"29":0.2806324065,"30":0.1106719375,"31":0.1620553434,"32":0.1541502029,"33":0.1778656095,"34":0.2885375619,"35":0.1501976252,"36":0.1818181872,"37":0.2885375619,"38":0.2806324065,"39":0.2806324065,"40":0.3083004057,"41":0.3517786562,"42":0.2608695626,"43":0.3162055314,"44":0.3241106868,"45":0.3280632496,"46":0.237154156,"47":0.3320158124,"48":0.2845849693,"49":0.3715415001}}