{"loss":{"0":5.391682148,"1":1.9162430763,"2":1.6425944567,"3":1.5322369337,"4":1.3458451033,"5":1.2497864962,"6":1.187698245,"7":1.0885373354,"8":1.0300389528,"9":0.911555171,"10":0.9313665032,"11":0.8342505097,"12":0.7582619786,"13":0.880543232,"14":0.6365398169,"15":0.5831555724,"16":0.5244499445,"17":0.5575066209,"18":0.5403363109,"19":0.419542402,"20":0.3843924403,"21":0.4489643872,"22":0.3746019602,"23":0.2861689925,"24":0.4230894744,"25":0.2881172895,"26":0.2587942481,"27":0.2446309477,"28":0.2036913782,"29":0.3012036681,"30":0.2008042186,"31":0.2019247711,"32":0.1572974175,"33":0.1295352131,"34":0.3303393126,"35":0.2199779749,"36":0.1532211751,"37":0.4951223731,"38":0.1946454644,"39":0.1561002433,"40":0.1301160753,"41":0.1206083149,"42":0.1585517228,"43":0.1409472078,"44":0.1170760319,"45":0.1071527079,"46":0.0994314924,"47":0.1496054679,"48":0.119486399,"49":0.1050378308},"recall":{"0":0.092264019,"1":0.1085876524,"2":0.1596877277,"3":0.2235628068,"4":0.2838892937,"5":0.3335699141,"6":0.3541518748,"7":0.3917672038,"8":0.4350603223,"9":0.4939673543,"10":0.51312989,"11":0.5436480045,"12":0.5982966423,"13":0.5713272095,"14":0.6564939618,"15":0.6969481707,"16":0.7359829545,"17":0.7295954823,"18":0.7423704863,"19":0.7991483212,"20":0.8133428097,"21":0.7963094115,"22":0.8374733925,"23":0.8765081763,"24":0.8197302818,"25":0.8708303571,"26":0.8885734677,"27":0.8949609399,"28":0.9127040505,"29":0.8765081763,"30":0.9091554284,"31":0.9127040505,"32":0.9418026805,"33":0.9460610151,"34":0.8715400696,"35":0.9098651409,"36":0.939673543,"37":0.8325053453,"38":0.9176720977,"39":0.9311568737,"40":0.9474804997,"41":0.9460610151,"42":0.9446415901,"43":0.9432221651,"44":0.9474804997,"45":0.9588360786,"46":0.9588360786,"47":0.9467707872,"48":0.9517388344,"49":0.9581263065},"val_loss":{"0":1.9748855829,"1":1.7366909981,"2":1.5584511757,"3":1.5006973743,"4":1.3482171297,"5":1.3334206343,"6":1.275357604,"7":1.2670978308,"8":1.2250363827,"9":1.1932172775,"10":1.2091903687,"11":1.1620756388,"12":1.1452435255,"13":1.2324576378,"14":1.2180376053,"15":1.3522371054,"16":1.3200907707,"17":1.2497889996,"18":1.3814809322,"19":1.3973965645,"20":1.4583290815,"21":1.4870320559,"22":1.3652251959,"23":1.5587031841,"24":1.5696187019,"25":1.615724802,"26":1.7877031565,"27":1.7711008787,"28":1.7216976881,"29":1.7206555605,"30":1.8341988325,"31":2.015093565,"32":2.0271167755,"33":2.1977694035,"34":1.9165906906,"35":2.0008604527,"36":2.2455978394,"37":1.8607362509,"38":1.9617358446,"39":2.1673088074,"40":2.1631596088,"41":2.173866272,"42":2.1962375641,"43":2.1883025169,"44":2.4657483101,"45":2.4924659729,"46":2.6057806015,"47":2.3371047974,"48":2.4600770473,"49":2.4825479984},"val_recall":{"0":0.0,"1":0.0039525693,"2":0.1027667969,"3":0.0909090936,"4":0.1225296408,"5":0.2490118593,"6":0.2252964377,"7":0.2450592816,"8":0.2292490155,"9":0.3478260934,"10":0.3833992183,"11":0.3794466257,"12":0.4110671878,"13":0.3675889373,"14":0.4545454681,"15":0.4703557193,"16":0.4980237186,"17":0.4901185632,"18":0.4940711558,"19":0.4743083119,"20":0.4940711558,"21":0.5098814368,"22":0.5138339996,"23":0.5296442509,"24":0.5296442509,"25":0.4782608747,"26":0.5296442509,"27":0.5256916881,"28":0.5612648129,"29":0.5415019989,"30":0.5256916881,"31":0.5256916881,"32":0.5454545617,"33":0.5691699386,"34":0.5494071245,"35":0.5217391253,"36":0.5138339996,"37":0.505928874,"38":0.5217391253,"39":0.5612648129,"40":0.5454545617,"41":0.5375494361,"42":0.5335968137,"43":0.5612648129,"44":0.5454545617,"45":0.5415019989,"46":0.5691699386,"47":0.5652173758,"48":0.5652173758,"49":0.5454545617}}