{"loss":{"0":2.3840765953,"1":1.95236516,"2":1.7177888155,"3":1.5431787968,"4":1.4114124775,"5":1.300112009,"6":1.2079914808,"7":1.1615898609,"8":1.1020160913,"9":1.059294939,"10":0.985450387,"11":0.9399313331,"12":0.9033040404,"13":0.8456729054,"14":0.8349221349,"15":0.79269135,"16":0.7518046498,"17":0.7544298172,"18":0.7067091465,"19":0.6613849998,"20":0.6455248594,"21":0.6360374689,"22":0.5904545784,"23":0.5256486535,"24":0.5243291855,"25":0.4772574902,"26":0.4664457738,"27":0.4551489949,"28":0.4250655472,"29":0.4002168477,"30":0.3830230832,"31":0.365042299,"32":0.3374214172,"33":0.3159762025,"34":0.3096017838,"35":0.2702733278,"36":0.2794032991,"37":0.2692555487,"38":0.2271940708,"39":0.2690173984,"40":0.2490687966,"41":0.2635194957,"42":0.2324616611,"43":0.1987579316,"44":0.2477088869,"45":0.1926643997,"46":0.1735828221,"47":0.1757020801,"48":0.1987603605,"49":0.1885951459},"recall":{"0":0.0255500358,"1":0.0518097952,"2":0.092264019,"3":0.1788502485,"4":0.2349183857,"5":0.3144073784,"6":0.3562810421,"7":0.3555713296,"8":0.3974449933,"9":0.4173172414,"10":0.4748048186,"11":0.4811923206,"12":0.5067423582,"13":0.5422285199,"14":0.5500354767,"15":0.5741660595,"16":0.5862313509,"17":0.5954577923,"18":0.6210078001,"19":0.661462009,"20":0.6550745368,"21":0.6529453397,"22":0.6976579428,"23":0.735273242,"24":0.7388218641,"25":0.7657913566,"26":0.7636621594,"27":0.7636621594,"28":0.7828246951,"29":0.8055358529,"30":0.809084475,"31":0.8303761482,"32":0.8424414396,"33":0.8424414396,"34":0.8523775935,"35":0.8772178888,"36":0.8687012196,"37":0.8814762235,"38":0.8914123774,"39":0.8743789792,"40":0.8864442706,"41":0.8750886917,"42":0.9027678967,"43":0.9034776688,"44":0.8977998495,"45":0.9176720977,"46":0.9254790545,"47":0.9297373891,"48":0.9091554284,"49":0.9212207198},"val_loss":{"0":1.8902477026,"1":1.6678209305,"2":1.516336441,"3":1.4734665155,"4":1.3873081207,"5":1.3768804073,"6":1.333349824,"7":1.2888259888,"8":1.250007987,"9":1.2844760418,"10":1.21614182,"11":1.2149695158,"12":1.221730113,"13":1.2038706541,"14":1.1973243952,"15":1.2328252792,"16":1.1542989016,"17":1.218960166,"18":1.1808485985,"19":1.2129451036,"20":1.2114113569,"21":1.2412787676,"22":1.2409632206,"23":1.2346975803,"24":1.2955055237,"25":1.2895368338,"26":1.3479819298,"27":1.409684062,"28":1.3316414356,"29":1.3567317724,"30":1.3920537233,"31":1.3960599899,"32":1.4235414267,"33":1.4254260063,"34":1.4632425308,"35":1.605298996,"36":1.5474088192,"37":1.6004565954,"38":1.6016087532,"39":1.5526485443,"40":1.6283262968,"41":1.6600135565,"42":1.645483017,"43":1.7340972424,"44":1.6730520725,"45":1.7863451242,"46":1.816026926,"47":1.8116619587,"48":1.7488620281,"49":1.8563518524},"val_recall":{"0":0.1422924846,"1":0.1422924846,"2":0.1936758906,"3":0.268774718,"4":0.2450592816,"5":0.3083004057,"6":0.2924901247,"7":0.3162055314,"8":0.3201580942,"9":0.4031620622,"10":0.3873517811,"11":0.3873517811,"12":0.4189723432,"13":0.4268774688,"14":0.3992094994,"15":0.4268774688,"16":0.4150197506,"17":0.4466403127,"18":0.4308300316,"19":0.4703557193,"20":0.4782608747,"21":0.4861660004,"22":0.4624505937,"23":0.4822134376,"24":0.4664031565,"25":0.4782608747,"26":0.4901185632,"27":0.4940711558,"28":0.5098814368,"29":0.4940711558,"30":0.5217391253,"31":0.505928874,"32":0.5138339996,"33":0.5217391253,"34":0.4980237186,"35":0.5296442509,"36":0.5217391253,"37":0.5177865624,"38":0.5177865624,"39":0.5098814368,"40":0.5533596873,"41":0.5296442509,"42":0.5256916881,"43":0.5296442509,"44":0.5177865624,"45":0.5177865624,"46":0.5177865624,"47":0.5019763112,"48":0.5375494361,"49":0.5098814368}}