{"loss":{"0":2.1619632244,"1":1.5061879158,"2":1.3327963352,"3":1.0741653442,"4":0.9629824758,"5":0.8712484241,"6":0.7370158434,"7":0.5966322422,"8":0.6126935482,"9":0.5273159742,"10":0.4187618494,"11":0.386873126,"12":0.4378726184,"13":0.3013523519,"14":0.2747602463,"15":0.3267416656,"16":0.2761045694,"17":0.2033650428,"18":0.3002817631,"19":0.1738768518,"20":0.18466039,"21":0.1764162332,"22":0.1235593408,"23":0.1619969308,"24":0.1055887118,"25":0.1500514448,"26":0.1176459566,"27":0.0897737294,"28":0.1036222726,"29":0.2681029141,"30":0.1178056523,"31":0.0902505293,"32":0.0785861686,"33":0.1794582456,"34":0.2123028785,"35":0.0889205784,"36":0.0792206675,"37":0.0636236295,"38":0.0744304359,"39":0.0687162131,"40":0.0679757521,"41":0.0726369321,"42":0.0637718961,"43":0.0868766755,"44":0.0579904318,"45":0.0739026442,"46":0.060010951,"47":0.07400693,"48":0.0852985606,"49":0.0822100341},"recall":{"0":0.0511000715,"1":0.2313697636,"2":0.3151170909,"3":0.40525195,"4":0.4847409427,"5":0.529453516,"6":0.5876508355,"7":0.6891412139,"8":0.6721078753,"9":0.735273242,"10":0.7821149826,"11":0.8183108568,"12":0.7849538922,"13":0.8601845503,"14":0.8729595542,"15":0.8516678214,"16":0.880766511,"17":0.9148331881,"18":0.8779276013,"19":0.926188767,"20":0.9198012948,"21":0.9325762987,"22":0.942512393,"23":0.9361249208,"24":0.9552874565,"25":0.9339957237,"26":0.955997169,"27":0.9616749287,"28":0.9602555037,"29":0.9063165188,"30":0.9496096373,"31":0.9638041258,"32":0.9687721729,"33":0.9311568737,"34":0.9268985391,"35":0.9609652162,"36":0.9673527479,"37":0.9716110826,"38":0.9659332633,"39":0.9730305076,"40":0.9737402201,"41":0.97090137,"42":0.9765791297,"43":0.9638041258,"44":0.9744499922,"45":0.9701915979,"46":0.9751597047,"47":0.9680624604,"48":0.9652235508,"49":0.9652235508},"val_loss":{"0":1.6109622717,"1":1.7018487453,"2":1.2871291637,"3":1.3253800869,"4":1.2958389521,"5":1.3965852261,"6":1.329795599,"7":1.2989519835,"8":1.7091472149,"9":1.6701782942,"10":1.5308858156,"11":2.0271990299,"12":1.6334092617,"13":2.0621678829,"14":2.0668845177,"15":2.0035033226,"16":1.8067374229,"17":1.725848794,"18":1.8193645477,"19":2.0173399448,"20":2.227129221,"21":2.3070702553,"22":2.3661749363,"23":2.3565628529,"24":2.3749136925,"25":2.6331379414,"26":2.4447834492,"27":2.441521883,"28":2.4906523228,"29":2.0834944248,"30":2.1172940731,"31":2.3684933186,"32":2.6828587055,"33":2.1319200993,"34":2.3543863297,"35":2.4183683395,"36":2.4708197117,"37":2.4910414219,"38":2.4497601986,"39":2.5920677185,"40":2.5980575085,"41":2.7878234386,"42":2.5486531258,"43":2.6574947834,"44":2.5277769566,"45":2.8339018822,"46":2.8334643841,"47":2.94231534,"48":2.3315970898,"49":2.351701498},"val_recall":{"0":0.2727272809,"1":0.3201580942,"2":0.2608695626,"3":0.4308300316,"4":0.3636363745,"5":0.4031620622,"6":0.4466403127,"7":0.4545454681,"8":0.4861660004,"9":0.4861660004,"10":0.5019763112,"11":0.4466403127,"12":0.5375494361,"13":0.4980237186,"14":0.505928874,"15":0.4861660004,"16":0.5335968137,"17":0.5296442509,"18":0.5177865624,"19":0.5533596873,"20":0.5296442509,"21":0.5770751238,"22":0.5612648129,"23":0.5019763112,"24":0.5335968137,"25":0.5454545617,"26":0.5415019989,"27":0.5652173758,"28":0.5098814368,"29":0.5335968137,"30":0.5612648129,"31":0.5533596873,"32":0.5454545617,"33":0.5217391253,"34":0.5335968137,"35":0.5256916881,"36":0.5652173758,"37":0.5415019989,"38":0.5533596873,"39":0.5415019989,"40":0.5533596873,"41":0.5217391253,"42":0.5494071245,"43":0.5335968137,"44":0.5296442509,"45":0.5335968137,"46":0.5335968137,"47":0.5454545617,"48":0.5494071245,"49":0.5573122501}}