{"loss":{"0":6.9089102745,"1":2.2317271233,"2":2.1899528503,"3":2.1717817783,"4":2.1592988968,"5":2.1605563164,"6":2.1640930176,"7":2.1565477848,"8":2.1555738449,"9":2.1588282585,"10":2.1555335522,"11":2.1570606232,"12":2.1559934616,"13":2.1549563408,"14":2.1548109055,"15":2.154399395,"16":2.156639576,"17":2.1573104858,"18":2.1548206806,"19":2.1558692455,"20":2.1565527916,"21":2.1550137997,"22":2.1557724476,"23":2.1557562351,"24":2.1549532413,"25":2.1561205387,"26":2.1544747353,"27":2.1568856239,"28":2.1541557312,"29":2.1563522816,"30":2.1566903591,"31":2.1556820869,"32":2.1568689346,"33":2.1541798115,"34":2.1369719505,"35":2.1644136906,"36":2.1556677818,"37":2.1516904831,"38":2.1269228458,"39":2.0690205097,"40":1.897513628,"41":1.8955808878,"42":1.7914642096,"43":1.7403128147,"44":1.6091510057,"45":1.559702158,"46":1.5566499233,"47":1.3657927513,"48":1.3966157436,"49":1.2706444263},"recall":{"0":0.0269694813,"1":0.0,"2":0.0,"3":0.0,"4":0.0,"5":0.0,"6":0.0,"7":0.0,"8":0.0,"9":0.0,"10":0.0,"11":0.0,"12":0.0,"13":0.0,"14":0.0,"15":0.0,"16":0.0,"17":0.0,"18":0.0,"19":0.0,"20":0.0,"21":0.0,"22":0.0,"23":0.0,"24":0.0,"25":0.0,"26":0.0,"27":0.0,"28":0.0,"29":0.0,"30":0.0,"31":0.0,"32":0.0,"33":0.0,"34":0.0,"35":0.0,"36":0.0,"37":0.0,"38":0.0007097232,"39":0.0014194464,"40":0.0127750179,"41":0.034776438,"42":0.0269694813,"43":0.0425833911,"44":0.0965223536,"45":0.1632363349,"46":0.2114975154,"47":0.2547906339,"48":0.2242725343,"49":0.3016323745},"val_loss":{"0":1.907482028,"1":2.0275418758,"2":2.0252876282,"3":1.9889422655,"4":1.9674501419,"5":1.9593479633,"6":1.9569033384,"7":1.9477280378,"8":1.9475165606,"9":1.9395536184,"10":1.9414459467,"11":1.9463846684,"12":1.9463993311,"13":1.9435557127,"14":1.943333149,"15":1.9407840967,"16":1.9401029348,"17":1.9408273697,"18":1.9435720444,"19":1.941285491,"20":1.9453703165,"21":1.9452388287,"22":1.9442614317,"23":1.9480999708,"24":1.944476366,"25":1.9444360733,"26":1.9477348328,"27":1.9446102381,"28":1.9428915977,"29":1.9411948919,"30":1.94217062,"31":1.9409315586,"32":1.9381030798,"33":1.9322670698,"34":2.046579361,"35":1.9287971258,"36":1.9432137012,"37":1.9507806301,"38":1.8619198799,"39":1.8031922579,"40":1.7041759491,"41":1.6458508968,"42":1.6084507704,"43":1.5677974224,"44":1.4630411863,"45":1.4065871239,"46":1.4061251879,"47":1.38780725,"48":1.3476679325,"49":1.3633277416},"val_recall":{"0":0.0,"1":0.0,"2":0.0,"3":0.0,"4":0.0,"5":0.0,"6":0.0,"7":0.0,"8":0.0,"9":0.0,"10":0.0,"11":0.0,"12":0.0,"13":0.0,"14":0.0,"15":0.0,"16":0.0,"17":0.0,"18":0.0,"19":0.0,"20":0.0,"21":0.0,"22":0.0,"23":0.0,"24":0.0,"25":0.0,"26":0.0,"27":0.0,"28":0.0,"29":0.0,"30":0.0,"31":0.0,"32":0.0,"33":0.0,"34":0.0,"35":0.0,"36":0.0,"37":0.0,"38":0.0,"39":0.0,"40":0.0,"41":0.0553359687,"42":0.0,"43":0.0,"44":0.0316205546,"45":0.0711462423,"46":0.0513833985,"47":0.0434782617,"48":0.118577078,"49":0.169960469}}