{"loss":{"0":9.3327226639,"1":4.0413646698,"2":2.9717504978,"3":2.465955019,"4":2.2510874271,"5":2.0813171864,"6":1.9425803423,"7":1.8173568249,"8":1.8316166401,"9":1.7430510521,"10":1.7455576658,"11":1.6591249704,"12":1.5655671358,"13":1.5644634962,"14":1.4835581779,"15":1.464669466,"16":1.4520740509,"17":1.3875238895,"18":1.3427101374,"19":1.3962696791,"20":1.3183293343,"21":1.2571607828,"22":1.2544602156,"23":1.2144830227,"24":1.1875197887,"25":1.1499099731,"26":1.1455190182,"27":1.1173070669,"28":1.1184828281,"29":1.0573921204,"30":1.0676958561,"31":1.038173914,"32":1.0280271769,"33":1.0610172749,"34":0.997867465,"35":0.9600921273,"36":0.9437998533,"37":0.9439612627,"38":0.9380749464,"39":0.9045878649,"40":0.8618870974,"41":0.8972733617,"42":0.8453678489,"43":0.7993725538,"44":0.8311467767,"45":0.8208227754,"46":0.793897748,"47":0.8004447818,"48":0.7561807036,"49":0.7853983045},"recall":{"0":0.1234918386,"1":0.1462029815,"2":0.1575585455,"3":0.1547196656,"4":0.1667849571,"5":0.1831085831,"6":0.2008516639,"7":0.2093683481,"8":0.2122072428,"9":0.2171753049,"10":0.2228530943,"11":0.2327892184,"12":0.2540809214,"13":0.2682753801,"14":0.2895670831,"15":0.2853087187,"16":0.3115684986,"17":0.3222143352,"18":0.3264726698,"19":0.3321504593,"20":0.3385379612,"21":0.3726046979,"22":0.3697657883,"23":0.3797019124,"24":0.388928324,"25":0.4364797771,"26":0.426543653,"27":0.4428672791,"28":0.4428672791,"29":0.4712561965,"30":0.4769339859,"31":0.4755145609,"32":0.464158982,"33":0.4811923206,"34":0.4755145609,"35":0.5216465592,"36":0.5244854689,"37":0.5237757564,"38":0.5301632285,"39":0.5429382324,"40":0.5635202527,"41":0.5400993824,"42":0.5777146816,"43":0.5833925009,"44":0.5656493902,"45":0.5954577923,"46":0.5947480202,"47":0.5919091702,"48":0.6103619337,"49":0.6061035991},"val_loss":{"0":1.9540313482,"1":1.8336966038,"2":1.7582241297,"3":1.7270675898,"4":1.7422069311,"5":1.6783666611,"6":1.6646667719,"7":1.6444905996,"8":1.617503047,"9":1.6362142563,"10":1.5979932547,"11":1.5752910376,"12":1.5411893129,"13":1.5284297466,"14":1.503205657,"15":1.4925694466,"16":1.474003315,"17":1.4608720541,"18":1.4459264278,"19":1.4558985233,"20":1.4285094738,"21":1.4129084349,"22":1.4125121832,"23":1.3918174505,"24":1.3675984144,"25":1.3810281754,"26":1.3625987768,"27":1.3534003496,"28":1.3332465887,"29":1.3263320923,"30":1.3175170422,"31":1.3104106188,"32":1.3165905476,"33":1.3039184809,"34":1.2929409742,"35":1.2932254076,"36":1.2998014688,"37":1.2987653017,"38":1.3223183155,"39":1.2947800159,"40":1.279899478,"41":1.2796117067,"42":1.2502396107,"43":1.2464076281,"44":1.2621841431,"45":1.2339304686,"46":1.2365188599,"47":1.2378607988,"48":1.2368842363,"49":1.2488663197},"val_recall":{"0":0.169960469,"1":0.0474308282,"2":0.0355731212,"3":0.0237154141,"4":0.0197628457,"5":0.0237154141,"6":0.0395256914,"7":0.0355731212,"8":0.0355731212,"9":0.0316205546,"10":0.0395256914,"11":0.0553359687,"12":0.0632411093,"13":0.059288539,"14":0.0711462423,"15":0.0671936795,"16":0.0750988126,"17":0.0869565234,"18":0.0869565234,"19":0.1067193672,"20":0.1225296408,"21":0.1225296408,"22":0.134387359,"23":0.134387359,"24":0.1660079062,"25":0.1620553434,"26":0.1660079062,"27":0.1739130467,"28":0.2134387344,"29":0.2055335939,"30":0.2094861716,"31":0.2134387344,"32":0.2490118593,"33":0.2490118593,"34":0.2608695626,"35":0.2490118593,"36":0.237154156,"37":0.2292490155,"38":0.237154156,"39":0.237154156,"40":0.2648221254,"41":0.2490118593,"42":0.2806324065,"43":0.2964426875,"44":0.3003952503,"45":0.2924901247,"46":0.2845849693,"47":0.3122529685,"48":0.3043478131,"49":0.3162055314}}