{"loss":{"0":6.8651156425,"1":2.8057572842,"2":2.1960077286,"3":2.0105485916,"4":1.8683389425,"5":1.7823120356,"6":1.7258425951,"7":1.6971592903,"8":1.5920089483,"9":1.482190609,"10":1.4746391773,"11":1.4127575159,"12":1.387873292,"13":1.3457431793,"14":1.2969765663,"15":1.2706301212,"16":1.2674036026,"17":1.168533802,"18":1.149261713,"19":1.1149431467,"20":1.1052048206,"21":1.0512107611,"22":1.0054537058,"23":0.9884088039,"24":0.9678374529,"25":0.9236777425,"26":0.9134367108,"27":0.8933493495,"28":0.8697886467,"29":0.8535119891,"30":0.7943675518,"31":0.7597876191,"32":0.7574605942,"33":0.7368353605,"34":0.7338351607,"35":0.7096886635,"36":0.7230173349,"37":0.6882908344,"38":0.6427024603,"39":0.6659321785,"40":0.6280871034,"41":0.5960008502,"42":0.5896751881,"43":0.5553714633,"44":0.5641235113,"45":0.5676326752,"46":0.5093812346,"47":0.4853698313,"48":0.4884701669,"49":0.4397521913},"recall":{"0":0.1497516036,"1":0.1270404607,"2":0.1440738142,"3":0.1504613161,"4":0.1462029815,"5":0.1831085831,"6":0.2036905587,"7":0.2093683481,"8":0.2334989309,"9":0.2753725946,"10":0.2760823369,"11":0.3016323745,"12":0.3158268332,"13":0.3307310045,"14":0.3470546603,"15":0.3541518748,"16":0.3647977412,"17":0.3903477788,"18":0.4286728203,"19":0.4215755761,"20":0.4535131156,"21":0.4790631533,"22":0.4840312302,"23":0.5017743111,"24":0.4996451437,"25":0.5209368467,"26":0.5244854689,"27":0.5542938113,"28":0.5613910556,"29":0.5826827288,"30":0.5968772173,"31":0.6046841741,"32":0.616039753,"33":0.6458480954,"34":0.6288147569,"35":0.6522356272,"36":0.6366217136,"37":0.6550745368,"38":0.6969481707,"39":0.6593328714,"40":0.6891412139,"41":0.7068843246,"42":0.7026259899,"43":0.7260468602,"44":0.718949616,"45":0.7146912813,"46":0.7480482459,"47":0.7615330219,"48":0.7650816441,"49":0.7885024548},"val_loss":{"0":1.9424325228,"1":1.7670900822,"2":1.6877996922,"3":1.6689651012,"4":1.5833564997,"5":1.58393538,"6":1.5051956177,"7":1.477142334,"8":1.4553601742,"9":1.4336369038,"10":1.4524213076,"11":1.3710108995,"12":1.4025912285,"13":1.3710865974,"14":1.3092802763,"15":1.3369231224,"16":1.3226853609,"17":1.3092688322,"18":1.2878775597,"19":1.3032172918,"20":1.2640018463,"21":1.2294307947,"22":1.2620098591,"23":1.2756694555,"24":1.2877193689,"25":1.2597743273,"26":1.2784389257,"27":1.2650724649,"28":1.2606155872,"29":1.250223279,"30":1.2576805353,"31":1.2264765501,"32":1.2404017448,"33":1.2406256199,"34":1.2595021725,"35":1.2294096947,"36":1.2515859604,"37":1.2421765327,"38":1.2754768133,"39":1.2577644587,"40":1.2737386227,"41":1.3018007278,"42":1.2874230146,"43":1.309448123,"44":1.3223291636,"45":1.3024411201,"46":1.3250900507,"47":1.3594610691,"48":1.3891637325,"49":1.3592400551},"val_recall":{"0":0.0988142267,"1":0.0948616564,"2":0.059288539,"3":0.0790513828,"4":0.0711462423,"5":0.0750988126,"6":0.1422924846,"7":0.1581027657,"8":0.1818181872,"9":0.1976284534,"10":0.1541502029,"11":0.2015810311,"12":0.169960469,"13":0.18577075,"14":0.268774718,"15":0.2450592816,"16":0.2411067188,"17":0.268774718,"18":0.2924901247,"19":0.3320158124,"20":0.3043478131,"21":0.3241106868,"22":0.3517786562,"23":0.3478260934,"24":0.3517786562,"25":0.3833992183,"26":0.3517786562,"27":0.3596837819,"28":0.3952569067,"29":0.4031620622,"30":0.3992094994,"31":0.4308300316,"32":0.4150197506,"33":0.407114625,"34":0.4110671878,"35":0.4189723432,"36":0.4387351871,"37":0.4268774688,"38":0.4308300316,"39":0.4466403127,"40":0.4466403127,"41":0.4466403127,"42":0.4505928755,"43":0.4387351871,"44":0.4703557193,"45":0.4664031565,"46":0.4940711558,"47":0.4940711558,"48":0.505928874,"49":0.5098814368}}