{"loss":{"0":4.6559076309,"1":2.3716392517,"2":1.9644258022,"3":2.0012614727,"4":1.8361821175,"5":1.7703415155,"6":1.7158879042,"7":1.6912428141,"8":1.5893979073,"9":1.5405335426,"10":1.5183113813,"11":1.4358556271,"12":1.4074747562,"13":1.4037964344,"14":1.3734959364,"15":1.3192510605,"16":1.3091839552,"17":1.2830212116,"18":1.2140161991,"19":1.2592720985,"20":1.2006579638,"21":1.2740632296,"22":1.1341091394,"23":1.1283373833,"24":1.1050382853,"25":1.106074214,"26":1.0826370716,"27":1.0438438654,"28":1.0485737324,"29":1.0632594824,"30":0.9878556728,"31":1.0005757809,"32":0.9778040051,"33":0.946998775,"34":0.9661653638,"35":0.9890679121,"36":0.9493639469,"37":0.9034761786,"38":0.8923387527,"39":0.9359507561,"40":0.8735439181,"41":0.8817659616,"42":0.8706995845,"43":0.7896417379,"44":0.8297218084,"45":0.7650507689,"46":0.7891494632,"47":0.9595718384,"48":0.8557975292,"49":0.9329446554},"recall":{"0":0.1511710435,"1":0.13555713,"2":0.1525904834,"3":0.1518807709,"4":0.1767210811,"5":0.1724627465,"6":0.1816891432,"7":0.2008516639,"8":0.205819726,"9":0.2327892184,"10":0.2278211564,"11":0.2484031171,"12":0.2867281735,"13":0.2661462128,"14":0.2845990062,"15":0.2796309292,"16":0.3179560006,"17":0.3122782111,"18":0.3264726698,"19":0.3378282487,"20":0.3442157507,"21":0.3548616171,"22":0.3754435778,"23":0.3931866586,"24":0.4208658636,"25":0.4166075289,"26":0.4144783616,"27":0.4251241982,"28":0.4371894896,"29":0.4471256137,"30":0.4471256137,"31":0.4464159012,"32":0.4620298147,"33":0.4811923206,"34":0.5003548861,"35":0.4911284745,"36":0.4826117754,"37":0.514549315,"38":0.5322924256,"39":0.5152590275,"40":0.529453516,"41":0.5422285199,"42":0.5337118506,"43":0.572036922,"44":0.5663591027,"45":0.573456347,"46":0.589779973,"47":0.5379701853,"48":0.5464868546,"49":0.5408090949},"val_loss":{"0":1.7682827711,"1":1.6770380735,"2":1.550547719,"3":1.5630232096,"4":1.5865676403,"5":1.5283111334,"6":1.4585597515,"7":1.4505001307,"8":1.4210548401,"9":1.4066824913,"10":1.3725392818,"11":1.3644481897,"12":1.3789445162,"13":1.3379044533,"14":1.3304373026,"15":1.3131392002,"16":1.3219847679,"17":1.2902508974,"18":1.2580945492,"19":1.2809541225,"20":1.2615644932,"21":1.2790066004,"22":1.2393419743,"23":1.2475572824,"24":1.2424379587,"25":1.2121143341,"26":1.2347123623,"27":1.2028069496,"28":1.1835108995,"29":1.1893018484,"30":1.1833746433,"31":1.1964527369,"32":1.2174369097,"33":1.2055543661,"34":1.2188686132,"35":1.201269865,"36":1.2135242224,"37":1.1916520596,"38":1.2169504166,"39":1.2397654057,"40":1.2231009007,"41":1.208873868,"42":1.2006675005,"43":1.2079541683,"44":1.2108734846,"45":1.2365039587,"46":1.2204078436,"47":1.2257051468,"48":1.2220029831,"49":1.2467614412},"val_recall":{"0":0.0671936795,"1":0.0395256914,"2":0.0553359687,"3":0.0671936795,"4":0.0355731212,"5":0.0553359687,"6":0.0711462423,"7":0.0948616564,"8":0.1106719375,"9":0.1264822185,"10":0.1501976252,"11":0.18577075,"12":0.1620553434,"13":0.1936758906,"14":0.1897233129,"15":0.2094861716,"16":0.1976284534,"17":0.2292490155,"18":0.2411067188,"19":0.2252964377,"20":0.2450592816,"21":0.2766798437,"22":0.3003952503,"23":0.2885375619,"24":0.2885375619,"25":0.3201580942,"26":0.2964426875,"27":0.3596837819,"28":0.3517786562,"29":0.3754940629,"30":0.3517786562,"31":0.3754940629,"32":0.3241106868,"33":0.3913043439,"34":0.422924906,"35":0.4268774688,"36":0.3992094994,"37":0.422924906,"38":0.4268774688,"39":0.4387351871,"40":0.4347825944,"41":0.4387351871,"42":0.4545454681,"43":0.4901185632,"44":0.4426877499,"45":0.4505928755,"46":0.4940711558,"47":0.4782608747,"48":0.4703557193,"49":0.4624505937}}