{"loss":{"0":4.89879179,"1":2.3020482063,"2":2.2893087864,"3":2.2834067345,"4":2.2774548531,"5":2.2721500397,"6":2.266285181,"7":2.2611455917,"8":2.2564456463,"9":2.2513046265,"10":2.2459340096,"11":2.2419223785,"12":2.2379887104,"13":2.2340707779,"14":2.2302303314,"15":2.2264630795,"16":2.2236876488,"17":2.2196512222,"18":2.2170152664,"19":2.2125496864,"20":2.2108781338,"21":2.2076156139,"22":2.2052030563,"23":2.2021255493,"24":2.2000136375,"25":2.19734025,"26":2.1952004433,"27":2.1932220459,"28":2.1927654743,"29":2.1899569035,"30":2.1867616177,"31":2.1856417656,"32":2.1839926243,"33":2.1804721355,"34":2.1796205044,"35":2.1778151989,"36":2.1779155731,"37":2.1755735874,"38":2.1753892899,"39":2.1741836071,"40":2.1737780571,"41":2.1756694317,"42":2.1683776379,"43":2.1685512066,"44":2.1677837372,"45":2.1690201759,"46":2.1667630672,"47":2.1663696766,"48":2.1649887562,"49":2.1651585102},"recall":{"0":0.0205819737,"1":0.0,"2":0.0,"3":0.0,"4":0.0,"5":0.0,"6":0.0,"7":0.0,"8":0.0,"9":0.0,"10":0.0,"11":0.0,"12":0.0,"13":0.0,"14":0.0,"15":0.0,"16":0.0,"17":0.0,"18":0.0,"19":0.0,"20":0.0,"21":0.0,"22":0.0,"23":0.0,"24":0.0,"25":0.0,"26":0.0,"27":0.0,"28":0.0,"29":0.0,"30":0.0,"31":0.0,"32":0.0,"33":0.0,"34":0.0,"35":0.0,"36":0.0,"37":0.0,"38":0.0,"39":0.0,"40":0.0,"41":0.0,"42":0.0,"43":0.0,"44":0.0,"45":0.0,"46":0.0,"47":0.0,"48":0.0,"49":0.0},"val_loss":{"0":2.2952587605,"1":2.2838528156,"2":2.2730433941,"3":2.2623236179,"4":2.2513568401,"5":2.2409763336,"6":2.2307662964,"7":2.2207930088,"8":2.2112443447,"9":2.2018821239,"10":2.1925635338,"11":2.1840531826,"12":2.1760828495,"13":2.1680715084,"14":2.1599042416,"15":2.1524677277,"16":2.1449084282,"17":2.1374719143,"18":2.1308965683,"19":2.1242051125,"20":2.1176497936,"21":2.1112372875,"22":2.1050181389,"23":2.0987372398,"24":2.0931277275,"25":2.0871543884,"26":2.0819013119,"27":2.0766358376,"28":2.0714981556,"29":2.0664007664,"30":2.061245203,"31":2.0563704967,"32":2.0521485806,"33":2.0478043556,"34":2.0437607765,"35":2.0393791199,"36":2.0352239609,"37":2.0311689377,"38":2.0277721882,"39":2.0238678455,"40":2.0209789276,"41":2.0179011822,"42":2.0145897865,"43":2.0111706257,"44":2.00781703,"45":2.0053145885,"46":2.0023252964,"47":2.0000090599,"48":1.99723804,"49":1.9949023724},"val_recall":{"0":0.0,"1":0.0,"2":0.0,"3":0.0,"4":0.0,"5":0.0,"6":0.0,"7":0.0,"8":0.0,"9":0.0,"10":0.0,"11":0.0,"12":0.0,"13":0.0,"14":0.0,"15":0.0,"16":0.0,"17":0.0,"18":0.0,"19":0.0,"20":0.0,"21":0.0,"22":0.0,"23":0.0,"24":0.0,"25":0.0,"26":0.0,"27":0.0,"28":0.0,"29":0.0,"30":0.0,"31":0.0,"32":0.0,"33":0.0,"34":0.0,"35":0.0,"36":0.0,"37":0.0,"38":0.0,"39":0.0,"40":0.0,"41":0.0,"42":0.0,"43":0.0,"44":0.0,"45":0.0,"46":0.0,"47":0.0,"48":0.0,"49":0.0}}