{"loss":{"0":29.5730648041,"1":14.1400938034,"2":7.1994357109,"3":4.9645681381,"4":3.4262292385,"5":2.697794199,"6":2.4146389961,"7":2.5331597328,"8":2.1410739422,"9":1.9137114286,"10":1.8051867485,"11":1.7749288082,"12":1.5599024296,"13":1.5333533287,"14":1.4218326807,"15":1.4358770847,"16":1.3159928322,"17":1.2400205135,"18":1.2029217482,"19":1.1166543961,"20":1.0964157581,"21":1.1068398952,"22":1.0232044458,"23":1.0732332468,"24":1.0100368261,"25":1.1143306494,"26":1.0416914225,"27":1.0583735704,"28":0.9859764576,"29":0.9296145439,"30":1.0268785954,"31":0.9328642488,"32":0.821491003,"33":0.8639903665,"34":0.7576894164,"35":0.7689238191,"36":0.691236496,"37":0.771692574,"38":0.8615167141,"39":0.6926210523,"40":0.6662641168,"41":0.722066462,"42":0.6681121588,"43":0.6204058528,"44":0.5709018111,"45":0.5951838493,"46":0.6868739724,"47":0.5444665551,"48":0.5527737737,"49":0.5257096291},"recall":{"0":0.1873669326,"1":0.2306600362,"2":0.2618878782,"3":0.2696948051,"4":0.286018461,"5":0.3101490438,"6":0.3172462881,"7":0.3314407468,"8":0.3257629573,"9":0.3498935401,"10":0.3690560758,"11":0.3420865834,"12":0.3768630326,"13":0.4024130702,"14":0.4378992319,"15":0.4293825328,"16":0.4300922751,"17":0.4584811926,"18":0.4897090197,"19":0.4982256889,"20":0.5180979371,"21":0.5251951814,"22":0.5542938113,"23":0.5237757564,"24":0.5400993824,"25":0.5166785121,"26":0.5400993824,"27":0.558552146,"28":0.5706174374,"29":0.573456347,"30":0.572036922,"31":0.6018452644,"32":0.617459178,"33":0.6202980876,"34":0.6650106311,"35":0.6344925761,"36":0.6919801235,"37":0.6735273004,"38":0.6408800483,"39":0.6933995485,"40":0.7040454149,"41":0.7026259899,"42":0.7012065053,"43":0.7331440449,"44":0.750177443,"45":0.7317246199,"46":0.7033357024,"47":0.7508871555,"48":0.7721788287,"49":0.7750177383},"val_loss":{"0":4.7949848175,"1":2.5549614429,"2":2.0881276131,"3":1.7443085909,"4":1.583782196,"5":1.5462288857,"6":1.4775373936,"7":1.4660168886,"8":1.4135650396,"9":1.471280098,"10":1.397969842,"11":1.3834499121,"12":1.3608552217,"13":1.3553593159,"14":1.3813806772,"15":1.3566752672,"16":1.3510476351,"17":1.3475798368,"18":1.3097741604,"19":1.3232109547,"20":1.2781349421,"21":1.3107230663,"22":1.2977643013,"23":1.3195480108,"24":1.3097484112,"25":1.3222622871,"26":1.3268994093,"27":1.3103363514,"28":1.3045222759,"29":1.3196948767,"30":1.3139026165,"31":1.2746579647,"32":1.2813231945,"33":1.2626543045,"34":1.2954101562,"35":1.3083949089,"36":1.3022506237,"37":1.2761633396,"38":1.2946082354,"39":1.3050715923,"40":1.3551673889,"41":1.3228456974,"42":1.3405358791,"43":1.3648489714,"44":1.3885663748,"45":1.4466401339,"46":1.3699470758,"47":1.4120473862,"48":1.4214172363,"49":1.426892519},"val_recall":{"0":0.2924901247,"1":0.3992094994,"2":0.3043478131,"3":0.3043478131,"4":0.2213438749,"5":0.2252964377,"6":0.1818181872,"7":0.1897233129,"8":0.1976284534,"9":0.1541502029,"10":0.2213438749,"11":0.2213438749,"12":0.2134387344,"13":0.2292490155,"14":0.252964437,"15":0.2648221254,"16":0.2885375619,"17":0.268774718,"18":0.2924901247,"19":0.3122529685,"20":0.3241106868,"21":0.3438735306,"22":0.3122529685,"23":0.3438735306,"24":0.3162055314,"25":0.3517786562,"26":0.3754940629,"27":0.3754940629,"28":0.3517786562,"29":0.3833992183,"30":0.407114625,"31":0.4466403127,"32":0.4308300316,"33":0.4466403127,"34":0.4782608747,"35":0.4624505937,"36":0.4466403127,"37":0.4387351871,"38":0.4664031565,"39":0.4584980309,"40":0.4703557193,"41":0.4743083119,"42":0.4822134376,"43":0.4940711558,"44":0.4980237186,"45":0.4782608747,"46":0.4782608747,"47":0.5098814368,"48":0.4861660004,"49":0.5019763112}}