{"loss":{"0":40315.765625,"1":527.4331665039,"2":729.3154907227,"3":2.4081459045,"4":2.2548348904,"5":2.1785948277,"6":2.1636977196,"7":2.1630511284,"8":2.1643004417,"9":2.1626255512,"10":2.1651833057,"11":2.1656587124,"12":2.1612150669,"13":2.1589152813,"14":2.1597063541,"15":2.1587209702,"16":2.1591494083,"17":2.1562287807,"18":2.1553688049,"19":2.1547412872,"20":2.1564891338,"21":2.1562716961,"22":2.155413866,"23":2.1554095745,"24":2.1557590961,"25":2.1549744606,"26":2.1552703381,"27":2.1553754807,"28":2.1553611755,"29":2.1548235416,"30":2.1547250748,"31":2.1544160843,"32":2.1550369263,"33":2.1553595066,"34":2.1542048454,"35":2.1553258896,"36":2.1554579735,"37":2.1549680233,"38":2.1550471783,"39":2.1548891068,"40":2.1552026272,"41":2.1551625729,"42":2.1548740864,"43":2.1551158428,"44":2.1548628807,"45":2.1552319527,"46":2.1544797421,"47":2.1546602249,"48":2.1545667648,"49":2.1551716328},"recall":{"0":0.0589070246,"1":0.0014194464,"2":0.0007097232,"3":0.0007097232,"4":0.0007097232,"5":0.0,"6":0.0,"7":0.0,"8":0.0,"9":0.0,"10":0.0,"11":0.0,"12":0.0,"13":0.0,"14":0.0,"15":0.0,"16":0.0,"17":0.0,"18":0.0,"19":0.0,"20":0.0,"21":0.0,"22":0.0,"23":0.0,"24":0.0,"25":0.0,"26":0.0,"27":0.0,"28":0.0,"29":0.0,"30":0.0,"31":0.0,"32":0.0,"33":0.0,"34":0.0,"35":0.0,"36":0.0,"37":0.0,"38":0.0,"39":0.0,"40":0.0,"41":0.0,"42":0.0,"43":0.0,"44":0.0,"45":0.0,"46":0.0,"47":0.0,"48":0.0,"49":0.0},"val_loss":{"0":9.522187233,"1":4.424973011,"2":4.0310640335,"3":2.0706863403,"4":2.1262731552,"5":2.1387279034,"6":2.061101675,"7":2.0991828442,"8":2.1007401943,"9":2.0909163952,"10":2.1038916111,"11":2.1100473404,"12":2.085524559,"13":2.0790688992,"14":2.0919275284,"15":2.0774109364,"16":2.0889718533,"17":2.0897989273,"18":2.090569973,"19":2.0805439949,"20":2.0757863522,"21":2.0736458302,"22":2.0692956448,"23":2.0680203438,"24":2.0668635368,"25":2.0678927898,"26":2.0705084801,"27":2.0746884346,"28":2.0709860325,"29":2.0751752853,"30":2.075209856,"31":2.0718944073,"32":2.0692152977,"33":2.0682895184,"34":2.0675032139,"35":2.0663669109,"36":2.0726997852,"37":2.0701482296,"38":2.0714039803,"39":2.0704059601,"40":2.0719931126,"41":2.0704443455,"42":2.0669021606,"43":2.0633695126,"44":2.0676898956,"45":2.065592289,"46":2.0703346729,"47":2.0747485161,"48":2.0708026886,"49":2.0686562061},"val_recall":{"0":0.0,"1":0.0,"2":0.0,"3":0.0,"4":0.0,"5":0.0,"6":0.0,"7":0.0,"8":0.0,"9":0.0,"10":0.0,"11":0.0,"12":0.0,"13":0.0,"14":0.0,"15":0.0,"16":0.0,"17":0.0,"18":0.0,"19":0.0,"20":0.0,"21":0.0,"22":0.0,"23":0.0,"24":0.0,"25":0.0,"26":0.0,"27":0.0,"28":0.0,"29":0.0,"30":0.0,"31":0.0,"32":0.0,"33":0.0,"34":0.0,"35":0.0,"36":0.0,"37":0.0,"38":0.0,"39":0.0,"40":0.0,"41":0.0,"42":0.0,"43":0.0,"44":0.0,"45":0.0,"46":0.0,"47":0.0,"48":0.0,"49":0.0}}