{"loss":{"0":4.3501691818,"1":2.5691783428,"2":2.244781971,"3":2.0225625038,"4":1.9178391695,"5":1.8690694571,"6":1.7607222795,"7":1.6960545778,"8":1.6167757511,"9":1.5534418821,"10":1.5102431774,"11":1.4665488005,"12":1.4630248547,"13":1.3580415249,"14":1.321816802,"15":1.3291816711,"16":1.2600841522,"17":1.2260340452,"18":1.1968142986,"19":1.2035170794,"20":1.1015555859,"21":1.1282732487,"22":1.1196196079,"23":1.0594223738,"24":1.0351228714,"25":0.9649684429,"26":0.9546479583,"27":0.8996087313,"28":0.9148625135,"29":0.8972955346,"30":0.8400418758,"31":0.8429472446,"32":0.8209031224,"33":0.8055417538,"34":0.7574525476,"35":0.7563860416,"36":0.7331787348,"37":0.7178418636,"38":0.6792302132,"39":0.643243432,"40":0.6258187294,"41":0.6662316322,"42":0.6531462669,"43":0.6138813496,"44":0.5835185051,"45":0.5865458846,"46":0.5348729491,"47":0.570991993,"48":0.5317185521,"49":0.5439766049},"recall":{"0":0.1036195904,"1":0.1085876524,"2":0.1178140491,"3":0.1206529438,"4":0.1476224214,"5":0.1547196656,"6":0.1603974402,"7":0.1831085831,"8":0.2157558501,"9":0.2413058877,"10":0.2597586811,"11":0.2611781359,"12":0.2753725946,"13":0.3094393313,"14":0.3271824121,"15":0.32363379,"16":0.3619588315,"17":0.3733144104,"18":0.3882185817,"19":0.3917672038,"20":0.4258339107,"21":0.4166075289,"22":0.4144783616,"23":0.4591909051,"24":0.4606103599,"25":0.4911284745,"26":0.5074520707,"27":0.529453516,"28":0.5195173621,"29":0.5493257642,"30":0.558552146,"31":0.5713272095,"32":0.573456347,"33":0.5876508355,"34":0.6068133712,"35":0.6039744616,"36":0.6202980876,"37":0.6359120011,"38":0.6579133868,"39":0.6643009186,"40":0.674946785,"41":0.6564939618,"42":0.6600425839,"43":0.674946785,"44":0.7040454149,"45":0.7004967928,"46":0.7359829545,"47":0.7068843246,"48":0.736692667,"49":0.7395315766},"val_loss":{"0":1.8106876612,"1":1.6940792799,"2":1.6395907402,"3":1.5748028755,"4":1.5050635338,"5":1.4882781506,"6":1.4250133038,"7":1.4369059801,"8":1.3635014296,"9":1.3491797447,"10":1.3269444704,"11":1.3258597851,"12":1.298481822,"13":1.2633577585,"14":1.2464200258,"15":1.2265136242,"16":1.2104711533,"17":1.1876548529,"18":1.203822732,"19":1.1876434088,"20":1.1591194868,"21":1.1689099073,"22":1.1604639292,"23":1.1594619751,"24":1.1483061314,"25":1.1465010643,"26":1.159214735,"27":1.1343642473,"28":1.1447433233,"29":1.1481184959,"30":1.128205657,"31":1.1151332855,"32":1.1426295042,"33":1.1430288553,"34":1.1226375103,"35":1.1505484581,"36":1.1553080082,"37":1.1292078495,"38":1.1445449591,"39":1.172544241,"40":1.1607961655,"41":1.1486468315,"42":1.1518790722,"43":1.1557042599,"44":1.1990885735,"45":1.1810903549,"46":1.1665958166,"47":1.1744551659,"48":1.1930814981,"49":1.1773602962},"val_recall":{"0":0.0711462423,"1":0.0830039531,"2":0.1106719375,"3":0.1422924846,"4":0.1581027657,"5":0.1501976252,"6":0.1778656095,"7":0.1818181872,"8":0.2292490155,"9":0.2173912972,"10":0.2845849693,"11":0.2569169998,"12":0.3003952503,"13":0.3162055314,"14":0.3241106868,"15":0.3320158124,"16":0.3557312191,"17":0.3675889373,"18":0.3754940629,"19":0.3833992183,"20":0.3952569067,"21":0.3913043439,"22":0.3992094994,"23":0.3952569067,"24":0.3913043439,"25":0.4268774688,"26":0.422924906,"27":0.4545454681,"28":0.4545454681,"29":0.4426877499,"30":0.4505928755,"31":0.4743083119,"32":0.4782608747,"33":0.4743083119,"34":0.4901185632,"35":0.4861660004,"36":0.5019763112,"37":0.4940711558,"38":0.505928874,"39":0.5138339996,"40":0.5256916881,"41":0.5296442509,"42":0.5098814368,"43":0.5256916881,"44":0.5375494361,"45":0.5296442509,"46":0.5217391253,"47":0.5415019989,"48":0.5335968137,"49":0.5375494361}}