{"loss":{"0":33.5132980347,"1":11.9106912613,"2":7.7473526001,"3":6.4266443253,"4":5.0964841843,"5":4.3306264877,"6":3.5654199123,"7":3.2648715973,"8":2.9260127544,"9":2.6946263313,"10":2.6802139282,"11":2.4167172909,"12":2.229975462,"13":2.3184440136,"14":2.4035024643,"15":2.0541007519,"16":2.0576388836,"17":1.985882163,"18":2.0291874409,"19":1.9851155281,"20":1.8331001997,"21":1.7857284546,"22":1.7369791269,"23":1.698494792,"24":1.7208833694,"25":1.6868590117,"26":1.6961201429,"27":1.676459074,"28":1.5773265362,"29":1.6690357924,"30":1.6056990623,"31":1.6110041142,"32":1.57762146,"33":1.4961364269,"34":1.460083127,"35":1.5329917669,"36":1.4741891623,"37":1.4473491907,"38":1.5081167221,"39":1.5214793682,"40":1.3931083679,"41":1.4285455942,"42":1.4435272217,"43":1.3997274637,"44":1.4191998243,"45":1.3327689171,"46":1.3827489614,"47":1.3878074884,"48":1.3587881327,"49":1.2938177586},"recall":{"0":0.1823988706,"1":0.2292405963,"2":0.2512420118,"3":0.2491128445,"4":0.2696948051,"5":0.258339256,"6":0.2576295137,"7":0.2597586811,"8":0.2725337148,"9":0.2448545098,"10":0.2278211564,"11":0.258339256,"12":0.2327892184,"13":0.2349183857,"14":0.2129169554,"15":0.2193044722,"16":0.2114975154,"17":0.2256919742,"18":0.2193044722,"19":0.2249822617,"20":0.2519517243,"21":0.2682753801,"22":0.2753725946,"23":0.2767920494,"24":0.2533711791,"25":0.2867281735,"26":0.264726758,"27":0.2540809214,"28":0.2902767956,"29":0.2675656378,"30":0.2987934649,"31":0.287437886,"32":0.3037615418,"33":0.3073101342,"34":0.302342087,"35":0.3129879236,"36":0.3378282487,"37":0.344925493,"38":0.3215046227,"39":0.3151170909,"40":0.3413768709,"41":0.3399574161,"42":0.3392477036,"43":0.3335699141,"44":0.3498935401,"45":0.361249119,"46":0.3598296642,"47":0.3619588315,"48":0.3562810421,"49":0.3967352808},"val_loss":{"0":4.5625514984,"1":2.7279269695,"2":2.0448629856,"3":1.8884329796,"4":1.7857567072,"5":1.6795715094,"6":1.664958477,"7":1.6449676752,"8":1.7443078756,"9":1.7339680195,"10":1.6844000816,"11":1.6513463259,"12":1.6352823973,"13":1.7138091326,"14":1.7284656763,"15":1.7083203793,"16":1.6487034559,"17":1.6303040981,"18":1.6402047873,"19":1.6286462545,"20":1.6242668629,"21":1.597612977,"22":1.5511264801,"23":1.5590405464,"24":1.5390712023,"25":1.5456774235,"26":1.5389705896,"27":1.5190309286,"28":1.5035797358,"29":1.4422994852,"30":1.4959207773,"31":1.4632638693,"32":1.4689885378,"33":1.4771362543,"34":1.4646755457,"35":1.4426224232,"36":1.4524328709,"37":1.4350944757,"38":1.4477261305,"39":1.4518769979,"40":1.4409829378,"41":1.4349112511,"42":1.4535011053,"43":1.4033745527,"44":1.4028984308,"45":1.394080162,"46":1.386613369,"47":1.4145392179,"48":1.3952255249,"49":1.403883338},"val_recall":{"0":0.4189723432,"1":0.3162055314,"2":0.2885375619,"3":0.2648221254,"4":0.1620553434,"5":0.1936758906,"6":0.0948616564,"7":0.1225296408,"8":0.0434782617,"9":0.0513833985,"10":0.0276679844,"11":0.0395256914,"12":0.0355731212,"13":0.0276679844,"14":0.0079051387,"15":0.0158102773,"16":0.0197628457,"17":0.0237154141,"18":0.0276679844,"19":0.0237154141,"20":0.0395256914,"21":0.0434782617,"22":0.0711462423,"23":0.0632411093,"24":0.0632411093,"25":0.0632411093,"26":0.0671936795,"27":0.0632411093,"28":0.0711462423,"29":0.1106719375,"30":0.059288539,"31":0.0948616564,"32":0.0869565234,"33":0.0869565234,"34":0.1106719375,"35":0.118577078,"36":0.1383399218,"37":0.1383399218,"38":0.1146245077,"39":0.1106719375,"40":0.1541502029,"41":0.1422924846,"42":0.118577078,"43":0.1818181872,"44":0.1778656095,"45":0.1462450624,"46":0.169960469,"47":0.1541502029,"48":0.169960469,"49":0.1739130467}}