{"loss":{"0":4.0552196503,"1":2.1770534515,"2":1.9228197336,"3":1.7820234299,"4":1.6891704798,"5":1.6004360914,"6":1.4925260544,"7":1.509868741,"8":1.4172723293,"9":1.419110775,"10":1.39473629,"11":1.3445593119,"12":1.3018620014,"13":1.26836133,"14":1.260989666,"15":1.1840598583,"16":1.2182881832,"17":1.2350131273,"18":1.1936253309,"19":1.1548318863,"20":1.0803939104,"21":1.0628051758,"22":1.0763765574,"23":1.0238626003,"24":1.0090492964,"25":0.9976894855,"26":1.0057051182,"27":0.976446867,"28":0.9273521304,"29":0.9132830501,"30":0.8649476767,"31":0.8351222277,"32":0.8552496433,"33":0.8344579339,"34":0.8264045119,"35":0.8462764621,"36":0.8146428466,"37":0.8301516771,"38":0.8241335154,"39":0.7779040933,"40":0.7589128017,"41":0.7491933107,"42":0.7296997905,"43":0.7275336981,"44":0.6911304593,"45":0.7095729113,"46":0.6558799148,"47":0.6321111321,"48":0.6402022839,"49":0.5922735333},"recall":{"0":0.1462029815,"1":0.1178140491,"2":0.1305890679,"3":0.1227821186,"4":0.1667849571,"5":0.1745919138,"6":0.2171753049,"7":0.2292405963,"8":0.2696948051,"9":0.2562100887,"10":0.2760823369,"11":0.2924059629,"12":0.3016323745,"13":0.330021292,"14":0.344925493,"15":0.3711852431,"16":0.361249119,"17":0.3647977412,"18":0.3761532903,"19":0.3910574913,"20":0.4088005722,"21":0.4308019876,"22":0.4407381117,"23":0.4471256137,"24":0.4584811926,"25":0.4826117754,"26":0.4748048186,"27":0.4982256889,"28":0.51312989,"29":0.5202271342,"30":0.5259048939,"31":0.5649396777,"32":0.558552146,"33":0.5613910556,"34":0.5621007681,"35":0.5727466345,"36":0.588360548,"37":0.5791341662,"38":0.5876508355,"39":0.6018452644,"40":0.5982966423,"41":0.6188786626,"42":0.616039753,"43":0.6210078001,"44":0.6380411386,"45":0.6401703358,"46":0.6557842493,"47":0.6593328714,"48":0.6841731668,"49":0.6848828793},"val_loss":{"0":1.7473475933,"1":1.6718562841,"2":1.6548758745,"3":1.5246170759,"4":1.4802758694,"5":1.3859895468,"6":1.3266552687,"7":1.3130636215,"8":1.2779377699,"9":1.2546731234,"10":1.1980324984,"11":1.2627575397,"12":1.2596781254,"13":1.1910139322,"14":1.1598372459,"15":1.1491785049,"16":1.1546896696,"17":1.1409119368,"18":1.1216042042,"19":1.1002942324,"20":1.0859439373,"21":1.1186563969,"22":1.083388567,"23":1.0867486,"24":1.0849462748,"25":1.0859322548,"26":1.1096594334,"27":1.0758594275,"28":1.1098282337,"29":1.1193535328,"30":1.1220521927,"31":1.0850857496,"32":1.0637497902,"33":1.1221405268,"34":1.1160496473,"35":1.1102842093,"36":1.0768102407,"37":1.1106815338,"38":1.085927248,"39":1.1240963936,"40":1.1157050133,"41":1.1067177057,"42":1.1074409485,"43":1.1362339258,"44":1.1697473526,"45":1.104143858,"46":1.1275874376,"47":1.2127244473,"48":1.1692312956,"49":1.1955752373},"val_recall":{"0":0.0474308282,"1":0.0197628457,"2":0.0197628457,"3":0.0395256914,"4":0.0948616564,"5":0.0671936795,"6":0.2094861716,"7":0.1897233129,"8":0.1739130467,"9":0.1897233129,"10":0.2490118593,"11":0.18577075,"12":0.2094861716,"13":0.2924901247,"14":0.3122529685,"15":0.3517786562,"16":0.3241106868,"17":0.3320158124,"18":0.3438735306,"19":0.3794466257,"20":0.4031620622,"21":0.4110671878,"22":0.3675889373,"23":0.3794466257,"24":0.4150197506,"25":0.4268774688,"26":0.3913043439,"27":0.4387351871,"28":0.4347825944,"29":0.407114625,"30":0.4743083119,"31":0.4782608747,"32":0.4822134376,"33":0.4940711558,"34":0.5098814368,"35":0.4703557193,"36":0.5098814368,"37":0.4901185632,"38":0.5138339996,"39":0.505928874,"40":0.5019763112,"41":0.5217391253,"42":0.4980237186,"43":0.4980237186,"44":0.5217391253,"45":0.5296442509,"46":0.5217391253,"47":0.4940711558,"48":0.5138339996,"49":0.505928874}}