{"loss":{"0":27.4348888397,"1":7.4082369804,"2":4.5671639442,"3":3.399084568,"4":2.9403960705,"5":2.55479002,"6":2.3662073612,"7":2.1252627373,"8":2.0659980774,"9":2.069537878,"10":1.9257897139,"11":1.9677326679,"12":1.9011571407,"13":1.9028023481,"14":1.9087021351,"15":1.8274662495,"16":1.8257844448,"17":1.7699468136,"18":1.7326682806,"19":1.7415392399,"20":1.7009984255,"21":1.6991852522,"22":1.6600370407,"23":1.687843442,"24":1.6456255913,"25":1.6519085169,"26":1.5972718,"27":1.6977921724,"28":1.5395644903,"29":1.5620876551,"30":1.562091589,"31":1.5757527351,"32":1.4778702259,"33":1.5313056707,"34":1.5493489504,"35":1.5118581057,"36":1.5211011171,"37":1.4829429388,"38":1.4131717682,"39":1.4029915333,"40":1.4109690189,"41":1.3477553129,"42":1.375398159,"43":1.3420341015,"44":1.3921883106,"45":1.3941084146,"46":1.3531907797,"47":1.342525363,"48":1.3200669289,"49":1.3366687298},"recall":{"0":0.1760113537,"1":0.2122072428,"2":0.2044002861,"3":0.1930447072,"4":0.173172459,"5":0.1263307333,"6":0.1156848818,"7":0.1220723912,"8":0.1270404607,"9":0.1142654344,"10":0.1320085227,"11":0.1312987953,"12":0.1469127089,"13":0.1185237765,"14":0.1341376901,"15":0.1476224214,"16":0.1561391056,"17":0.1703335643,"18":0.1710432917,"19":0.1710432917,"20":0.1809794158,"21":0.1646557897,"22":0.1859474778,"23":0.1845280379,"24":0.194464162,"25":0.1923349947,"26":0.2256919742,"27":0.2029808313,"28":0.2136266828,"29":0.2242725343,"30":0.2235628068,"31":0.2484031171,"32":0.2462739497,"33":0.2079488933,"34":0.2200141996,"35":0.2228530943,"36":0.2313697636,"37":0.2604684234,"38":0.2569198012,"39":0.2838892937,"40":0.2782115042,"41":0.2831795514,"42":0.302342087,"43":0.302342087,"44":0.2881476283,"45":0.2895670831,"46":0.3094393313,"47":0.3172462881,"48":0.3385379612,"49":0.3129879236},"val_loss":{"0":2.6786959171,"1":1.6259829998,"2":1.7541273832,"3":1.9543311596,"4":1.9774836302,"5":2.0560047626,"6":1.9407286644,"7":1.9323352575,"8":1.9559521675,"9":1.869217515,"10":1.8870733976,"11":1.8025166988,"12":1.7474950552,"13":1.7543953657,"14":1.7146584988,"15":1.6855437756,"16":1.6348077059,"17":1.6601383686,"18":1.6101543903,"19":1.6091519594,"20":1.6454319954,"21":1.5927323103,"22":1.5891920328,"23":1.5825253725,"24":1.5800448656,"25":1.5423783064,"26":1.5119075775,"27":1.5563803911,"28":1.4640014172,"29":1.4600075483,"30":1.4442991018,"31":1.4698530436,"32":1.4561201334,"33":1.4399322271,"34":1.4368116856,"35":1.4318655729,"36":1.4123711586,"37":1.4255435467,"38":1.3722751141,"39":1.3469247818,"40":1.3707516193,"41":1.3449178934,"42":1.3426127434,"43":1.343375206,"44":1.3197606802,"45":1.2905424833,"46":1.2908079624,"47":1.2561787367,"48":1.3011915684,"49":1.2718510628},"val_recall":{"0":0.3003952503,"1":0.1739130467,"2":0.0237154141,"3":0.0039525693,"4":0.0,"5":0.0,"6":0.0,"7":0.0,"8":0.0,"9":0.0039525693,"10":0.0,"11":0.0079051387,"12":0.0,"13":0.0,"14":0.0079051387,"15":0.0,"16":0.0118577071,"17":0.0118577071,"18":0.0079051387,"19":0.0158102773,"20":0.0118577071,"21":0.0158102773,"22":0.0118577071,"23":0.0197628457,"24":0.0158102773,"25":0.0513833985,"26":0.0158102773,"27":0.0395256914,"28":0.0474308282,"29":0.0434782617,"30":0.0316205546,"31":0.0395256914,"32":0.0553359687,"33":0.0395256914,"34":0.0434782617,"35":0.0513833985,"36":0.0434782617,"37":0.0830039531,"38":0.0790513828,"39":0.118577078,"40":0.0869565234,"41":0.1027667969,"42":0.0750988126,"43":0.0830039531,"44":0.134387359,"45":0.118577078,"46":0.1462450624,"47":0.1818181872,"48":0.118577078,"49":0.1818181872}}