{"loss":{"0":32.1228523254,"1":2.4360077381,"2":2.3444190025,"3":2.354155302,"4":2.2604014874,"5":2.2903690338,"6":2.1985287666,"7":2.1943707466,"8":2.1942112446,"9":2.1987035275,"10":2.1725151539,"11":2.1824066639,"12":2.1839444637,"13":2.1847381592,"14":2.1650791168,"15":2.1611504555,"16":2.1686661243,"17":2.1763026714,"18":2.1612844467,"19":2.1579251289,"20":2.2100737095,"21":2.1685278416,"22":2.1881465912,"23":2.1586070061,"24":2.1573915482,"25":2.2046465874,"26":2.1553990841,"27":2.1551911831,"28":2.1596643925,"29":2.1554906368,"30":2.1542553902,"31":2.1610691547,"32":2.1540884972,"33":2.1549305916,"34":2.1546475887,"35":2.1554982662,"36":2.1600902081,"37":2.1774530411,"38":2.1846373081,"39":2.154501915,"40":2.1533327103,"41":2.1544482708,"42":2.15427351,"43":2.1564126015,"44":2.1544253826,"45":2.1736288071,"46":2.1559240818,"47":2.1544971466,"48":2.1546881199,"49":2.1669723988},"recall":{"0":0.0589070246,"1":0.0021291696,"2":0.0028388929,"3":0.0021291696,"4":0.0007097232,"5":0.0042583393,"6":0.0,"7":0.0,"8":0.0014194464,"9":0.0,"10":0.0007097232,"11":0.0,"12":0.0,"13":0.0,"14":0.0,"15":0.0,"16":0.0007097232,"17":0.0007097232,"18":0.0,"19":0.0,"20":0.0,"21":0.0,"22":0.0,"23":0.0,"24":0.0,"25":0.0,"26":0.0,"27":0.0,"28":0.0,"29":0.0,"30":0.0,"31":0.0007097232,"32":0.0,"33":0.0,"34":0.0,"35":0.0,"36":0.0,"37":0.0,"38":0.0,"39":0.0,"40":0.0007097232,"41":0.0,"42":0.0007097232,"43":0.0,"44":0.0,"45":0.0,"46":0.0,"47":0.0,"48":0.0,"49":0.0},"val_loss":{"0":2.2739260197,"1":2.2303769588,"2":2.192864418,"3":2.1576576233,"4":2.1273238659,"5":2.1031358242,"6":2.0816810131,"7":2.0619645119,"8":2.0464906693,"9":2.032766819,"10":2.0212039948,"11":2.0116574764,"12":2.0040411949,"13":1.996437788,"14":1.9903634787,"15":1.9838126898,"16":1.9790536165,"17":1.9754647017,"18":1.9701038599,"19":1.9660058022,"20":1.9622840881,"21":1.9613280296,"22":1.9592980146,"23":1.9567550421,"24":1.9546369314,"25":1.9536230564,"26":1.9515023232,"27":1.9500082731,"28":1.9493796825,"29":1.9490942955,"30":1.9485983849,"31":1.9479532242,"32":1.9469588995,"33":1.9469425678,"34":1.945956111,"35":1.945110321,"36":1.9456106424,"37":1.9446758032,"38":1.9441564083,"39":1.9433438778,"40":1.9427673817,"41":1.9428286552,"42":1.9423840046,"43":1.9420415163,"44":1.9419308901,"45":1.9424701929,"46":1.9430434704,"47":1.9424613714,"48":1.9422768354,"49":1.9425008297},"val_recall":{"0":0.0,"1":0.0,"2":0.0,"3":0.0,"4":0.0,"5":0.0,"6":0.0,"7":0.0,"8":0.0,"9":0.0,"10":0.0,"11":0.0,"12":0.0,"13":0.0,"14":0.0,"15":0.0,"16":0.0,"17":0.0,"18":0.0,"19":0.0,"20":0.0,"21":0.0,"22":0.0,"23":0.0,"24":0.0,"25":0.0,"26":0.0,"27":0.0,"28":0.0,"29":0.0,"30":0.0,"31":0.0,"32":0.0,"33":0.0,"34":0.0,"35":0.0,"36":0.0,"37":0.0,"38":0.0,"39":0.0,"40":0.0,"41":0.0,"42":0.0,"43":0.0,"44":0.0,"45":0.0,"46":0.0,"47":0.0,"48":0.0,"49":0.0}}