{"loss":{"0":2.5385315418,"1":2.1221897602,"2":2.0183837414,"3":1.9413852692,"4":1.9106624126,"5":2.087972641,"6":1.8789108992,"7":1.8069107533,"8":1.7368140221,"9":1.6868741512,"10":1.5930719376,"11":1.6228746176,"12":1.515360713,"13":1.4861385822,"14":1.5075581074,"15":1.4619847536,"16":1.3702685833,"17":1.3225733042,"18":1.4431824684,"19":1.324085474,"20":1.2599408627,"21":1.1809985638,"22":1.1154595613,"23":1.0767322779,"24":1.0723876953,"25":1.0255877972,"26":0.9762770534,"27":1.4184859991,"28":1.1132566929,"29":0.9514877796,"30":0.919881165,"31":0.8292207718,"32":0.8147912025,"33":0.7675790191,"34":0.7444580793,"35":0.7458426952,"36":0.7558082342,"37":0.7314567566,"38":0.7056037784,"39":0.7503483891,"40":0.7253131866,"41":0.6785330176,"42":0.6985814571,"43":0.6741884947,"44":0.6561305523,"45":0.6435101628,"46":0.6402246356,"47":0.630935967,"48":0.6159536242,"49":0.6052818298},"recall":{"0":0.0078069554,"1":0.0113555714,"2":0.0248403121,"3":0.032647267,"4":0.0340667143,"5":0.0220014192,"6":0.0617459193,"7":0.1298793405,"8":0.1454932541,"9":0.1859474778,"10":0.205819726,"11":0.2129169554,"12":0.2363378257,"13":0.2718240023,"14":0.238466993,"15":0.2732434273,"16":0.3122782111,"17":0.3392477036,"18":0.2796309292,"19":0.3435060382,"20":0.3711852431,"21":0.4158977866,"22":0.4528034031,"23":0.4726756513,"24":0.4897090197,"25":0.5074520707,"26":0.5166785121,"27":0.330021292,"28":0.4733853936,"29":0.5365507603,"30":0.5507451892,"31":0.5777146816,"32":0.5855216384,"33":0.6096522212,"34":0.6167494655,"35":0.6188786626,"36":0.6146202683,"37":0.6224272251,"38":0.6344925761,"39":0.6181688905,"40":0.6217175126,"41":0.6422995329,"42":0.6408800483,"43":0.6408800483,"44":0.6451383829,"45":0.648687005,"46":0.648687005,"47":0.6479772925,"48":0.6522356272,"49":0.6550745368},"val_loss":{"0":2.2348368168,"1":1.8415521383,"2":1.7935920954,"3":1.6983034611,"4":1.8565616608,"5":1.7589908838,"6":1.5875952244,"7":1.6203514338,"8":1.4325064421,"9":1.4031358957,"10":1.4459986687,"11":1.5421266556,"12":1.460903883,"13":1.4368201494,"14":1.4410126209,"15":1.4888823032,"16":1.4053137302,"17":1.3487558365,"18":1.7066855431,"19":1.337334156,"20":1.7000750303,"21":1.3680026531,"22":1.6933768988,"23":1.4841308594,"24":1.7329795361,"25":1.5807220936,"26":2.6819443703,"27":1.7209019661,"28":1.6731220484,"29":1.6058763266,"30":1.6951586008,"31":1.9251177311,"32":1.699650526,"33":2.1027944088,"34":2.1018602848,"35":2.4405705929,"36":2.4970843792,"37":2.140945673,"38":2.3791434765,"39":2.2192807198,"40":1.9601905346,"41":2.373755455,"42":2.4980692863,"43":2.22564888,"44":2.6025295258,"45":2.5860173702,"46":2.3588798046,"47":2.7162837982,"48":2.7882509232,"49":2.638228178},"val_recall":{"0":0.0,"1":0.0474308282,"2":0.0,"3":0.0,"4":0.0118577071,"5":0.0118577071,"6":0.134387359,"7":0.0948616564,"8":0.2648221254,"9":0.252964437,"10":0.3162055314,"11":0.2964426875,"12":0.3438735306,"13":0.2213438749,"14":0.407114625,"15":0.4347825944,"16":0.3636363745,"17":0.3162055314,"18":0.4624505937,"19":0.4110671878,"20":0.4387351871,"21":0.4347825944,"22":0.4940711558,"23":0.4782608747,"24":0.4861660004,"25":0.5019763112,"26":0.4624505937,"27":0.4980237186,"28":0.5335968137,"29":0.4980237186,"30":0.5019763112,"31":0.5415019989,"32":0.505928874,"33":0.5494071245,"34":0.5533596873,"35":0.5849802494,"36":0.5415019989,"37":0.5415019989,"38":0.5415019989,"39":0.505928874,"40":0.5415019989,"41":0.5296442509,"42":0.5296442509,"43":0.4980237186,"44":0.5691699386,"45":0.5296442509,"46":0.5454545617,"47":0.5454545617,"48":0.5415019989,"49":0.5533596873}}