{"loss":{"0":25.9812202454,"1":6.4417853355,"2":3.2721910477,"3":2.7671966553,"4":2.2353181839,"5":1.9847432375,"6":1.901345849,"7":1.7695453167,"8":1.6815285683,"9":1.7098022699,"10":1.582537055,"11":1.4976364374,"12":1.4857317209,"13":1.359824419,"14":1.2971206903,"15":1.3131483793,"16":1.2391622066,"17":1.1492346525,"18":1.1335386038,"19":1.0718253851,"20":1.033441186,"21":0.9731258154,"22":0.9067646861,"23":0.9012802243,"24":0.8651868105,"25":0.8106298447,"26":0.8112047315,"27":0.7247017026,"28":0.7275272608,"29":0.6907162666,"30":0.6349800229,"31":0.62980932,"32":0.6646850705,"33":0.5867128372,"34":0.5992603898,"35":0.5526083112,"36":0.5291534662,"37":0.5640369654,"38":0.6052925587,"39":0.4809188545,"40":0.4528043568,"41":0.409928441,"42":0.4203971922,"43":0.3598918617,"44":0.3743648827,"45":0.3471865654,"46":0.3360331357,"47":0.3215259612,"48":0.3051818907,"49":0.3620394468},"recall":{"0":0.1951738894,"1":0.2079488933,"2":0.2377572805,"3":0.1880766451,"4":0.2022711188,"5":0.2150461376,"6":0.2299503237,"7":0.2349183857,"8":0.2604684234,"9":0.264726758,"10":0.2824698389,"11":0.2959545851,"12":0.3371185362,"13":0.3619588315,"14":0.3967352808,"15":0.3981547058,"16":0.410220027,"17":0.4662881494,"18":0.4762242734,"19":0.5088715553,"20":0.5046132207,"21":0.5557132959,"22":0.5670688152,"23":0.5770049691,"24":0.6018452644,"25":0.6153300405,"26":0.6259758472,"27":0.674946785,"28":0.6650106311,"29":0.6792051196,"30":0.7019162774,"31":0.7054648399,"32":0.6969481707,"33":0.7494677305,"34":0.7345635295,"35":0.7459191084,"36":0.7721788287,"37":0.7494677305,"38":0.7473385334,"39":0.7906316519,"40":0.8112136126,"41":0.8147622347,"42":0.8303761482,"43":0.8374733925,"44":0.83676368,"45":0.854506731,"46":0.8552164435,"47":0.8757984638,"48":0.8786373138,"49":0.8502483964},"val_loss":{"0":2.5748269558,"1":1.6318818331,"2":1.6704063416,"3":1.5995271206,"4":1.6378073692,"5":1.5628175735,"6":1.5611128807,"7":1.4841285944,"8":1.4755181074,"9":1.4536191225,"10":1.3854888678,"11":1.3140747547,"12":1.3609083891,"13":1.27764678,"14":1.2920485735,"15":1.2631705999,"16":1.2695410252,"17":1.2664636374,"18":1.2211053371,"19":1.2140761614,"20":1.2164447308,"21":1.2153308392,"22":1.2136034966,"23":1.1997230053,"24":1.1877071857,"25":1.1831074953,"26":1.1701534986,"27":1.2214779854,"28":1.2151268721,"29":1.2272713184,"30":1.222807765,"31":1.2305305004,"32":1.2417186499,"33":1.2453478575,"34":1.2486642599,"35":1.2936447859,"36":1.2754673958,"37":1.4225732088,"38":1.2667310238,"39":1.3062295914,"40":1.2962175608,"41":1.3141157627,"42":1.2910565138,"43":1.3805772066,"44":1.3557940722,"45":1.3916041851,"46":1.4454507828,"47":1.4963947535,"48":1.4287626743,"49":1.409702301},"val_recall":{"0":0.3201580942,"1":0.1422924846,"2":0.0553359687,"3":0.0434782617,"4":0.0197628457,"5":0.0197628457,"6":0.0355731212,"7":0.0513833985,"8":0.0632411093,"9":0.0830039531,"10":0.1383399218,"11":0.1739130467,"12":0.1225296408,"13":0.1897233129,"14":0.1936758906,"15":0.2292490155,"16":0.2450592816,"17":0.2094861716,"18":0.2885375619,"19":0.2885375619,"20":0.2964426875,"21":0.3517786562,"22":0.407114625,"23":0.3596837819,"24":0.3596837819,"25":0.4426877499,"26":0.3952569067,"27":0.4545454681,"28":0.4664031565,"29":0.4822134376,"30":0.4980237186,"31":0.505928874,"32":0.4980237186,"33":0.4426877499,"34":0.4584980309,"35":0.4782608747,"36":0.5098814368,"37":0.4861660004,"38":0.4861660004,"39":0.5177865624,"40":0.505928874,"41":0.5138339996,"42":0.4980237186,"43":0.5138339996,"44":0.5375494361,"45":0.5138339996,"46":0.5098814368,"47":0.5652173758,"48":0.5296442509,"49":0.5533596873}}