{"loss":{"0":2.4531772137,"1":2.231700182,"2":2.1970000267,"3":2.178383112,"4":2.1687786579,"5":2.1622848511,"6":2.1603519917,"7":2.1581859589,"8":2.1581552029,"9":2.1559314728,"10":2.1586155891,"11":2.1556212902,"12":2.1576743126,"13":2.1586470604,"14":2.1532313824,"15":2.1563711166,"16":2.1549892426,"17":2.1560721397,"18":2.1526381969,"19":2.1567735672,"20":2.1575834751,"21":2.1590182781,"22":2.1559984684,"23":2.1554405689,"24":2.1601579189,"25":2.1551163197,"26":2.1576011181,"27":2.1565203667,"28":2.1524329185,"29":2.1551043987,"30":2.1546895504,"31":2.1585195065,"32":2.1573073864,"33":2.157045126,"34":2.1546092033,"35":2.1533482075,"36":2.1540353298,"37":2.1569769382,"38":2.1562085152,"39":2.1591868401,"40":2.1595566273,"41":2.1571285725,"42":2.1567809582,"43":2.1562922001,"44":2.1559443474,"45":2.1581988335,"46":2.1581370831,"47":2.1575434208,"48":2.1567051411,"49":2.1563634872},"recall":{"0":0.0028388929,"1":0.0,"2":0.0,"3":0.0,"4":0.0,"5":0.0,"6":0.0,"7":0.0,"8":0.0,"9":0.0,"10":0.0,"11":0.0,"12":0.0,"13":0.0,"14":0.0,"15":0.0,"16":0.0,"17":0.0,"18":0.0,"19":0.0,"20":0.0,"21":0.0,"22":0.0,"23":0.0,"24":0.0,"25":0.0,"26":0.0,"27":0.0,"28":0.0,"29":0.0,"30":0.0,"31":0.0,"32":0.0,"33":0.0,"34":0.0,"35":0.0,"36":0.0,"37":0.0,"38":0.0,"39":0.0,"40":0.0,"41":0.0,"42":0.0,"43":0.0,"44":0.0,"45":0.0,"46":0.0,"47":0.0,"48":0.0,"49":0.0},"val_loss":{"0":2.2150998116,"1":2.1071801186,"2":2.056689024,"3":2.0140247345,"4":1.9869619608,"5":1.9648600817,"6":1.9539067745,"7":1.9463912249,"8":1.9447288513,"9":1.9463455677,"10":1.9457730055,"11":1.9465481043,"12":1.9435350895,"13":1.9440647364,"14":1.94143641,"15":1.9401794672,"16":1.9409598112,"17":1.9411194324,"18":1.9382123947,"19":1.9443466663,"20":1.9469611645,"21":1.9446992874,"22":1.9440404177,"23":1.9445285797,"24":1.9455622435,"25":1.9464700222,"26":1.9441304207,"27":1.9453781843,"28":1.9454095364,"29":1.9440802336,"30":1.9444583654,"31":1.9425699711,"32":1.9432071447,"33":1.9454762936,"34":1.9436765909,"35":1.9442124367,"36":1.9452987909,"37":1.9489275217,"38":1.9455153942,"39":1.9484783411,"40":1.9477559328,"41":1.9467445612,"42":1.9428663254,"43":1.9432967901,"44":1.9441987276,"45":1.9492815733,"46":1.9466742277,"47":1.9477188587,"48":1.9445006847,"49":1.9432058334},"val_recall":{"0":0.0,"1":0.0,"2":0.0,"3":0.0,"4":0.0,"5":0.0,"6":0.0,"7":0.0,"8":0.0,"9":0.0,"10":0.0,"11":0.0,"12":0.0,"13":0.0,"14":0.0,"15":0.0,"16":0.0,"17":0.0,"18":0.0,"19":0.0,"20":0.0,"21":0.0,"22":0.0,"23":0.0,"24":0.0,"25":0.0,"26":0.0,"27":0.0,"28":0.0,"29":0.0,"30":0.0,"31":0.0,"32":0.0,"33":0.0,"34":0.0,"35":0.0,"36":0.0,"37":0.0,"38":0.0,"39":0.0,"40":0.0,"41":0.0,"42":0.0,"43":0.0,"44":0.0,"45":0.0,"46":0.0,"47":0.0,"48":0.0,"49":0.0}}