{"loss":{"0":29.2562599182,"1":2.5808060169,"2":2.3504004478,"3":2.3067491055,"4":2.2754650116,"5":2.2618560791,"6":2.2916862965,"7":2.2347896099,"8":2.2319874763,"9":2.2243995667,"10":2.2179963589,"11":2.2076599598,"12":2.2057669163,"13":2.2030174732,"14":2.1920258999,"15":2.1934547424,"16":2.18465662,"17":2.1972436905,"18":2.1804077625,"19":2.1868286133,"20":2.1816580296,"21":2.1862099171,"22":2.1780445576,"23":2.1715080738,"24":2.1742551327,"25":2.1848435402,"26":2.1704685688,"27":2.1656754017,"28":2.1668460369,"29":2.164927721,"30":2.1638128757,"31":2.1623096466,"32":2.1674208641,"33":2.1614294052,"34":2.1568975449,"35":2.1613309383,"36":2.1670129299,"37":2.1633472443,"38":2.1579139233,"39":2.1674058437,"40":2.1594626904,"41":2.3082671165,"42":2.1592097282,"43":2.162627697,"44":2.1629221439,"45":2.1570677757,"46":2.1560199261,"47":2.1702880859,"48":2.154738903,"49":2.1555428505},"recall":{"0":0.1149751619,"1":0.0056777857,"2":0.0007097232,"3":0.0,"4":0.0,"5":0.0,"6":0.0014194464,"7":0.0,"8":0.0,"9":0.0007097232,"10":0.0,"11":0.0,"12":0.0,"13":0.0,"14":0.0,"15":0.0007097232,"16":0.0007097232,"17":0.0007097232,"18":0.0,"19":0.0007097232,"20":0.0021291696,"21":0.0,"22":0.0,"23":0.0,"24":0.0007097232,"25":0.0,"26":0.0,"27":0.0,"28":0.0,"29":0.0,"30":0.0,"31":0.0,"32":0.0,"33":0.0,"34":0.0007097232,"35":0.0,"36":0.0,"37":0.0,"38":0.0007097232,"39":0.0,"40":0.0,"41":0.0056777857,"42":0.0007097232,"43":0.0,"44":0.0007097232,"45":0.0,"46":0.0,"47":0.0007097232,"48":0.0,"49":0.0014194464},"val_loss":{"0":2.2991011143,"1":2.2783885002,"2":2.2557687759,"3":2.2325057983,"4":2.2113535404,"5":2.1925444603,"6":2.1745984554,"7":2.1570858955,"8":2.1425244808,"9":2.1290302277,"10":2.1169884205,"11":2.1062016487,"12":2.0951850414,"13":2.0833442211,"14":2.073854208,"15":2.0642471313,"16":2.0550999641,"17":2.0467734337,"18":2.040869236,"19":2.0342991352,"20":2.0278315544,"21":2.0227565765,"22":2.0182654858,"23":2.0123484135,"24":2.0085716248,"25":2.0048861504,"26":2.0004599094,"27":1.9974396229,"28":1.9947530031,"29":1.9913078547,"30":1.9873336554,"31":1.9855673313,"32":1.9835212231,"33":1.9802815914,"34":1.9767817259,"35":1.9753816128,"36":1.9730546474,"37":1.9716992378,"38":1.9701951742,"39":1.9683442116,"40":1.9671946764,"41":1.9660013914,"42":1.9639155865,"43":1.9622095823,"44":1.9602401257,"45":1.9597120285,"46":1.9581429958,"47":1.9570008516,"48":1.9553725719,"49":1.9540673494},"val_recall":{"0":0.0,"1":0.0,"2":0.0,"3":0.0,"4":0.0,"5":0.0,"6":0.0,"7":0.0,"8":0.0,"9":0.0,"10":0.0,"11":0.0,"12":0.0,"13":0.0,"14":0.0,"15":0.0,"16":0.0,"17":0.0,"18":0.0,"19":0.0,"20":0.0,"21":0.0,"22":0.0,"23":0.0,"24":0.0,"25":0.0,"26":0.0,"27":0.0,"28":0.0,"29":0.0,"30":0.0,"31":0.0,"32":0.0,"33":0.0,"34":0.0,"35":0.0,"36":0.0,"37":0.0,"38":0.0,"39":0.0,"40":0.0,"41":0.0,"42":0.0,"43":0.0,"44":0.0,"45":0.0,"46":0.0,"47":0.0,"48":0.0,"49":0.0}}