{"loss":{"0":3.2698345184,"1":2.2357463837,"2":2.1594107151,"3":2.1169989109,"4":2.0885057449,"5":2.0313251019,"6":2.0088217258,"7":1.9855108261,"8":1.9714921713,"9":1.9221526384,"10":1.9106709957,"11":1.8586995602,"12":1.8472613096,"13":1.8527386189,"14":1.7857438326,"15":1.7708405256,"16":1.7439063787,"17":1.715220809,"18":1.7162073851,"19":1.7056230307,"20":1.6619532108,"21":1.6338139772,"22":1.6227622032,"23":1.5846651793,"24":1.5760705471,"25":1.569337368,"26":1.5260057449,"27":1.5278900862,"28":1.4947917461,"29":1.4809334278,"30":1.4448889494,"31":1.4503729343,"32":1.3748600483,"33":1.3611186743,"34":1.3496792316,"35":1.316367507,"36":1.2893153429,"37":1.2625960112,"38":1.2470704317,"39":1.1987252235,"40":1.4761310816,"41":1.3330152035,"42":1.2739757299,"43":1.2332611084,"44":1.2318272591,"45":1.2012254,"46":1.1604357958,"47":1.1554838419,"48":1.1151932478,"49":1.113612771},"recall":{"0":0.0227111429,"1":0.0,"2":0.0078069554,"3":0.0127750179,"4":0.0149041871,"5":0.0262597594,"6":0.0220014192,"7":0.0319375433,"8":0.0333569907,"9":0.0581973046,"10":0.0638750866,"11":0.0681334287,"12":0.0872959569,"13":0.092264019,"14":0.1256210059,"15":0.1270404607,"16":0.1596877277,"17":0.1646557897,"18":0.1575585455,"19":0.1852377504,"20":0.2044002861,"21":0.2164655775,"22":0.2235628068,"23":0.2476934046,"24":0.2476934046,"25":0.2427253425,"26":0.2782115042,"27":0.2661462128,"28":0.3009226322,"29":0.3066004217,"30":0.3200851679,"31":0.3073101342,"32":0.3427962959,"33":0.3569907844,"34":0.3420865834,"35":0.3647977412,"36":0.361249119,"37":0.3846699893,"38":0.3718949556,"39":0.3974449933,"40":0.2533711791,"41":0.3371185362,"42":0.3747338653,"43":0.3910574913,"44":0.3726046979,"45":0.4002839029,"46":0.4002839029,"47":0.4208658636,"48":0.4187366962,"49":0.4393186569},"val_loss":{"0":2.2190196514,"1":2.0560443401,"2":1.9626814127,"3":1.891094923,"4":1.9352971315,"5":1.8148789406,"6":1.7600698471,"7":1.7696812153,"8":1.7478456497,"9":1.6871316433,"10":1.6545553207,"11":1.6243208647,"12":1.6165373325,"13":1.6092277765,"14":1.5674009323,"15":1.5464811325,"16":1.516695857,"17":1.5048122406,"18":1.5196352005,"19":1.5129432678,"20":1.4817829132,"21":1.4897551537,"22":1.4650199413,"23":1.4368124008,"24":1.4392359257,"25":1.5224157572,"26":1.5199577808,"27":1.4086120129,"28":1.4031870365,"29":1.3871449232,"30":1.3846092224,"31":1.4173778296,"32":1.3762003183,"33":1.3893482685,"34":1.4161996841,"35":1.4058264494,"36":1.4869383574,"37":1.4198594093,"38":1.4381150007,"39":1.5625299215,"40":1.480809927,"41":1.3809704781,"42":1.408270359,"43":1.4043297768,"44":1.4045078754,"45":1.4338068962,"46":1.3930182457,"47":1.3734891415,"48":1.4138715267,"49":1.6724660397},"val_recall":{"0":0.0,"1":0.0,"2":0.0,"3":0.0,"4":0.0,"5":0.0,"6":0.0,"7":0.0039525693,"8":0.0079051387,"9":0.0158102773,"10":0.0750988126,"11":0.1581027657,"12":0.1225296408,"13":0.118577078,"14":0.1936758906,"15":0.2292490155,"16":0.1936758906,"17":0.2292490155,"18":0.2964426875,"19":0.2845849693,"20":0.2885375619,"21":0.2173912972,"22":0.2924901247,"23":0.3122529685,"24":0.3162055314,"25":0.3517786562,"26":0.3794466257,"27":0.3636363745,"28":0.3438735306,"29":0.3675889373,"30":0.3320158124,"31":0.3992094994,"32":0.3952569067,"33":0.4150197506,"34":0.4466403127,"35":0.4308300316,"36":0.4387351871,"37":0.4426877499,"38":0.4505928755,"39":0.3596837819,"40":0.3794466257,"41":0.3873517811,"42":0.3754940629,"43":0.339920938,"44":0.4031620622,"45":0.4189723432,"46":0.4347825944,"47":0.3992094994,"48":0.4031620622,"49":0.4782608747}}