{"loss":{"0":4.3396577835,"1":2.0783433914,"2":1.9439252615,"3":1.8630913496,"4":1.6942549944,"5":1.8800375462,"6":1.7501299381,"7":1.6996321678,"8":1.5821906328,"9":1.809389472,"10":1.6599736214,"11":1.8212194443,"12":1.7057416439,"13":1.7940446138,"14":1.6083847284,"15":1.5932352543,"16":1.5400567055,"17":1.4574223757,"18":1.5045313835,"19":1.4828693867,"20":1.5101462603,"21":1.4475488663,"22":1.3869236708,"23":1.4503872395,"24":1.3781656027,"25":1.4336304665,"26":1.378949523,"27":1.353818655,"28":1.3022580147,"29":1.37424016,"30":1.4063167572,"31":1.44775033,"32":1.3107409477,"33":1.3871644735,"34":1.3647637367,"35":1.4271292686,"36":1.3302832842,"37":1.2674815655,"38":1.2380847931,"39":1.1653163433,"40":1.2223668098,"41":1.2607148886,"42":1.4097657204,"43":1.3079556227,"44":1.2282521725,"45":1.3209632635,"46":1.2697422504,"47":1.2191593647,"48":1.1931669712,"49":1.206307292},"recall":{"0":0.1192334965,"1":0.0901348442,"2":0.1007806957,"3":0.1213626713,"4":0.1603974402,"5":0.1263307333,"6":0.1561391056,"7":0.1866572052,"8":0.194464162,"9":0.1745919138,"10":0.1831085831,"11":0.1745919138,"12":0.1816891432,"13":0.156848833,"14":0.2036905587,"15":0.1973030567,"16":0.2093683481,"17":0.2334989309,"18":0.2356280982,"19":0.2533711791,"20":0.2242725343,"21":0.2313697636,"22":0.2902767956,"23":0.264726758,"24":0.2817601264,"25":0.2895670831,"26":0.2867281735,"27":0.3151170909,"28":0.3215046227,"29":0.3328601718,"30":0.3066004217,"31":0.3108587563,"32":0.3193754554,"33":0.3136976659,"34":0.3371185362,"35":0.3215046227,"36":0.3506032526,"37":0.3577004969,"38":0.374024123,"39":0.3782824576,"40":0.3797019124,"41":0.3569907844,"42":0.3349893689,"43":0.3420865834,"44":0.3584102094,"45":0.3406671286,"46":0.346344918,"47":0.3569907844,"48":0.3967352808,"49":0.4024130702},"val_loss":{"0":1.8505865335,"1":1.7519059181,"2":1.6569362879,"3":1.5446166992,"4":1.4610369205,"5":1.524484992,"6":1.6082090139,"7":1.4738687277,"8":1.5103385448,"9":1.5038702488,"10":1.4309524298,"11":1.5085792542,"12":1.5306711197,"13":1.4851136208,"14":1.4589515924,"15":1.3903468847,"16":1.3460406065,"17":1.3684698343,"18":1.3086330891,"19":1.3288393021,"20":1.3937357664,"21":1.3206660748,"22":1.3319501877,"23":1.3344498873,"24":1.3488378525,"25":1.2697821856,"26":1.2632659674,"27":1.2869030237,"28":1.2508510351,"29":1.3050056696,"30":1.2499213219,"31":1.3526017666,"32":1.3436580896,"33":1.292855382,"34":1.279892087,"35":1.279648304,"36":1.3266694546,"37":1.2406226397,"38":1.2352927923,"39":1.2252874374,"40":1.2678235769,"41":1.2989695072,"42":1.3199634552,"43":1.2770125866,"44":1.3287453651,"45":1.3046247959,"46":1.2415754795,"47":1.2491883039,"48":1.2732473612,"49":1.2686803341},"val_recall":{"0":0.0039525693,"1":0.0395256914,"2":0.0039525693,"3":0.0395256914,"4":0.1146245077,"5":0.1541502029,"6":0.0553359687,"7":0.0790513828,"8":0.0671936795,"9":0.0909090936,"10":0.118577078,"11":0.0750988126,"12":0.059288539,"13":0.1620553434,"14":0.0948616564,"15":0.1383399218,"16":0.1660079062,"17":0.1739130467,"18":0.2885375619,"19":0.2015810311,"20":0.1818181872,"21":0.1936758906,"22":0.2332015783,"23":0.2213438749,"24":0.2964426875,"25":0.1976284534,"26":0.3478260934,"27":0.3280632496,"28":0.252964437,"29":0.2569169998,"30":0.2648221254,"31":0.2490118593,"32":0.2766798437,"33":0.2727272809,"34":0.3122529685,"35":0.2845849693,"36":0.2964426875,"37":0.3596837819,"38":0.3201580942,"39":0.3596837819,"40":0.3162055314,"41":0.2134387344,"42":0.3280632496,"43":0.3003952503,"44":0.3043478131,"45":0.3122529685,"46":0.3201580942,"47":0.3043478131,"48":0.3517786562,"49":0.3438735306}}