{"loss":{"0":6.7623848915,"1":4.8001227379,"2":3.8688127995,"3":3.4203045368,"4":3.078384161,"5":2.8851957321,"6":2.6692378521,"7":2.4448211193,"8":2.3485479355,"9":2.4034533501,"10":2.3352351189,"11":2.1408236027,"12":2.1744682789,"13":2.1044974327,"14":2.0348243713,"15":2.0211288929,"16":2.0169165134,"17":1.9374154806,"18":1.9801359177,"19":1.9107103348,"20":1.8566184044,"21":1.8565137386,"22":1.802321434,"23":1.7458282709,"24":1.7861776352,"25":1.7535032034,"26":1.7591446638,"27":1.7461467981,"28":1.7003027201,"29":1.6714328527,"30":1.7035908699,"31":1.6538296938,"32":1.6475160122,"33":1.6187345982,"34":1.5792632103,"35":1.6165262461,"36":1.6202096939,"37":1.5667593479,"38":1.564873457,"39":1.5320247412,"40":1.5433779955,"41":1.5448442698,"42":1.5017769337,"43":1.4816925526,"44":1.4904545546,"45":1.4971700907,"46":1.4614009857,"47":1.4780033827,"48":1.4311760664,"49":1.4673769474},"recall":{"0":0.1383960247,"1":0.1419446468,"2":0.1639460623,"3":0.1483321488,"4":0.1717530191,"5":0.1483321488,"6":0.1611071676,"7":0.1639460623,"8":0.1845280379,"9":0.1767210811,"10":0.1632363349,"11":0.1894960999,"12":0.1696238518,"13":0.1767210811,"14":0.1902058125,"15":0.1980127692,"16":0.1838183105,"17":0.1958836019,"18":0.1703335643,"19":0.1916252673,"20":0.1838183105,"21":0.2022711188,"22":0.1987224966,"23":0.210787788,"24":0.210787788,"25":0.1880766451,"26":0.2193044722,"27":0.2171753049,"28":0.2150461376,"29":0.2256919742,"30":0.2086586207,"31":0.2420156151,"32":0.238466993,"33":0.2455642372,"34":0.2420156151,"35":0.2356280982,"36":0.2398864478,"37":0.2462739497,"38":0.2441447824,"39":0.2590489686,"40":0.2590489686,"41":0.2569198012,"42":0.2732434273,"43":0.2689850926,"44":0.2696948051,"45":0.2732434273,"46":0.2540809214,"47":0.2725337148,"48":0.2924059629,"49":0.2696948051},"val_loss":{"0":2.0224559307,"1":1.9329484701,"2":1.7840073109,"3":1.7624274492,"4":1.7104625702,"5":1.6623207331,"6":1.6241445541,"7":1.6049898863,"8":1.610399127,"9":1.5934571028,"10":1.5951606035,"11":1.5869717598,"12":1.584728241,"13":1.5704829693,"14":1.5721752644,"15":1.5666483641,"16":1.5523197651,"17":1.5427217484,"18":1.5423794985,"19":1.536452055,"20":1.5232026577,"21":1.5289210081,"22":1.5234799385,"23":1.5226328373,"24":1.5143355131,"25":1.5005127192,"26":1.4853160381,"27":1.5004137754,"28":1.5004159212,"29":1.4822795391,"30":1.4748352766,"31":1.4806547165,"32":1.4654024839,"33":1.4670482874,"34":1.4513148069,"35":1.4437303543,"36":1.4380069971,"37":1.4377622604,"38":1.434002161,"39":1.4369971752,"40":1.4244596958,"41":1.4294114113,"42":1.4279915094,"43":1.4189238548,"44":1.4121922255,"45":1.4110184908,"46":1.4059916735,"47":1.4020899534,"48":1.3951745033,"49":1.3932038546},"val_recall":{"0":0.18577075,"1":0.1462450624,"2":0.118577078,"3":0.1422924846,"4":0.1264822185,"5":0.0909090936,"6":0.0830039531,"7":0.0830039531,"8":0.0830039531,"9":0.0909090936,"10":0.0948616564,"11":0.0830039531,"12":0.0830039531,"13":0.0869565234,"14":0.0869565234,"15":0.0909090936,"16":0.1027667969,"17":0.0909090936,"18":0.0948616564,"19":0.0948616564,"20":0.0909090936,"21":0.0909090936,"22":0.0909090936,"23":0.0750988126,"24":0.0750988126,"25":0.0790513828,"26":0.0988142267,"27":0.0948616564,"28":0.1067193672,"29":0.1225296408,"30":0.118577078,"31":0.1264822185,"32":0.118577078,"33":0.1106719375,"34":0.1225296408,"35":0.1264822185,"36":0.118577078,"37":0.1304347813,"38":0.134387359,"39":0.1501976252,"40":0.1541502029,"41":0.1422924846,"42":0.1462450624,"43":0.1541502029,"44":0.1620553434,"45":0.1541502029,"46":0.1660079062,"47":0.1660079062,"48":0.1660079062,"49":0.1660079062}}