{"loss":{"0":31.0008201599,"1":2.4384646416,"2":2.3173851967,"3":2.2801773548,"4":2.268460989,"5":2.2562618256,"6":2.2679424286,"7":2.2535107136,"8":2.2284069061,"9":2.2233464718,"10":2.21245718,"11":2.2335813046,"12":2.2144906521,"13":2.2054600716,"14":2.1976869106,"15":2.1960344315,"16":2.1900374889,"17":2.1817097664,"18":2.1784381866,"19":2.1824762821,"20":2.1805791855,"21":2.1726229191,"22":2.171043396,"23":2.1715509892,"24":2.1678771973,"25":2.1711187363,"26":2.1792850494,"27":2.1643004417,"28":2.1627349854,"29":2.1713764668,"30":2.1749370098,"31":2.1623806953,"32":2.1669697762,"33":2.1592018604,"34":2.1606321335,"35":2.1602852345,"36":2.1584558487,"37":2.1603603363,"38":2.1641743183,"39":2.1635253429,"40":2.1583542824,"41":2.1610848904,"42":2.1580104828,"43":2.15873456,"44":2.1572003365,"45":2.1594519615,"46":2.1555624008,"47":2.1578481197,"48":2.156532526,"49":2.1560742855},"recall":{"0":0.1007806957,"1":0.0049680625,"2":0.0014194464,"3":0.0028388929,"4":0.0,"5":0.0007097232,"6":0.0021291696,"7":0.0007097232,"8":0.0007097232,"9":0.0,"10":0.0,"11":0.0,"12":0.0,"13":0.0,"14":0.0,"15":0.0,"16":0.0,"17":0.0,"18":0.0,"19":0.0,"20":0.0,"21":0.0007097232,"22":0.0,"23":0.0,"24":0.0,"25":0.0,"26":0.0,"27":0.0,"28":0.0,"29":0.0007097232,"30":0.0007097232,"31":0.0,"32":0.0,"33":0.0007097232,"34":0.0,"35":0.0,"36":0.0,"37":0.0007097232,"38":0.0,"39":0.0007097232,"40":0.0,"41":0.0,"42":0.0,"43":0.0,"44":0.0,"45":0.0,"46":0.0007097232,"47":0.0007097232,"48":0.0,"49":0.0},"val_loss":{"0":2.297727108,"1":2.276399374,"2":2.252215147,"3":2.2295255661,"4":2.2082502842,"5":2.1908020973,"6":2.1740908623,"7":2.1596798897,"8":2.1428861618,"9":2.128341198,"10":2.1149425507,"11":2.103490591,"12":2.0923838615,"13":2.0830070972,"14":2.0739066601,"15":2.0642533302,"16":2.0570280552,"17":2.0485949516,"18":2.0418405533,"19":2.0344083309,"20":2.027204752,"21":2.0222039223,"22":2.0176417828,"23":2.0129077435,"24":2.0092120171,"25":2.0048313141,"26":2.0012505054,"27":1.9983192682,"28":1.9944162369,"29":1.9915537834,"30":1.987850666,"31":1.9858061075,"32":1.9821414948,"33":1.979604125,"34":1.9769474268,"35":1.975225687,"36":1.9732308388,"37":1.9704107046,"38":1.9683204889,"39":1.966356039,"40":1.9642705917,"41":1.9622501135,"42":1.9610284567,"43":1.9592496157,"44":1.9588329792,"45":1.9584165812,"46":1.9569103718,"47":1.9567221403,"48":1.9563578367,"49":1.954756856},"val_recall":{"0":0.0,"1":0.0,"2":0.0,"3":0.0,"4":0.0,"5":0.0,"6":0.0,"7":0.0,"8":0.0,"9":0.0,"10":0.0,"11":0.0,"12":0.0,"13":0.0,"14":0.0,"15":0.0,"16":0.0,"17":0.0,"18":0.0,"19":0.0,"20":0.0,"21":0.0,"22":0.0,"23":0.0,"24":0.0,"25":0.0,"26":0.0,"27":0.0,"28":0.0,"29":0.0,"30":0.0,"31":0.0,"32":0.0,"33":0.0,"34":0.0,"35":0.0,"36":0.0,"37":0.0,"38":0.0,"39":0.0,"40":0.0,"41":0.0,"42":0.0,"43":0.0,"44":0.0,"45":0.0,"46":0.0,"47":0.0,"48":0.0,"49":0.0}}