{"loss":{"0":5.3904314041,"1":3.1533339024,"2":2.6046745777,"3":2.3622806072,"4":2.1755347252,"5":2.1539959908,"6":2.0523045063,"7":1.923255682,"8":1.8700163364,"9":1.841525197,"10":1.8202697039,"11":1.7597197294,"12":1.7139383554,"13":1.6557415724,"14":1.6522119045,"15":1.6164809465,"16":1.6187486649,"17":1.5758490562,"18":1.4944788218,"19":1.520883441,"20":1.4486232996,"21":1.4371465445,"22":1.424431324,"23":1.4133644104,"24":1.4114142656,"25":1.3968095779,"26":1.3623822927,"27":1.3508914709,"28":1.3378093243,"29":1.3191456795,"30":1.3095630407,"31":1.2346535921,"32":1.2406476736,"33":1.2481617928,"34":1.1812217236,"35":1.1744245291,"36":1.1904764175,"37":1.147031188,"38":1.1204309464,"39":1.1187169552,"40":1.0856024027,"41":1.0517865419,"42":1.0769758224,"43":1.0876936913,"44":1.0421490669,"45":1.060177207,"46":1.000448823,"47":1.0057754517,"48":0.9639527202,"49":0.9905999899},"recall":{"0":0.1199432239,"1":0.1142654344,"2":0.1071682051,"3":0.1227821186,"4":0.1206529438,"5":0.1142654344,"6":0.1270404607,"7":0.1540099382,"8":0.1419446468,"9":0.1518807709,"10":0.1305890679,"11":0.1823988706,"12":0.1894960999,"13":0.1965933293,"14":0.2185947448,"15":0.2264017016,"16":0.2086586207,"17":0.2235628068,"18":0.2476934046,"19":0.2462739497,"20":0.2718240023,"21":0.2853087187,"22":0.2696948051,"23":0.2916962504,"24":0.2888573408,"25":0.2817601264,"26":0.3108587563,"27":0.3165365458,"28":0.3243435025,"29":0.3186657131,"30":0.346344918,"31":0.3548616171,"32":0.3534421623,"33":0.3640879989,"34":0.3768630326,"35":0.3804116249,"36":0.3782824576,"37":0.3924769461,"38":0.4166075289,"39":0.4244144857,"40":0.4421575665,"41":0.4421575665,"42":0.4308019876,"43":0.4364797771,"44":0.4520936906,"45":0.4258339107,"46":0.4606103599,"47":0.4733853936,"48":0.4819020629,"49":0.4684173167},"val_loss":{"0":2.0226933956,"1":1.773316741,"2":1.7328504324,"3":1.695876956,"4":1.6790133715,"5":1.6254920959,"6":1.5951200724,"7":1.5902645588,"8":1.5794216394,"9":1.5615570545,"10":1.5091412067,"11":1.5243812799,"12":1.5030442476,"13":1.4861493111,"14":1.4703687429,"15":1.44724226,"16":1.4139108658,"17":1.4185273647,"18":1.3935080767,"19":1.3970792294,"20":1.3797072172,"21":1.3566076756,"22":1.3450477123,"23":1.3481780291,"24":1.3348931074,"25":1.3334919214,"26":1.3166453838,"27":1.3097943068,"28":1.3090715408,"29":1.2935016155,"30":1.2852455378,"31":1.3013734818,"32":1.27254498,"33":1.2814375162,"34":1.2758609056,"35":1.2552185059,"36":1.2656686306,"37":1.2592858076,"38":1.2457247972,"39":1.2423938513,"40":1.2574996948,"41":1.2440998554,"42":1.2378593683,"43":1.2318915129,"44":1.2362343073,"45":1.2313774824,"46":1.226778388,"47":1.2147438526,"48":1.2216899395,"49":1.2398099899},"val_recall":{"0":0.0474308282,"1":0.0632411093,"2":0.0513833985,"3":0.0790513828,"4":0.0790513828,"5":0.0869565234,"6":0.1027667969,"7":0.1146245077,"8":0.0909090936,"9":0.118577078,"10":0.1304347813,"11":0.1304347813,"12":0.1304347813,"13":0.1541502029,"14":0.1501976252,"15":0.1818181872,"16":0.1936758906,"17":0.2173912972,"18":0.237154156,"19":0.2173912972,"20":0.2252964377,"21":0.252964437,"22":0.2608695626,"23":0.2569169998,"24":0.268774718,"25":0.2648221254,"26":0.2727272809,"27":0.2766798437,"28":0.3003952503,"29":0.3083004057,"30":0.3241106868,"31":0.3003952503,"32":0.3359683752,"33":0.3320158124,"34":0.3517786562,"35":0.3320158124,"36":0.3517786562,"37":0.3517786562,"38":0.3715415001,"39":0.3794466257,"40":0.3794466257,"41":0.3675889373,"42":0.3952569067,"43":0.3833992183,"44":0.3913043439,"45":0.3833992183,"46":0.4031620622,"47":0.3992094994,"48":0.4150197506,"49":0.407114625}}