{"loss":{"0":3.571148634,"1":2.0354170799,"2":1.7678338289,"3":1.7015225887,"4":1.5423024893,"5":1.4355379343,"6":1.3780841827,"7":1.3804847002,"8":1.2794026136,"9":1.3313795328,"10":1.1667751074,"11":1.1181813478,"12":1.0031284094,"13":1.0283632278,"14":1.0985203981,"15":0.9352326393,"16":0.8475155234,"17":0.8372002244,"18":0.7561880946,"19":0.6825510263,"20":0.6107613444,"21":0.5696462393,"22":0.5243040323,"23":0.6074740887,"24":0.5063699484,"25":0.4766964316,"26":0.4474365115,"27":0.4913552701,"28":0.5438467264,"29":0.416702956,"30":0.3599103391,"31":0.3551079631,"32":0.2768354118,"33":0.3372946978,"34":0.3096542358,"35":0.2392918319,"36":0.2228561044,"37":0.2283796966,"38":0.188389197,"39":0.1692309231,"40":0.1703767926,"41":0.1542244554,"42":0.1537282318,"43":0.1470570117,"44":0.1245834976,"45":0.1126227528,"46":0.1314671487,"47":0.1193795651,"48":0.0924239233,"49":0.0926603004},"recall":{"0":0.0851667821,"1":0.0809084475,"2":0.129169628,"3":0.1753016263,"4":0.2264017016,"5":0.2704045475,"6":0.3073101342,"7":0.2888573408,"8":0.3356990814,"9":0.3470546603,"10":0.3875088692,"11":0.4222853184,"12":0.4506742358,"13":0.4648686945,"14":0.4471256137,"15":0.5031937361,"16":0.5514549613,"17":0.5649396777,"18":0.6132008433,"19":0.6380411386,"20":0.6806245446,"21":0.7012065053,"22":0.7288857102,"23":0.7054648399,"24":0.7487579584,"25":0.777856648,"26":0.7835344076,"27":0.7821149826,"28":0.7579843998,"29":0.8041163683,"30":0.8261178136,"31":0.8346344829,"32":0.8722498417,"33":0.8403123021,"34":0.8573456407,"35":0.8885734677,"36":0.9063165188,"37":0.9063165188,"38":0.9240596294,"39":0.9375443459,"40":0.926188767,"41":0.9361249208,"42":0.9439318776,"43":0.9467707872,"44":0.9567068815,"45":0.9538679719,"46":0.9524485469,"47":0.9538679719,"48":0.9659332633,"49":0.9645138383},"val_loss":{"0":1.8088504076,"1":1.624584794,"2":1.54386127,"3":1.4640388489,"4":1.4319821596,"5":1.3856716156,"6":1.3714058399,"7":1.3532421589,"8":1.4169751406,"9":1.3555912971,"10":1.389487505,"11":1.2986422777,"12":1.3534288406,"13":1.3199990988,"14":1.3611755371,"15":1.3266621828,"16":1.4275102615,"17":1.3812519312,"18":1.3982611895,"19":1.4359900951,"20":1.4617429972,"21":1.7221298218,"22":1.7511053085,"23":1.6041851044,"24":1.5765359402,"25":1.5934129953,"26":1.7158999443,"27":1.7531499863,"28":1.778157711,"29":1.9594358206,"30":2.2227528095,"31":2.1221592426,"32":2.061453104,"33":2.0790724754,"34":2.3196287155,"35":2.2391200066,"36":2.2957849503,"37":2.3102798462,"38":2.2141842842,"39":2.1985645294,"40":2.4936835766,"41":2.440210104,"42":2.3789079189,"43":2.4314990044,"44":2.7797312737,"45":2.4984288216,"46":2.6727871895,"47":2.5198090076,"48":2.499707222,"49":2.7400989532},"val_recall":{"0":0.0158102773,"1":0.0513833985,"2":0.1501976252,"3":0.169960469,"4":0.2727272809,"5":0.2845849693,"6":0.3122529685,"7":0.3241106868,"8":0.3754940629,"9":0.3280632496,"10":0.3794466257,"11":0.3596837819,"12":0.407114625,"13":0.3636363745,"14":0.4189723432,"15":0.407114625,"16":0.4782608747,"17":0.4584980309,"18":0.4980237186,"19":0.4901185632,"20":0.5217391253,"21":0.5296442509,"22":0.5375494361,"23":0.5454545617,"24":0.5652173758,"25":0.5494071245,"26":0.5375494361,"27":0.5612648129,"28":0.5335968137,"29":0.5494071245,"30":0.5415019989,"31":0.5691699386,"32":0.5652173758,"33":0.5731225014,"34":0.5375494361,"35":0.5652173758,"36":0.5533596873,"37":0.5494071245,"38":0.6047430634,"39":0.5533596873,"40":0.5770751238,"41":0.5810276866,"42":0.5454545617,"43":0.592885375,"44":0.5415019989,"45":0.5810276866,"46":0.5731225014,"47":0.5849802494,"48":0.5691699386,"49":0.5770751238}}