{"loss":{"0":2.7391934395,"1":2.1615791321,"2":2.1013050079,"3":2.0436432362,"4":1.9977372885,"5":1.9641311169,"6":1.9315898418,"7":1.8951823711,"8":1.8583748341,"9":1.8091398478,"10":1.7796407938,"11":1.7294666767,"12":1.7308043242,"13":1.6695019007,"14":1.624511838,"15":1.602825284,"16":1.5824145079,"17":1.5655374527,"18":1.5069043636,"19":1.4725828171,"20":1.436512351,"21":1.405035615,"22":1.3790194988,"23":1.3599703312,"24":1.3205012083,"25":1.295986414,"26":1.3414740562,"27":1.2008248568,"28":1.180326581,"29":1.1454303265,"30":1.0793635845,"31":1.0270045996,"32":1.0109581947,"33":0.9930605292,"34":0.9574132562,"35":0.9379737377,"36":0.9213448763,"37":0.8833758831,"38":0.8342907429,"39":0.8382432461,"40":0.7703484297,"41":0.7844687104,"42":0.7653079033,"43":0.7317183614,"44":0.7090398073,"45":0.7166858315,"46":0.7092069983,"47":0.6860235333,"48":0.6748832464,"49":0.6300646067},"recall":{"0":0.0092264013,"1":0.0049680625,"2":0.009936125,"3":0.0234208666,"4":0.0234208666,"5":0.0390347764,"6":0.0518097952,"7":0.0546486862,"8":0.070262596,"9":0.1085876524,"10":0.1242015585,"11":0.1533002108,"12":0.1689141244,"13":0.1958836019,"14":0.2129169554,"15":0.2228530943,"16":0.2455642372,"17":0.2413058877,"18":0.2732434273,"19":0.2995032072,"20":0.3165365458,"21":0.3165365458,"22":0.3484740853,"23":0.3435060382,"24":0.3569907844,"25":0.3640879989,"26":0.3349893689,"27":0.3953158259,"28":0.3967352808,"29":0.4166075289,"30":0.449254781,"31":0.4677076042,"32":0.4840312302,"33":0.4819020629,"34":0.4939673543,"35":0.5088715553,"36":0.5138396025,"37":0.5393896103,"38":0.5535840988,"39":0.5550035238,"40":0.5777146816,"41":0.5741660595,"42":0.5876508355,"43":0.5926188827,"44":0.6124911308,"45":0.6082327962,"46":0.5990064144,"47":0.6110717058,"48":0.6238467097,"49":0.6508162022},"val_loss":{"0":2.0501914024,"1":1.8746199608,"2":1.8031299114,"3":1.7543519735,"4":1.7363605499,"5":1.6766121387,"6":1.6064982414,"7":1.6067256927,"8":1.5065083504,"9":1.5360219479,"10":1.4697384834,"11":1.4378759861,"12":1.4172713757,"13":1.3740429878,"14":1.3637303114,"15":1.3550111055,"16":1.3811715841,"17":1.3297390938,"18":1.3248975277,"19":1.3192505836,"20":1.3159630299,"21":1.3188464642,"22":1.279940486,"23":1.319026351,"24":1.3070837259,"25":1.2482076883,"26":1.2172576189,"27":1.2351704836,"28":1.277051568,"29":1.2754738331,"30":1.3610481024,"31":1.3059667349,"32":1.5373183489,"33":1.4089208841,"34":1.2303469181,"35":1.2904789448,"36":1.2915463448,"37":1.4020267725,"38":1.4652645588,"39":1.3804098368,"40":1.5148279667,"41":1.3997479677,"42":1.5198197365,"43":1.4174996614,"44":1.4192703962,"45":1.5115095377,"46":1.506193161,"47":1.4936659336,"48":1.530803442,"49":1.5595883131},"val_recall":{"0":0.0,"1":0.0,"2":0.0,"3":0.0,"4":0.0039525693,"5":0.0316205546,"6":0.0395256914,"7":0.0395256914,"8":0.1304347813,"9":0.2648221254,"10":0.169960469,"11":0.2450592816,"12":0.2490118593,"13":0.3083004057,"14":0.2924901247,"15":0.3675889373,"16":0.3873517811,"17":0.2885375619,"18":0.3913043439,"19":0.3043478131,"20":0.3675889373,"21":0.4031620622,"22":0.3517786562,"23":0.3833992183,"24":0.407114625,"25":0.3873517811,"26":0.4505928755,"27":0.4150197506,"28":0.4031620622,"29":0.4980237186,"30":0.4466403127,"31":0.4743083119,"32":0.5138339996,"33":0.505928874,"34":0.4980237186,"35":0.5177865624,"36":0.5494071245,"37":0.5138339996,"38":0.5454545617,"39":0.5573122501,"40":0.5375494361,"41":0.5415019989,"42":0.5849802494,"43":0.5138339996,"44":0.5177865624,"45":0.5573122501,"46":0.5652173758,"47":0.5019763112,"48":0.5849802494,"49":0.5810276866}}