{"loss":{"0":3.3298406601,"1":1.9354088306,"2":1.7115147114,"3":1.6374331713,"4":1.4961242676,"5":1.3906853199,"6":1.3329050541,"7":1.4824225903,"8":1.4007513523,"9":1.2608669996,"10":1.1830608845,"11":1.1102454662,"12":1.0334317684,"13":1.0005797148,"14":1.1435796022,"15":0.9669983983,"16":0.8744668365,"17":0.8773304224,"18":0.7644199133,"19":0.7152633071,"20":0.6777888536,"21":0.5738157034,"22":0.5371682048,"23":0.5040171742,"24":0.4437651336,"25":0.4952328503,"26":0.4846753776,"27":0.5585517287,"28":0.5047315359,"29":0.4038502276,"30":0.3942334354,"31":0.4116192758,"32":0.3471963108,"33":0.6922112107,"34":0.6260960102,"35":0.4962379634,"36":0.3705254495,"37":0.4843851328,"38":0.3928900063,"39":0.3281977773,"40":0.2649878263,"41":0.2303812206,"42":0.2267430276,"43":0.3464658856,"44":0.2572052181,"45":0.3256948292,"46":0.3616583645,"47":0.3456761539,"48":0.2341420501,"49":0.184613809},"recall":{"0":0.0667139813,"1":0.0837473422,"2":0.1199432239,"3":0.1667849571,"4":0.194464162,"5":0.2533711791,"6":0.2888573408,"7":0.2618878782,"8":0.2853087187,"9":0.374024123,"10":0.3974449933,"11":0.4173172414,"12":0.4698367715,"13":0.491838187,"14":0.454222858,"15":0.514549315,"16":0.5564230084,"17":0.5684882998,"18":0.5990064144,"19":0.6316536665,"20":0.6579133868,"21":0.6997870803,"22":0.7125620842,"23":0.7437899113,"24":0.779276073,"25":0.7735983133,"26":0.7586941123,"27":0.7558552027,"28":0.7870830297,"29":0.7991483212,"30":0.8254081011,"31":0.8204400539,"32":0.8466997743,"33":0.7409510016,"34":0.7125620842,"35":0.7636621594,"36":0.8133428097,"37":0.7842441201,"38":0.8097941875,"39":0.8495386839,"40":0.8729595542,"41":0.8928318024,"42":0.898509562,"43":0.8594747782,"44":0.880766511,"45":0.8658623099,"46":0.8459900618,"47":0.8552164435,"48":0.9006387591,"49":0.9148331881},"val_loss":{"0":1.7520776987,"1":1.6970821619,"2":1.4271637201,"3":1.4662857056,"4":1.4085025787,"5":1.5801889896,"6":2.4106709957,"7":1.4906281233,"8":1.5249633789,"9":1.3978021145,"10":1.3987451792,"11":1.4884001017,"12":1.4298943281,"13":1.5537070036,"14":1.4843146801,"15":1.3871275187,"16":1.6539707184,"17":1.536231637,"18":1.6239438057,"19":1.7776502371,"20":1.7934583426,"21":1.6661119461,"22":1.9307618141,"23":2.1556613445,"24":2.0152773857,"25":1.7692203522,"26":1.9756463766,"27":1.970023632,"28":2.1737723351,"29":2.3799262047,"30":2.1087954044,"31":2.2902052402,"32":2.3443236351,"33":2.5371379852,"34":2.001455307,"35":2.1725354195,"36":2.6025075912,"37":2.1282336712,"38":2.392595768,"39":2.6078486443,"40":2.5858798027,"41":2.8531794548,"42":3.0162467957,"43":2.9920554161,"44":2.4898204803,"45":2.7403850555,"46":2.8065798283,"47":2.7149572372,"48":2.8637778759,"49":2.8529443741},"val_recall":{"0":0.0632411093,"1":0.0553359687,"2":0.252964437,"3":0.2015810311,"4":0.2885375619,"5":0.3833992183,"6":0.3478260934,"7":0.3636363745,"8":0.3478260934,"9":0.3596837819,"10":0.3754940629,"11":0.4624505937,"12":0.4624505937,"13":0.422924906,"14":0.3952569067,"15":0.4308300316,"16":0.422924906,"17":0.4505928755,"18":0.5296442509,"19":0.4743083119,"20":0.5296442509,"21":0.4980237186,"22":0.5019763112,"23":0.4980237186,"24":0.5454545617,"25":0.4980237186,"26":0.4861660004,"27":0.4822134376,"28":0.5217391253,"29":0.4980237186,"30":0.5454545617,"31":0.5296442509,"32":0.5217391253,"33":0.5098814368,"34":0.5098814368,"35":0.5019763112,"36":0.5296442509,"37":0.5296442509,"38":0.5256916881,"39":0.5375494361,"40":0.5612648129,"41":0.5415019989,"42":0.5177865624,"43":0.505928874,"44":0.5454545617,"45":0.5138339996,"46":0.5177865624,"47":0.5256916881,"48":0.5691699386,"49":0.5652173758}}