{"loss":{"0":37.3048171997,"1":2.3279819489,"2":2.3300666809,"3":2.2496643066,"4":2.2780542374,"5":3.0146768093,"6":2.2394914627,"7":2.192211628,"8":2.2063753605,"9":2.198292017,"10":2.1782770157,"11":2.1712861061,"12":2.1667597294,"13":2.1945741177,"14":2.2262024879,"15":2.1639368534,"16":2.1673870087,"17":2.1682193279,"18":2.1976230145,"19":2.1559090614,"20":2.1606051922,"21":2.1567661762,"22":2.1566181183,"23":2.1682286263,"24":2.156011343,"25":2.1556346416,"26":2.1576967239,"27":2.166503191,"28":2.7280523777,"29":2.2337443829,"30":2.448381424,"31":2.3554806709,"32":2.2134635448,"33":2.2985732555,"34":2.1785438061,"35":2.1546180248,"36":2.1545350552,"37":2.1545591354,"38":2.175750494,"39":2.1585452557,"40":2.2128691673,"41":2.1543691158,"42":2.1557359695,"43":2.1544251442,"44":2.1544411182,"45":2.1540272236,"46":2.1544115543,"47":2.1572756767,"48":2.1989748478,"49":2.1592547894},"recall":{"0":0.0532292388,"1":0.0021291696,"2":0.0007097232,"3":0.0007097232,"4":0.0,"5":0.0021291696,"6":0.0014194464,"7":0.0007097232,"8":0.0,"9":0.0007097232,"10":0.0,"11":0.0007097232,"12":0.0,"13":0.0,"14":0.0007097232,"15":0.0007097232,"16":0.0007097232,"17":0.0,"18":0.0,"19":0.0007097232,"20":0.0007097232,"21":0.0,"22":0.0,"23":0.0,"24":0.0,"25":0.0,"26":0.0,"27":0.0,"28":0.0007097232,"29":0.0014194464,"30":0.0,"31":0.0,"32":0.0007097232,"33":0.0,"34":0.0007097232,"35":0.0,"36":0.0,"37":0.0,"38":0.0,"39":0.0,"40":0.0,"41":0.0,"42":0.0,"43":0.0,"44":0.0,"45":0.0,"46":0.0,"47":0.0,"48":0.0,"49":0.0},"val_loss":{"0":2.2739400864,"1":2.2285175323,"2":2.1894555092,"3":2.1553375721,"4":2.127215147,"5":2.1007750034,"6":2.0810863972,"7":2.0627567768,"8":2.0461916924,"9":2.0316460133,"10":2.0190153122,"11":2.0090777874,"12":2.0005457401,"13":1.9931063652,"14":1.9881212711,"15":1.9816315174,"16":1.9762690067,"17":1.9721138477,"18":1.9685162306,"19":1.9647065401,"20":1.9626053572,"21":1.9594814777,"22":1.9581955671,"23":1.9566578865,"24":1.9552048445,"25":1.9534560442,"26":1.9509381056,"27":1.9499996901,"28":1.9494839907,"29":1.947494626,"30":1.9466539621,"31":1.9456758499,"32":1.9444459677,"33":1.9451442957,"34":1.94414711,"35":1.9435395002,"36":1.9430037737,"37":1.9431654215,"38":1.9423331022,"39":1.9428035021,"40":1.9418983459,"41":1.9409475327,"42":1.9409316778,"43":1.9410419464,"44":1.9418160915,"45":1.9427059889,"46":1.943734169,"47":1.9432344437,"48":1.9419362545,"49":1.9433766603},"val_recall":{"0":0.0,"1":0.0,"2":0.0,"3":0.0,"4":0.0,"5":0.0,"6":0.0,"7":0.0,"8":0.0,"9":0.0,"10":0.0,"11":0.0,"12":0.0,"13":0.0,"14":0.0,"15":0.0,"16":0.0,"17":0.0,"18":0.0,"19":0.0,"20":0.0,"21":0.0,"22":0.0,"23":0.0,"24":0.0,"25":0.0,"26":0.0,"27":0.0,"28":0.0,"29":0.0,"30":0.0,"31":0.0,"32":0.0,"33":0.0,"34":0.0,"35":0.0,"36":0.0,"37":0.0,"38":0.0,"39":0.0,"40":0.0,"41":0.0,"42":0.0,"43":0.0,"44":0.0,"45":0.0,"46":0.0,"47":0.0,"48":0.0,"49":0.0}}