{"loss":{"0":76.9872665405,"1":2.2764880657,"2":2.2479767799,"3":2.2297253609,"4":2.216909647,"5":2.1991951466,"6":2.1977105141,"7":2.1877536774,"8":2.1845161915,"9":2.1792869568,"10":2.1735272408,"11":2.1746971607,"12":2.1758918762,"13":2.1703090668,"14":2.1699125767,"15":2.1707446575,"16":2.1641623974,"17":2.1672062874,"18":2.1654436588,"19":2.1701312065,"20":2.1658141613,"21":2.1645040512,"22":2.1632063389,"23":2.159522295,"24":2.1607880592,"25":2.1620018482,"26":2.1615166664,"27":2.1610674858,"28":2.163018465,"29":2.1573188305,"30":2.1594562531,"31":2.1613144875,"32":2.1546850204,"33":2.1614470482,"34":2.1582000256,"35":2.1606225967,"36":2.1543068886,"37":2.1567246914,"38":2.1602890491,"39":2.1575210094,"40":2.1620824337,"41":2.1550724506,"42":2.1592760086,"43":2.1590454578,"44":2.1573979855,"45":2.1639647484,"46":2.1580498219,"47":2.1613430977,"48":2.1574304104,"49":2.1587431431},"recall":{"0":0.0461320095,"1":0.0,"2":0.0,"3":0.0,"4":0.0,"5":0.0,"6":0.0,"7":0.0,"8":0.0,"9":0.0,"10":0.0,"11":0.0,"12":0.0,"13":0.0,"14":0.0,"15":0.0,"16":0.0,"17":0.0,"18":0.0,"19":0.0,"20":0.0,"21":0.0,"22":0.0,"23":0.0,"24":0.0,"25":0.0,"26":0.0,"27":0.0,"28":0.0,"29":0.0,"30":0.0,"31":0.0,"32":0.0,"33":0.0,"34":0.0,"35":0.0,"36":0.0,"37":0.0,"38":0.0,"39":0.0,"40":0.0,"41":0.0,"42":0.0,"43":0.0,"44":0.0,"45":0.0,"46":0.0,"47":0.0,"48":0.0,"49":0.0},"val_loss":{"0":2.2806072235,"1":2.2130668163,"2":2.153496027,"3":2.1175661087,"4":2.0876677036,"5":2.0612697601,"6":2.0452749729,"7":2.0260021687,"8":2.0102152824,"9":1.9979556799,"10":1.9906740189,"11":1.9944217205,"12":1.987429142,"13":1.9766727686,"14":1.9748897552,"15":1.9680019617,"16":1.969831109,"17":1.967926383,"18":1.9650490284,"19":1.9632444382,"20":1.9652725458,"21":1.9619702101,"22":1.9633257389,"23":1.9545285702,"24":1.9527363777,"25":1.9494770765,"26":1.9475808144,"27":1.9553428888,"28":1.9528536797,"29":1.9545208216,"30":1.9527962208,"31":1.9550229311,"32":1.953668952,"33":1.9518100023,"34":1.9512876272,"35":1.9495136738,"36":1.9502739906,"37":1.9502886534,"38":1.9458578825,"39":1.9472688437,"40":1.9474169016,"41":1.9461065531,"42":1.9510917664,"43":1.9554747343,"44":1.9521272182,"45":1.9569926262,"46":1.9544248581,"47":1.9516612291,"48":1.9527568817,"49":1.9535050392},"val_recall":{"0":0.0,"1":0.0,"2":0.0,"3":0.0,"4":0.0,"5":0.0,"6":0.0,"7":0.0,"8":0.0,"9":0.0,"10":0.0,"11":0.0,"12":0.0,"13":0.0,"14":0.0,"15":0.0,"16":0.0,"17":0.0,"18":0.0,"19":0.0,"20":0.0,"21":0.0,"22":0.0,"23":0.0,"24":0.0,"25":0.0,"26":0.0,"27":0.0,"28":0.0,"29":0.0,"30":0.0,"31":0.0,"32":0.0,"33":0.0,"34":0.0,"35":0.0,"36":0.0,"37":0.0,"38":0.0,"39":0.0,"40":0.0,"41":0.0,"42":0.0,"43":0.0,"44":0.0,"45":0.0,"46":0.0,"47":0.0,"48":0.0,"49":0.0}}