{"loss":{"0":5.7559022903,"1":3.6253354549,"2":3.0480473042,"3":2.5254006386,"4":2.3678925037,"5":2.2587907314,"6":2.1317918301,"7":2.0173032284,"8":1.9685713053,"9":1.9465503693,"10":1.9031296968,"11":1.8370963335,"12":1.781840682,"13":1.7735196352,"14":1.6902432442,"15":1.7293038368,"16":1.6636453867,"17":1.5654284954,"18":1.5873869658,"19":1.5627667904,"20":1.5722898245,"21":1.5014919043,"22":1.5468490124,"23":1.5079897642,"24":1.44181633,"25":1.4414536953,"26":1.42955935,"27":1.453015089,"28":1.4092512131,"29":1.4103444815,"30":1.3892992735,"31":1.3456909657,"32":1.3861905336,"33":1.3500750065,"34":1.3810722828,"35":1.3342052698,"36":1.2925635576,"37":1.2954933643,"38":1.294123292,"39":1.2617396116,"40":1.2592166662,"41":1.2233885527,"42":1.2227789164,"43":1.2331124544,"44":1.2179812193,"45":1.2236008644,"46":1.1807507277,"47":1.1925762892,"48":1.1948302984,"49":1.156494379},"recall":{"0":0.1433640867,"1":0.156848833,"2":0.161816895,"3":0.1887863725,"4":0.178140521,"5":0.194464162,"6":0.1866572052,"7":0.1909155399,"8":0.1887863725,"9":0.1795599759,"10":0.1894960999,"11":0.2022711188,"12":0.1965933293,"13":0.2129169554,"14":0.2185947448,"15":0.2157558501,"16":0.2129169554,"17":0.243435055,"18":0.2448545098,"19":0.2633073032,"20":0.2618878782,"21":0.2775017619,"22":0.2625975907,"23":0.27111426,"24":0.2611781359,"25":0.2718240023,"26":0.286018461,"27":0.2604684234,"28":0.2760823369,"29":0.286018461,"30":0.2817601264,"31":0.3207948804,"32":0.3066004217,"33":0.3066004217,"34":0.3115684986,"35":0.3229240477,"36":0.3435060382,"37":0.3215046227,"38":0.3307310045,"39":0.3470546603,"40":0.351312995,"41":0.3562810421,"42":0.3662171662,"43":0.3598296642,"44":0.3853797019,"45":0.3683463335,"46":0.3775727451,"47":0.3754435778,"48":0.3690560758,"49":0.3875088692},"val_loss":{"0":1.885242939,"1":1.6773487329,"2":1.5780323744,"3":1.5756334066,"4":1.5059806108,"5":1.5146892071,"6":1.4880203009,"7":1.4909328222,"8":1.4781060219,"9":1.4652431011,"10":1.4506006241,"11":1.4212466478,"12":1.4113762379,"13":1.4110069275,"14":1.3941863775,"15":1.382332325,"16":1.3702477217,"17":1.3460873365,"18":1.3362525702,"19":1.3327870369,"20":1.3086900711,"21":1.3019160032,"22":1.2882220745,"23":1.2986183167,"24":1.2971307039,"25":1.2868236303,"26":1.2702680826,"27":1.2676907778,"28":1.2616336346,"29":1.259832263,"30":1.251080513,"31":1.2496740818,"32":1.233115077,"33":1.2253406048,"34":1.2266939878,"35":1.2227929831,"36":1.2121030092,"37":1.2134747505,"38":1.2122830153,"39":1.1968822479,"40":1.1919218302,"41":1.1911118031,"42":1.1744850874,"43":1.1714179516,"44":1.1785174608,"45":1.1708972454,"46":1.1606572866,"47":1.1570006609,"48":1.1602724791,"49":1.1473157406},"val_recall":{"0":0.2252964377,"1":0.1264822185,"2":0.118577078,"3":0.0948616564,"4":0.1027667969,"5":0.0790513828,"6":0.0750988126,"7":0.0632411093,"8":0.0513833985,"9":0.0632411093,"10":0.0790513828,"11":0.0830039531,"12":0.0909090936,"13":0.0948616564,"14":0.1067193672,"15":0.134387359,"16":0.1225296408,"17":0.1620553434,"18":0.1541502029,"19":0.1541502029,"20":0.1581027657,"21":0.18577075,"22":0.2094861716,"23":0.1897233129,"24":0.1976284534,"25":0.1976284534,"26":0.2213438749,"27":0.2134387344,"28":0.2173912972,"29":0.2173912972,"30":0.2332015783,"31":0.2450592816,"32":0.2490118593,"33":0.2766798437,"34":0.252964437,"35":0.2608695626,"36":0.2766798437,"37":0.2648221254,"38":0.2806324065,"39":0.2964426875,"40":0.3043478131,"41":0.3003952503,"42":0.3162055314,"43":0.3003952503,"44":0.3043478131,"45":0.3083004057,"46":0.3122529685,"47":0.3241106868,"48":0.2964426875,"49":0.3241106868}}