{"loss":{"0":3.2049028873,"1":1.9579672813,"2":1.7576879263,"3":1.5740709305,"4":1.476444006,"5":1.3680512905,"6":1.296680212,"7":1.2638517618,"8":1.1547731161,"9":1.0998146534,"10":1.0059702396,"11":0.9651987553,"12":0.9135631919,"13":0.8474738598,"14":0.7919239998,"15":0.712898314,"16":0.6772915125,"17":0.5895943046,"18":0.5565894246,"19":0.4952339828,"20":0.4642091095,"21":0.3965716064,"22":0.3868645728,"23":0.333126694,"24":0.2986454666,"25":0.2764778137,"26":0.2423538268,"27":0.253723681,"28":0.1994939744,"29":0.1870525032,"30":0.1869280487,"31":0.177754879,"32":0.1684699059,"33":0.1496035755,"34":0.1311221123,"35":0.1310814321,"36":0.1145919934,"37":0.1215458065,"38":0.25674209,"39":0.1424058974,"40":0.1355551183,"41":0.1241194755,"42":0.1166874766,"43":0.0871266425,"44":0.0912218839,"45":0.0788177624,"46":0.0904685929,"47":0.085501045,"48":0.0862769037,"49":0.0720640793},"recall":{"0":0.065294534,"1":0.0809084475,"2":0.1178140491,"3":0.1795599759,"4":0.232079491,"5":0.2725337148,"6":0.3037615418,"7":0.3335699141,"8":0.3775727451,"9":0.4322214425,"10":0.4726756513,"11":0.4932576418,"12":0.5074520707,"13":0.5592618585,"14":0.5904896855,"15":0.632363379,"16":0.6508162022,"17":0.7040454149,"18":0.7196593285,"19":0.7672107816,"20":0.7686302066,"21":0.8168914318,"22":0.8168914318,"23":0.8410220146,"24":0.8651525974,"25":0.8772178888,"26":0.9006387591,"27":0.8850248456,"28":0.9190915823,"29":0.9283179641,"30":0.9169623852,"31":0.9276082516,"32":0.9332860112,"33":0.9446415901,"34":0.9510291219,"35":0.9496096373,"36":0.9595457911,"37":0.9538679719,"38":0.9105748534,"39":0.941092968,"40":0.9503193498,"41":0.9488999248,"42":0.9595457911,"43":0.9630944133,"44":0.9652235508,"45":0.9638041258,"46":0.9623846412,"47":0.9659332633,"48":0.9673527479,"49":0.9659332633},"val_loss":{"0":1.7918736935,"1":1.5876255035,"2":1.4738888741,"3":1.3597183228,"4":1.2913709879,"5":1.2787224054,"6":1.2222247124,"7":1.2830007076,"8":1.2398303747,"9":1.2061729431,"10":1.1786084175,"11":1.1797821522,"12":1.3244001865,"13":1.228700757,"14":1.4219286442,"15":1.397364378,"16":1.293400526,"17":1.4354240894,"18":1.407071352,"19":1.6605571508,"20":1.5678627491,"21":1.757101059,"22":1.4776616096,"23":1.6936793327,"24":1.7723054886,"25":1.6751471758,"26":2.0344984531,"27":1.7744189501,"28":2.1909821033,"29":2.0763137341,"30":1.9274861813,"31":2.1833167076,"32":1.9851944447,"33":2.117759943,"34":2.1593325138,"35":2.142500639,"36":2.2378985882,"37":2.4706375599,"38":2.0712368488,"39":2.042069912,"40":2.3195273876,"41":2.3409128189,"42":2.2254951,"43":2.2132332325,"44":2.3359484673,"45":2.264819622,"46":2.4915983677,"47":2.2763981819,"48":2.4058215618,"49":2.5142359734},"val_recall":{"0":0.0158102773,"1":0.0553359687,"2":0.1264822185,"3":0.2213438749,"4":0.252964437,"5":0.2648221254,"6":0.3162055314,"7":0.3596837819,"8":0.3715415001,"9":0.3754940629,"10":0.4545454681,"11":0.3992094994,"12":0.4624505937,"13":0.4387351871,"14":0.4940711558,"15":0.4743083119,"16":0.5098814368,"17":0.5454545617,"18":0.5612648129,"19":0.5652173758,"20":0.5731225014,"21":0.5691699386,"22":0.5573122501,"23":0.5415019989,"24":0.5889328122,"25":0.592885375,"26":0.5849802494,"27":0.5731225014,"28":0.5652173758,"29":0.5415019989,"30":0.5968379378,"31":0.5691699386,"32":0.5889328122,"33":0.5770751238,"34":0.5770751238,"35":0.5454545617,"36":0.5731225014,"37":0.5731225014,"38":0.5770751238,"39":0.5731225014,"40":0.5770751238,"41":0.5849802494,"42":0.6007905006,"43":0.5652173758,"44":0.5770751238,"45":0.592885375,"46":0.5612648129,"47":0.5691699386,"48":0.592885375,"49":0.5770751238}}