{"loss":{"0":7.6637015343,"1":2.3004262447,"2":2.2965180874,"3":2.2927260399,"4":2.2890675068,"5":2.2856485844,"6":2.2821950912,"7":2.2788038254,"8":2.2754759789,"9":2.2724821568,"10":2.2693555355,"11":2.2663755417,"12":2.2629094124,"13":2.2604672909,"14":2.2572231293,"15":2.2549152374,"16":2.2519731522,"17":2.2497718334,"18":2.2467758656,"19":2.2443287373,"20":2.2409479618,"21":2.2382974625,"22":2.236161232,"23":2.2349390984,"24":2.2327260971,"25":2.2305035591,"26":2.2278811932,"27":2.2259807587,"28":2.2224450111,"29":2.2217240334,"30":2.2202062607,"31":2.2182099819,"32":2.2161128521,"33":2.2153046131,"34":2.2122936249,"35":2.2097260952,"36":2.2089149952,"37":2.2067406178,"38":2.2044763565,"39":2.2050042152,"40":2.2023813725,"41":2.1988830566,"42":2.2006642818,"43":2.1978707314,"44":2.197968483,"45":2.1981775761,"46":2.1930587292,"47":2.1932470798,"48":2.1937115192,"49":2.190479517},"recall":{"0":0.0305180978,"1":0.0,"2":0.0,"3":0.0,"4":0.0,"5":0.0,"6":0.0,"7":0.0,"8":0.0,"9":0.0,"10":0.0,"11":0.0,"12":0.0,"13":0.0,"14":0.0,"15":0.0,"16":0.0,"17":0.0,"18":0.0,"19":0.0,"20":0.0,"21":0.0,"22":0.0,"23":0.0,"24":0.0,"25":0.0,"26":0.0,"27":0.0,"28":0.0,"29":0.0,"30":0.0,"31":0.0,"32":0.0,"33":0.0,"34":0.0,"35":0.0,"36":0.0,"37":0.0,"38":0.0,"39":0.0,"40":0.0,"41":0.0,"42":0.0,"43":0.0,"44":0.0,"45":0.0,"46":0.0,"47":0.0,"48":0.0,"49":0.0},"val_loss":{"0":2.2145895958,"1":2.294549942,"2":2.288248539,"3":2.2812047005,"4":2.2744216919,"5":2.2678904533,"6":2.2619054317,"7":2.2554931641,"8":2.2497644424,"9":2.243629694,"10":2.2376317978,"11":2.2323031425,"12":2.2264649868,"13":2.2206437588,"14":2.2156248093,"15":2.2103705406,"16":2.2048387527,"17":2.1993982792,"18":2.1941308975,"19":2.1889822483,"20":2.183634758,"21":2.1791245937,"22":2.1745865345,"23":2.1697912216,"24":2.1649696827,"25":2.1602039337,"26":2.1553308964,"27":2.1507501602,"28":2.1463620663,"29":2.1423239708,"30":2.1379783154,"31":2.1342611313,"32":2.1299803257,"33":2.1259510517,"34":2.1222681999,"35":2.118273735,"36":2.1149091721,"37":2.1108589172,"38":2.1074357033,"39":2.1036741734,"40":2.1003978252,"41":2.0965971947,"42":2.0934693813,"43":2.0904893875,"44":2.0873632431,"45":2.084218502,"46":2.080647707,"47":2.0773289204,"48":2.0740911961,"49":2.0709896088},"val_recall":{"0":0.0,"1":0.0,"2":0.0,"3":0.0,"4":0.0,"5":0.0,"6":0.0,"7":0.0,"8":0.0,"9":0.0,"10":0.0,"11":0.0,"12":0.0,"13":0.0,"14":0.0,"15":0.0,"16":0.0,"17":0.0,"18":0.0,"19":0.0,"20":0.0,"21":0.0,"22":0.0,"23":0.0,"24":0.0,"25":0.0,"26":0.0,"27":0.0,"28":0.0,"29":0.0,"30":0.0,"31":0.0,"32":0.0,"33":0.0,"34":0.0,"35":0.0,"36":0.0,"37":0.0,"38":0.0,"39":0.0,"40":0.0,"41":0.0,"42":0.0,"43":0.0,"44":0.0,"45":0.0,"46":0.0,"47":0.0,"48":0.0,"49":0.0}}